# nom	categorie	source — genere par tools/generer_index_hpcf.py
1Custom SA02	711 in-ear	crinacle
1Custom SA03	711 in-ear	crinacle
1Custom SA05	711 in-ear	crinacle
1MORE Aero (ANC Off)	GRAS RA0045 in-ear	HypetheSonics
1MORE Aero (ANC On)	GRAS RA0045 in-ear	HypetheSonics
1MORE Aero (transparency mode)	GRAS RA0045 in-ear	HypetheSonics
1MORE ComfoBuds Mini	in-ear	DHRME
1MORE Crystal Piston	in-ear	Innerfidelity
1MORE Dual Driver	711 in-ear	crinacle
1MORE EVO	GRAS RA0045 in-ear	HypetheSonics
1MORE Fit Open Earbuds S50	GRAS RA0045 in-ear	HypetheSonics
1MORE Fit Open Earbuds S50	in-ear	Regan Cipher
1MORE Fit SE S30	GRAS RA0045 in-ear	HypetheSonics
1MORE MK801	GRAS 43AG-7 over-ear	crinacle
1MORE MK801	over-ear	Innerfidelity
1MORE Multi Unit Earphones	in-ear	Innerfidelity
1MORE Omthing Airfree 2	in-ear	Regan Cipher
1MORE Penta Driver	GRAS RA0045 in-ear	HypetheSonics
1MORE Piston	711 in-ear	crinacle
1MORE Piston Classic	HMS II.3 in-ear	Rtings
1MORE Piston Fit	HMS II.3 in-ear	Rtings
1MORE PistonBuds Pro	GRAS RA0045 in-ear	HypetheSonics
1MORE PistonBuds Pro Q30	in-ear	Regan Cipher
1MORE Quad Driver	711 in-ear	crinacle
1MORE Quad Driver	Bruel & Kjaer 5128 in-ear	HypetheSonics
1MORE Quad Driver	in-ear	oratory1990
1MORE Quad Driver	HMS II.3 in-ear	Rtings
1MORE Single Driver	711 in-ear	crinacle
1MORE Single Driver	in-ear	oratory1990
1MORE SonoFlow	over-ear	oratory1990
1MORE Stylish	711 in-ear	crinacle
1MORE Triple Driver	711 in-ear	crinacle
1MORE Triple Driver	Bruel & Kjaer 5128 in-ear	HypetheSonics
1MORE Triple Driver	in-ear	Innerfidelity
1MORE Triple Driver	HMS II.3 in-ear	Rtings
1MORE Triple Driver LTNG	in-ear	oratory1990
1MORE Triple Driver Over Ear	over-ear	Innerfidelity
1MORE Triple Driver Over Ear	over-ear	oratory1990
1MORE Voice of China	in-ear	Innerfidelity
634ears MIROAK-II	in-ear	Super Review
64 Audio A12t	711 in-ear	crinacle
64 Audio A12t (CIEM)	711 in-ear	crinacle
64 Audio A12t (m15 Apex module)	in-ear	freeryder05
64 Audio A12t (m15 Apex module)	in-ear	oratory1990
64 Audio A12t (m15 Apex module)	in-ear	Super Review
64 Audio A12t (m20 Apex module)	in-ear	freeryder05
64 Audio A12t (m20 Apex module)	in-ear	oratory1990
64 Audio A12t (m20 Apex module)	in-ear	Super Review
64 Audio A12t (mX Apex module)	in-ear	freeryder05
64 Audio A12t (mX Apex module)	in-ear	Super Review
64 Audio A18s (CIEM)	711 in-ear	crinacle
64 Audio A2e	711 in-ear	crinacle
64 Audio A4t	711 in-ear	crinacle
64 Audio A6	711 in-ear	crinacle
64 Audio A6t	711 in-ear	crinacle
64 Audio A6t (m20 Apex module)	711 in-ear	crinacle
64 Audio Aspire 1	in-ear	Super Review
64 Audio Aspire 2	in-ear	Super Review
64 Audio Aspire 3	in-ear	Super Review
64 Audio Aspire 4	in-ear	Super Review
64 Audio Duo	711 in-ear	crinacle
64 Audio Duo	in-ear	Kazi
64 Audio Duo	in-ear	Super Review
64 Audio Fourte Blanc	in-ear	Super Review
64 Audio N8  (CIEM)	711 in-ear	crinacle
64 Audio N8  (m15 Apex module)	711 in-ear	crinacle
64 Audio N8  (m15 Apex module)	in-ear	freeryder05
64 Audio N8 (CIEM, m15 Apex module)	711 in-ear	crinacle
64 Audio N8 (CIEM, m20 Apex module)	711 in-ear	crinacle
64 Audio N8 (dd disabled)	711 in-ear	crinacle
64 Audio N8 (m2 Apex module)	in-ear	freeryder05
64 Audio N8 (m20 Apex module, modded)	711 in-ear	crinacle
64 Audio N8 (modded)	711 in-ear	crinacle
64 Audio N8 (MX Apex module)	in-ear	freeryder05
64 Audio N8 (vent blocked)	711 in-ear	crinacle
64 Audio N8t (m15 Apex module)	711 in-ear	crinacle
64 Audio Nio (Fir Audio black module)	in-ear	Super Review
64 Audio Nio (Fir Audio red module)	in-ear	Super Review
64 Audio Nio (m12 Apex module)	in-ear	Super Review
64 Audio Nio (m15 Apex module)	711 in-ear	crinacle
64 Audio Nio (m15 Apex module)	GRAS RA0045 in-ear	HypetheSonics
64 Audio Nio (m15 Apex module)	in-ear	Super Review
64 Audio Nio (m20 Apex module)	711 in-ear	crinacle
64 Audio Nio (m20 Apex module)	Bruel & Kjaer 4620 in-ear	crinacle
64 Audio Nio (m20 Apex module)	GRAS RA0045 in-ear	HypetheSonics
64 Audio Nio (m20 Apex module)	in-ear	Super Review
64 Audio Nio (mX Apex module)	711 in-ear	crinacle
64 Audio Nio (mX Apex module)	GRAS RA0045 in-ear	HypetheSonics
64 Audio Nio (mX Apex module)	in-ear	Super Review
64 Audio Solo	in-ear	Jaytiss
64 Audio Solo	in-ear	Super Review
64 Audio Tia Fourte	711 in-ear	crinacle
64 Audio Tia Fourte	GRAS RA0045 in-ear	HypetheSonics
64 Audio Tia Fourte	in-ear	Super Review
64 Audio Tia Fourte Noir	711 in-ear	crinacle
64 Audio Tia Fourte Noir	GRAS RA0045 in-ear	HypetheSonics
64 Audio Tia Trio	711 in-ear	crinacle
64 Audio Tia Trio	in-ear	Harpo
64 Audio Tia Trio	in-ear	Kazi
64 Audio Tia Trio	in-ear	Super Review
64 Audio U12t	711 in-ear	crinacle
64 Audio U12t	in-ear	Kazi
64 Audio U12t (Fir Audio red module)	in-ear	Super Review
64 Audio U12t (m12 Apex module)	in-ear	Super Review
64 Audio U12t (m15 Apex module)	GRAS RA0045 in-ear	HypetheSonics
64 Audio U12t (m15 Apex module)	in-ear	Super Review
64 Audio U12t (m15 Apex module)	in-ear	ToneDeafMonk
64 Audio U12t (m20 Apex module)	GRAS RA0045 in-ear	HypetheSonics
64 Audio U12t (m20 Apex module)	in-ear	Super Review
64 Audio U12t (m20 Apex module)	in-ear	ToneDeafMonk
64 Audio U12t (mX Apex module)	GRAS RA0045 in-ear	HypetheSonics
64 Audio U12t (mX Apex module)	in-ear	Super Review
64 Audio U12t (mX Apex module)	in-ear	ToneDeafMonk
64 Audio U18S	711 in-ear	crinacle
64 Audio U18s (m20 Apex module)	in-ear	Super Review
64 Audio U18t	711 in-ear	crinacle
64 Audio U18t	GRAS RA0045 in-ear	HypetheSonics
64 Audio U18t (2014)	711 in-ear	crinacle
64 Audio U18t (2017)	711 in-ear	crinacle
64 Audio U18t (m15 Apex module)	in-ear	Super Review
64 Audio U18t (m20 apex module)	711 in-ear	crinacle
64 Audio U18t (m20 Apex module)	in-ear	Super Review
64 Audio U18t (mX Apex module)	in-ear	Super Review
64 Audio U4S (Fir Audio black module)	in-ear	Super Review
64 Audio U4S (Fir Audio red module)	in-ear	Super Review
64 Audio U4S (m12 Apex module)	in-ear	freeryder05
64 Audio U4S (m12 Apex module)	in-ear	Jaytiss
64 Audio U4S (m12 Apex module)	in-ear	Super Review
64 Audio U4S (m15 Apex module)	in-ear	freeryder05
64 Audio U4S (m15 Apex module)	in-ear	Super Review
64 Audio U4S (m20 Apex module)	in-ear	freeryder05
64 Audio U4S (m20 Apex module)	in-ear	Super Review
64 Audio U4S (mX Apex module)	in-ear	freeryder05
64 Audio U4S (mX Apex module)	in-ear	Super Review
64 Audio U6t (m15 Apex module)	in-ear	Jaytiss
64 Audio U6t (m15 Apex module)	in-ear	Super Review
64 Audio Volur	GRAS RA0045 in-ear	HypetheSonics
64 Audio Volur	in-ear	Jaytiss
64 Audio Volur (m12 Apex module)	in-ear	Jaytiss
64 Audio Volur (m12 Apex module)	in-ear	Super Review
64 Audio Volur (m12 Apex module)	in-ear	ToneDeafMonk
64 Audio Volur (m15 Apex module)	in-ear	Jaytiss
64 Audio Volur (m15 Apex module)	in-ear	Super Review
64 Audio Volur (m15 Apex module)	in-ear	ToneDeafMonk
64 Audio Volur (m20 Apex module)	in-ear	Jaytiss
64 Audio Volur (m20 Apex module)	in-ear	Super Review
64 Audio Volur (m20 Apex module)	in-ear	ToneDeafMonk
64 Audio Volur (mX Apex module)	in-ear	Jaytiss
64 Audio Volur (mX Apex module)	in-ear	Super Review
64 Audio Volur (mX Apex module)	in-ear	ToneDeafMonk
7Hz Aurora	in-ear	Jaytiss
7Hz Eternal	711 in-ear	crinacle
7Hz Eternal	Bruel & Kjaer 4620 in-ear	crinacle
7Hz Eternal	in-ear	Harpo
7Hz Five	in-ear	Jaytiss
7Hz G1	in-ear	Hi End Portable
7Hz G1	in-ear	Jaytiss
7Hz Legato	in-ear	Fahryst
7Hz Legato	in-ear	Harpo
7Hz Legato	in-ear	Hi End Portable
7Hz Legato	in-ear	RikudouGoku
7Hz Legato	in-ear	ToneDeafMonk
7Hz Salnotes Dioko	711 in-ear	crinacle
7Hz Salnotes Dioko	in-ear	Filk
7Hz Salnotes Dioko	in-ear	Jaytiss
7Hz Salnotes Dioko	in-ear	kr0mka
7Hz Salnotes Dioko	in-ear	oratory1990
7Hz Salnotes Dioko	in-ear	Ted's Squig Hoard
7Hz Salnotes Dioko Spring	in-ear	kr0mka
7Hz Salnotes Zero	in-ear	Auriculares Argentina
7Hz Salnotes Zero	711 in-ear	crinacle
7Hz Salnotes Zero	Bruel & Kjaer 4620 in-ear	crinacle
7Hz Salnotes Zero	in-ear	Fahryst
7Hz Salnotes Zero	in-ear	freeryder05
7Hz Salnotes Zero	in-ear	Harpo
7Hz Salnotes Zero	GRAS RA0045 in-ear	HypetheSonics
7Hz Salnotes Zero	in-ear	Jaytiss
7Hz Salnotes Zero	in-ear	oratory1990
7Hz Salnotes Zero	in-ear	Super Review
7Hz Salnotes Zero	in-ear	Ted's Squig Hoard
7Hz Salnotes Zero 2	in-ear	ToneDeafMonk
7Hz Sonus	in-ear	Harpo
7Hz Sonus	in-ear	Hi End Portable
7Hz Sonus	in-ear	Jaytiss
7Hz Sonus	in-ear	ToneDeafMonk
7Hz Timeless	711 in-ear	crinacle
7Hz Timeless	in-ear	Fahryst
7Hz Timeless	in-ear	Filk
7Hz Timeless	in-ear	Harpo
7Hz Timeless	in-ear	kr0mka
7Hz Timeless	in-ear	oratory1990
7Hz Timeless	in-ear	RikudouGoku
7Hz Timeless	HMS II.3 in-ear	Rtings
7Hz Timeless	in-ear	Super Review
7Hz Timeless AE	Bruel & Kjaer 4620 in-ear	crinacle
7Hz Timeless AE	in-ear	Fahryst
7Hz Timeless II	in-ear	Jaytiss
7Hz Timeless II (bullet gold nozzle)	in-ear	Hi End Portable
7Hz Timeless II (bullet silver nozzle)	in-ear	Hi End Portable
7Hz Timeless II (flat gold nozzle)	in-ear	Hi End Portable
7Hz Timeless II (flat silver nozzle)	in-ear	Hi End Portable
7Hz Timless II	in-ear	Jaytiss
7Hz x Crinacle Zero 2	711 in-ear	crinacle
7Hz x Crinacle Zero 2	Bruel & Kjaer 4620 in-ear	crinacle
7Hz x Crinacle Zero 2	in-ear	Hi End Portable
7Hz x Crinacle Zero 2	in-ear	Jaytiss
7Hz x Crinacle Zero 2	in-ear	Regan Cipher
7Hz x Crinacle Zero 2	in-ear	Super Review
7Hz x Crinacle Zero 2	in-ear	ToneDeafMonk
7Hz x HBB Elua	in-ear	Jaytiss
7th Acoustics Proxima	in-ear	Super Review
7th Acoustics Stargazer	in-ear	Jaytiss
7th Acoustics Stargazer	in-ear	ToneDeafMonk
7th Acoustics Supernova	in-ear	freeryder05
7th Acoustics Supernova	in-ear	Jaytiss
7th Acoustics Supernova	in-ear	Super Review
A-Audio Elite (ANC on)	over-ear	Innerfidelity
A-Audio Elite (bass mode)	over-ear	Innerfidelity
A-Audio Elite (passive)	over-ear	Innerfidelity
AAW (Advanced AcousticWerkes) ASH	711 in-ear	crinacle
AAW (Advanced AcousticWerkes) Canary	711 in-ear	crinacle
AAW A2H V2	711 in-ear	crinacle
AAW A3H	711 in-ear	crinacle
AAW A3H (2019)	711 in-ear	crinacle
AAW A3H Plus	711 in-ear	crinacle
AAW A3H V2	711 in-ear	crinacle
AAW ACH	711 in-ear	crinacle
AAW AXH	711 in-ear	crinacle
AAW AXH	GRAS RA0045 in-ear	HypetheSonics
AAW AXH (2019)	711 in-ear	crinacle
AAW Halcyon (bass filter)	711 in-ear	crinacle
AAW Halcyon (norm filter)	711 in-ear	crinacle
AAW Halcyon (Vokal filter)	711 in-ear	crinacle
AAW Kingfisher	711 in-ear	crinacle
AAW Mockingbird	711 in-ear	crinacle
AAW Nightingale	711 in-ear	crinacle
AAW W500	711 in-ear	crinacle
AAW W900	711 in-ear	crinacle
AAW W900	GRAS RA0045 in-ear	HypetheSonics
AAW x Custom Art Project 4+2 (bass filter)	711 in-ear	crinacle
AAW x Custom Art Project 4+2 (norm filter)	711 in-ear	crinacle
AAW x Custom Art Project 4+2 (Vokal filter)	711 in-ear	crinacle
AAW Z02	in-ear	ToneDeafMonk
AAW Z06	in-ear	ToneDeafMonk
Abyss AB-1266	over-ear	Innerfidelity
Abyss AB-1266 Phi	GRAS 43AG-7 over-ear	crinacle
Abyss AB-1266 Phi	over-ear	Kuulokenurkka
Abyss AB-1266 Phi CC	GRAS 43AG-7 over-ear	crinacle
Abyss AB-1266 Phi CC Lite	EARS + 711 over-ear	crinacle
Abyss AB1-266 Phi TC	over-ear	Kuulokenurkka
Abyss AB1-266 Phi TC	over-ear	oratory1990
Abyss Diana MR	over-ear	kr0mka
Abyss Diana Phi	EARS + 711 over-ear	crinacle
Abyss Diana Phi	GRAS 43AG-7 over-ear	crinacle
Abyss Diana V2	GRAS 43AG-7 over-ear	crinacle
Accidentally Extraordinary 51st Studios	over-ear	Innerfidelity
Accidentally Extraordinary Bamboo	in-ear	Innerfidelity
ACEFAST Crystal T8	in-ear	Kazi
Acoustic Research AR-H1	GRAS 43AG-7 over-ear	crinacle
Acoustic Research AR-H1	over-ear	Innerfidelity
Acoustune HS1001	711 in-ear	crinacle
Acoustune HS1003	711 in-ear	crinacle
Acoustune HS1004	711 in-ear	crinacle
Acoustune HS1300	711 in-ear	crinacle
Acoustune HS1501	711 in-ear	crinacle
Acoustune HS1503	711 in-ear	crinacle
Acoustune HS1551	711 in-ear	crinacle
Acoustune HS1650	711 in-ear	crinacle
Acoustune HS1655	711 in-ear	crinacle
Acoustune HS1657	711 in-ear	crinacle
Acoustune HS1670	711 in-ear	crinacle
Acoustune HS1677	711 in-ear	crinacle
Acoustune HS1695	711 in-ear	crinacle
Acoustune HS1697	711 in-ear	crinacle
Acoustune HS1750	711 in-ear	crinacle
Acoustune HS1790	711 in-ear	crinacle
Acoustune HS2000MX	711 in-ear	crinacle
Acoustune RS ONE	in-ear	Super Review
Adam SP-5	over-ear	oratory1990
Advanced 747 (ANC off)	711 in-ear	crinacle
Advanced 747 (ANC on)	711 in-ear	crinacle
Advanced Alpha (shallow earpads)	over-ear	Innerfidelity
Advanced Elise	711 in-ear	crinacle
Advanced Evo X	711 in-ear	crinacle
Advanced Furai	Bruel & Kjaer 4620 in-ear	crinacle
Advanced GT-R	over-ear	oratory1990
Advanced GT3 (bass)	711 in-ear	crinacle
Advanced GT3 (ref)	711 in-ear	crinacle
Advanced GT3 (treble)	711 in-ear	crinacle
Advanced GT3 Superbass (bass)	711 in-ear	crinacle
Advanced GT3 Superbass (ref)	711 in-ear	crinacle
Advanced GT3 Superbass (treble)	711 in-ear	crinacle
Advanced M3	711 in-ear	crinacle
Advanced M4	711 in-ear	crinacle
Advanced M4	GRAS RA0045 in-ear	HypetheSonics
Advanced M4	in-ear	Innerfidelity
Advanced M51D	711 in-ear	crinacle
Advanced M55D	711 in-ear	crinacle
Advanced Model X	711 in-ear	crinacle
Advanced S2000	711 in-ear	crinacle
Advanced Sleeper	Bruel & Kjaer 4620 in-ear	crinacle
Aedle VK1	over-ear	Innerfidelity
AfterShokz Aeropex	HMS II.3 earbud	Rtings
AfterShokz Trekz Air	HMS II.3 earbud	Rtings
AFUL Acoustics Cantor	in-ear	Super Review
AFUL Acoustics MagicOne	in-ear	Filk
AFUL Acoustics MagicOne	in-ear	Kazi
AFUL Acoustics MagicOne	in-ear	Super Review
AFUL Acoustics Performer 5+2	in-ear	Super Review
AFUL Cantor	in-ear	Jaytiss
AFUL Cantor	in-ear	ToneDeafMonk
AFUL Explorer	in-ear	Fahryst
AFUL Explorer	in-ear	Jaytiss
AFUL Explorer	in-ear	Super Review
AFUL Explorer 3	in-ear	ToneDeafMonk
AFUL MagicOne (foam eartips)	in-ear	Jaytiss
AFUL Performer 5	in-ear	Jaytiss
AFUL Performer 5	in-ear	Super Review
AFUL Performer 7	in-ear	Jaytiss
AFUL Performer 7	in-ear	ToneDeafMonk
AFUL Performer 8	in-ear	Jaytiss
AFUL Performer 8	in-ear	kr0mka
AFUL Performer 8	in-ear	Super Review
AFUL Performer 8	in-ear	ToneDeafMonk
Agasound AGA ONE	in-ear	ToneDeafMonk
Aiaiai TMA-1	over-ear	Innerfidelity
Aiaiai TMA-1 Studio	over-ear	Innerfidelity
Aiaiai TMA-2 DJ	Bruel & Kjaer 5128 over-ear	Rtings
Aiaiai TMA-2 HD Wireless	over-ear	oratory1990
Aiderlot M5 (bass filter)	in-ear	RikudouGoku
Aiderlot M5 (no filter)	in-ear	RikudouGoku
Aiderlot M5 (reference filter)	in-ear	RikudouGoku
Aiderlot M5 (treble filter)	in-ear	RikudouGoku
Aiderlot M5 Pro	in-ear	RikudouGoku
Akai MPC	over-ear	Innerfidelity
AKG K1000	over-ear	Innerfidelity
AKG K167 Tiesto	over-ear	Innerfidelity
AKG K240 MKII	over-ear	Headphone.com Legacy
AKG K240 MKII	over-ear	oratory1990
AKG K240 MKII	HMS II.3 over-ear	Rtings
AKG K240 Monitor	over-ear	Innerfidelity
AKG K240 Sextett	over-ear	Innerfidelity
AKG K240 Sextett	over-ear	oratory1990
AKG K240 Sextett (Dekoni Choice Leather DT earpads)	over-ear	oratory1990
AKG K240 Studio	GRAS 43AG-7 over-ear	crinacle
AKG K240 Studio	over-ear	oratory1990
AKG K240DF	over-ear	Innerfidelity
AKG K250	over-ear	oratory1990
AKG K267	over-ear	oratory1990
AKG K267 Tiesto (club)	over-ear	Innerfidelity
AKG K267 Tiesto (stage)	over-ear	Innerfidelity
AKG K267 Tiesto (studio)	over-ear	Innerfidelity
AKG K271 MKII	over-ear	Headphone.com Legacy
AKG K271 MKII	over-ear	Innerfidelity
AKG K271 MKII	over-ear	oratory1990
AKG K272HD	over-ear	Headphone.com Legacy
AKG K272HD	over-ear	Innerfidelity
AKG K280 Parabolic	over-ear	oratory1990
AKG K3003	in-ear	oratory1990
AKG K3003 (bass boost filter)	in-ear	Headphone.com Legacy
AKG K3003 (bass boost filter)	in-ear	Innerfidelity
AKG K3003 (high boost filter)	in-ear	Headphone.com Legacy
AKG K3003 (high boost filter)	in-ear	Innerfidelity
AKG K3003 (reference filter)	in-ear	Headphone.com Legacy
AKG K3003 (reference filter)	in-ear	Innerfidelity
AKG K340	over-ear	Innerfidelity
AKG K361	over-ear	Kuulokenurkka
AKG K361	over-ear	oratory1990
AKG K361	Bruel & Kjaer 5128 over-ear	Rtings
AKG K371	GRAS 43AG-7 over-ear	crinacle
AKG K371	over-ear	Filk
AKG K371	over-ear	oratory1990
AKG K371	HMS II.3 over-ear	Rtings
AKG K371	over-ear	Super Review
AKG K371 (Brainwavz oval earpads)	over-ear	oratory1990
AKG K376	in-ear	Innerfidelity
AKG K44	HMS II.3 over-ear	Rtings
AKG K450	over-ear	Innerfidelity
AKG K501	over-ear	Innerfidelity
AKG K518LE	over-ear	Innerfidelity
AKG K52	over-ear	Auriculares Argentina
AKG K52	GRAS 43AG-7 over-ear	crinacle
AKG K52	over-ear	oratory1990
AKG K550	over-ear	Headphone.com Legacy
AKG K550	over-ear	Innerfidelity
AKG K553	over-ear	oratory1990
AKG K601	over-ear	Headphone.com Legacy
AKG K601	over-ear	oratory1990
AKG K601 (2007)	over-ear	Innerfidelity
AKG K601 (Dekoni sheepskin earpads)	over-ear	oratory1990
AKG K601 (K701 earpads)	over-ear	oratory1990
AKG K612	over-ear	Innerfidelity
AKG K612	over-ear	oratory1990
AKG K612 Pro	over-ear	Auriculares Argentina
AKG K612 Pro	GRAS 43AG-7 over-ear	crinacle
AKG K619	over-ear	Innerfidelity
AKG K67 Tiesto	over-ear	Innerfidelity
AKG K701	over-ear	Auriculares Argentina
AKG K701	GRAS 43AG-7 over-ear	crinacle
AKG K701	over-ear	Headphone.com Legacy
AKG K701	over-ear	Innerfidelity
AKG K701	over-ear	oratory1990
AKG K701	HMS II.3 over-ear	Rtings
AKG K701 (sample A)	over-ear	Innerfidelity
AKG K701 (sample B)	over-ear	Innerfidelity
AKG K702	over-ear	Auriculares Argentina
AKG K702	GRAS 43AG-7 over-ear	crinacle
AKG K702	over-ear	Headphone.com Legacy
AKG K702	over-ear	Innerfidelity
AKG K702	over-ear	oratory1990
AKG K702	HMS II.3 over-ear	Rtings
AKG K702 (Brainwavz XL earpads)	over-ear	oratory1990
AKG K702 (Geekria earpads)	over-ear	oratory1990
AKG K702 65th Anniversary Edition	over-ear	Innerfidelity
AKG K702 65th Anniversary Edition	over-ear	oratory1990
AKG K712	GRAS 43AG-7 over-ear	crinacle
AKG K712	over-ear	Headphone.com Legacy
AKG K712	over-ear	Innerfidelity
AKG K712	over-ear	oratory1990
AKG K712	over-ear	Super Review
AKG K712 (Dekoni sheepskin earpads)	over-ear	oratory1990
AKG K712 PRO	over-ear	Kuulokenurkka
AKG K712 PRO	HMS II.3 over-ear	Rtings
AKG K72	GRAS 43AG-7 over-ear	crinacle
AKG K72	over-ear	oratory1990
AKG K7XX	GRAS 43AG-7 over-ear	crinacle
AKG K7XX	over-ear	Innerfidelity
AKG K7XX	over-ear	oratory1990
AKG K7XX	over-ear	Super Review
AKG K81 DJ	over-ear	Headphone.com Legacy
AKG K81 DJ	over-ear	Innerfidelity
AKG K812	GRAS 43AG-7 over-ear	crinacle
AKG K812	over-ear	Headphone.com Legacy
AKG K812	over-ear	Innerfidelity
AKG K812	over-ear	oratory1990
AKG K812 (serial number 001130)	over-ear	Innerfidelity
AKG K872	over-ear	oratory1990
AKG K872 Pro	GRAS 43AG-7 over-ear	crinacle
AKG K92	GRAS 43AG-7 over-ear	crinacle
AKG K92	over-ear	oratory1990
AKG N20	in-ear	oratory1990
AKG N200	HMS II.3 in-ear	Rtings
AKG N400	711 in-ear	crinacle
AKG N400	Bruel & Kjaer 5128 in-ear	HypetheSonics
AKG N400	in-ear	oratory1990
AKG N5005	in-ear	oratory1990
AKG N5005 (bass boost)	711 in-ear	crinacle
AKG N5005 (bass boost)	in-ear	Fahryst
AKG N5005 (bass boost)	GRAS RA0045 in-ear	HypetheSonics
AKG N5005 (high)	711 in-ear	crinacle
AKG N5005 (high)	in-ear	Fahryst
AKG N5005 (high)	GRAS RA0045 in-ear	HypetheSonics
AKG N5005 (mid high)	711 in-ear	crinacle
AKG N5005 (mid high)	in-ear	Fahryst
AKG N5005 (mid high)	GRAS RA0045 in-ear	HypetheSonics
AKG N5005 (reference)	711 in-ear	crinacle
AKG N5005 (reference)	in-ear	Fahryst
AKG N5005 (reference)	GRAS RA0045 in-ear	HypetheSonics
AKG N60 NC (wired, passive)	over-ear	Innerfidelity
AKG N60 NC Wireless	over-ear	oratory1990
AKG N60 NC Wireless	HMS II.3 over-ear	Rtings
AKG N700NC	HMS II.3 over-ear	Rtings
AKG N700NC M2	GRAS 43AG-7 over-ear	crinacle
AKG N700NC M2	over-ear	oratory1990
AKG N700NC M2	HMS II.3 over-ear	Rtings
AKG N700NC M2 (ANC on)	over-ear	Filk
AKG N700NC M2 (passive)	over-ear	Filk
AKG N9 Hybrid	over-ear	Kuulokenurkka
AKG N9 Hybrid (ANC on)	over-ear	Kuulokenurkka
AKG N9 Hybrid (ANC on, studio preset)	over-ear	Kuulokenurkka
AKG N9 Hybrid (passive)	over-ear	Kuulokenurkka
AKG N90Q	over-ear	Innerfidelity
AKG Q350 Quincy Jones	in-ear	Headphone.com Legacy
AKG Q350 Quincy Jones	in-ear	Innerfidelity
AKG Q460 Quincy Jones	over-ear	Headphone.com Legacy
AKG Q460 Quincy Jones	over-ear	Innerfidelity
AKG Q701	over-ear	oratory1990
AKG Q701	HMS II.3 over-ear	Rtings
AKG Q701	over-ear	Super Review
AKG Q701 Quincy Jones	over-ear	Headphone.com Legacy
AKG Q701 Quincy Jones	over-ear	Innerfidelity
AKG Y50BT	over-ear	oratory1990
Akoustyx R-120	in-ear	Super Review
Akoustyx R-220	in-ear	oratory1990
Akoustyx R-220	in-ear	Super Review
Akoustyx S-6	in-ear	Super Review
Alclair Electro	711 in-ear	crinacle
Alclair Studio3	711 in-ear	crinacle
Alclair Studio4	711 in-ear	crinacle
Alclair Studio4	Bruel & Kjaer 4620 in-ear	crinacle
Alclair Versa	711 in-ear	crinacle
Allen & Heath XD-53	over-ear	oratory1990
Alpha & Delta AD01	in-ear	Innerfidelity
Alpha & Delta D6	Bruel & Kjaer 4620 in-ear	crinacle
Alpha & Delta KS1	in-ear	ToneDeafMonk
Alpha & Delta KS100	in-ear	Regan Cipher
Alpha & Delta KS3	711 in-ear	crinacle
Alpha & Delta KS3	Bruel & Kjaer 4620 in-ear	crinacle
Alpha & Delta KS3	in-ear	ToneDeafMonk
Alpha Design Labs H128	over-ear	Innerfidelity
Alpha Omega Omega (off-off-off)	in-ear	Super Review
Alpha Omega Omega (off-off-off)	in-ear	ToneDeafMonk
Alpha Omega Omega (off-off-on)	in-ear	ToneDeafMonk
Alpha Omega Omega (off-on-off)	in-ear	ToneDeafMonk
Alpha Omega Omega (off-on-on)	in-ear	ToneDeafMonk
Alpha Omega Omega (on-off-off)	in-ear	ToneDeafMonk
Alpha Omega Omega (on-off-on)	in-ear	ToneDeafMonk
Alpha Omega Omega (on-on-off)	in-ear	Super Review
Alpha Omega Omega (on-on-off)	in-ear	ToneDeafMonk
Alpha Omega Omega (on-on-on)	in-ear	Super Review
Alpha Omega Omega (on-on-on)	in-ear	ToneDeafMonk
Alpha Omega Omega on-off-off)	in-ear	Super Review
Alpha Omega Ra	in-ear	Super Review
Altec Lansing True Evo	HMS II.3 in-ear	Rtings
Altiat Cal.1H	GRAS 43AG-7 over-ear	crinacle
Amazon Echo Buds	in-ear	oratory1990
Amazon Echo Buds	HMS II.3 in-ear	Rtings
Amazon Echo Buds Gen 2	HMS II.3 in-ear	Rtings
Amazon Echo Buds Gen 3	HMS II.3 in-ear	Rtings
AmazonBasics Lightweight On Ear	HMS II.3 over-ear	Rtings
Ambient Acoustics AM16	711 in-ear	crinacle
Ambient Acoustics AM24	711 in-ear	crinacle
Ambient Acoustics AM7	711 in-ear	crinacle
Ambient Acoustics AM7 (blue)	711 in-ear	crinacle
Ambient Acoustics AM7 (red)	711 in-ear	crinacle
Ambient Acoustics AM7 (yellow)	711 in-ear	crinacle
Ambient Acoustics MAD16	711 in-ear	crinacle
Ambient Acoustics MAD24	711 in-ear	crinacle
Ambient Dynamics AD-006 Lyndale	711 in-ear	crinacle
AME Aura	in-ear	Jaytiss
AME Gaia	in-ear	Jaytiss
AME Mousa	in-ear	Jaytiss
AME Radioso	in-ear	Jaytiss
AME Raven KR version	in-ear	Jaytiss
Andover Audio PM-50 (medium squared earpads)	over-ear	oratory1990
Andover Audio PM-50 (small rounded earpads)	over-ear	oratory1990
Anew U1	in-ear	Hi End Portable
Anker Liberty 4 Pro	in-ear	DHRME
Anker Liberty 5	in-ear	DHRME
Anker Life P2i	in-ear	Regan Cipher
Anker P3i	in-ear	Regan Cipher
Anker SoundBuds Curve	HMS II.3 in-ear	Rtings
Anker SoundBuds Curve Upgraded 2019	HMS II.3 in-ear	Rtings
Anker SoundBuds Life	HMS II.3 in-ear	Rtings
Anker SoundBuds Sport	HMS II.3 in-ear	Rtings
Anker Soundcore Aerofit Pro	earbud	Regan Cipher
Anker Soundcore C30i	Bruel & Kjaer 5128 in-ear	Rtings
Anker Soundcore Liberty 2 Pro	711 in-ear	crinacle
Anker Soundcore Liberty 2 Pro	in-ear	oratory1990
Anker Soundcore Liberty 2 Pro	HMS II.3 in-ear	Rtings
Anker Soundcore Liberty 3 Pro	in-ear	Harpo
Anker Soundcore Liberty 3 Pro	GRAS RA0045 in-ear	HypetheSonics
Anker Soundcore Liberty 3 Pro	in-ear	Regan Cipher
Anker Soundcore Liberty 3 Pro	HMS II.3 in-ear	Rtings
Anker Soundcore Liberty 4	HMS II.3 in-ear	Rtings
Anker Soundcore Liberty 4 NC	in-ear	DHRME
Anker Soundcore Liberty 4 NC	in-ear	Regan Cipher
Anker Soundcore Liberty 4 NC	Bruel & Kjaer 5128 in-ear	Rtings
Anker Soundcore Liberty Air	HMS II.3 in-ear	Rtings
Anker Soundcore Liberty Air 2	711 in-ear	crinacle
Anker Soundcore Liberty Air 2	in-ear	oratory1990
Anker Soundcore Liberty Air 2	HMS II.3 in-ear	Rtings
Anker Soundcore Liberty Air 2 Pro	HMS II.3 in-ear	Rtings
Anker Soundcore Liberty Lite	HMS II.3 in-ear	Rtings
Anker Soundcore Life 2	HMS II.3 over-ear	Rtings
Anker Soundcore Life A2 NC	HMS II.3 in-ear	Rtings
Anker Soundcore Life Dot 2	HMS II.3 in-ear	Rtings
Anker Soundcore Life P2	HMS II.3 in-ear	Rtings
Anker Soundcore Life P3	HMS II.3 in-ear	Rtings
Anker Soundcore Life Q20	HMS II.3 over-ear	Rtings
Anker Soundcore Life Q30	over-ear	Kuulokenurkka
Anker Soundcore Life Q30	Bruel & Kjaer 5128 over-ear	Rtings
Anker Soundcore Life Q30 (ANC off)	over-ear	oratory1990
Anker Soundcore Life Q30 (ANC on)	over-ear	oratory1990
Anker Soundcore Life Q35	HMS II.3 over-ear	Rtings
Anker Soundcore Life Q35 (ANC off)	over-ear	oratory1990
Anker Soundcore Life Q35 (ANC on)	over-ear	oratory1990
Anker Soundcore Life Q35 (wired, passive)	over-ear	oratory1990
Anker Soundcore P25i	Bruel & Kjaer 5128 in-ear	Rtings
Anker Soundcore P40i	Bruel & Kjaer 5128 in-ear	Rtings
Anker Soundcore Sleep A20	in-ear	DHRME
Anker Soundcore Space A40	in-ear	Regan Cipher
Anker Soundcore Space A40	Bruel & Kjaer 5128 in-ear	Rtings
Anker Soundcore Space NC	HMS II.3 over-ear	Rtings
Anker Soundcore Space One	over-ear	oratory1990
Anker Soundcore Space One	HMS II.3 over-ear	Rtings
Anker Soundcore Space Q45	over-ear	Filk
Anker Soundcore Space Q45	over-ear	Kuulokenurkka
Anker Soundcore Space Q45	Bruel & Kjaer 5128 over-ear	Rtings
Anker Soundcore Space Q45 (ANC on)	over-ear	oratory1990
Anker Soundcore Space Q45 (wired, passive)	over-ear	oratory1990
Anker Soundcore Spirit X	HMS II.3 in-ear	Rtings
Anker Zolo Liberty+	HMS II.3 in-ear	Rtings
Anthem Five E2 (CIEM)	711 in-ear	crinacle
Anthem Five E4 (CIEM)	711 in-ear	crinacle
AOSHIDA E20	in-ear	Harpo
AOSHIDA E20	in-ear	ToneDeafMonk
Apevoix Grit	in-ear	Hi End Portable
Apple AirPod 4 (transparency)	earbud	Regan Cipher
Apple AirPods (1st generation)	earbud	oratory1990
Apple AirPods (1st generation)	HMS II.3 earbud	Rtings
Apple AirPods (2nd generation)	HMS II.3 earbud	Rtings
Apple AirPods (3rd generation)	Bruel & Kjaer 5128 earbud	Rtings
Apple AirPods 2	earbud	Super Review
Apple AirPods 3	earbud	Super Review
Apple AirPods 4	Bruel & Kjaer 5128 earbud	Rtings
Apple AirPods 4 (ANC on)	earbud	Regan Cipher
Apple AirPods 4 (ANC on)	Bruel & Kjaer 5128 earbud	Rtings
Apple AirPods Max	GRAS 43AG-7 over-ear	crinacle
Apple AirPods Max	over-ear	oratory1990
Apple AirPods Max	Bruel & Kjaer 5128 over-ear	Rtings
Apple AirPods Max (3rd party pleather earpads)	over-ear	oratory1990
Apple AirPods Pro	711 in-ear	crinacle
Apple AirPods Pro	Bruel & Kjaer 5128 in-ear	HypetheSonics
Apple AirPods Pro	HMS II.3 in-ear	Rtings
Apple AirPods Pro	in-ear	Super Review
Apple Airpods Pro 2	in-ear	Filk
Apple Airpods Pro 2	in-ear	Harpo
Apple Airpods Pro 2	GRAS RA0045 in-ear	HypetheSonics
Apple AirPods Pro 2 (51dB + ANC)	711 in-ear	crinacle
Apple AirPods Pro 2 (56dB + ANC)	711 in-ear	crinacle
Apple AirPods Pro 2 (60dB + ANC)	711 in-ear	crinacle
Apple AirPods Pro 2 (65dB + ANC)	711 in-ear	crinacle
Apple AirPods Pro 2 (69dB + ANC)	711 in-ear	crinacle
Apple AirPods Pro 2 (73dB + ANC)	711 in-ear	crinacle
Apple AirPods Pro 2 (77dB + ANC)	711 in-ear	crinacle
Apple AirPods Pro 2 (81dB + ANC)	711 in-ear	crinacle
Apple AirPods Pro 2 (84dB + ANC)	711 in-ear	crinacle
Apple AirPods Pro 2 (88dB + ANC)	711 in-ear	crinacle
Apple AirPods Pro 2 (91dB + ANC)	711 in-ear	crinacle
Apple AirPods Pro 2 (ANC mode)	711 in-ear	crinacle
Apple AirPods Pro 2 (passive mode)	711 in-ear	crinacle
Apple AirPods Pro 2 (transparency mode)	711 in-ear	crinacle
Apple AirPods Pro2	Bruel & Kjaer 5128 in-ear	Rtings
Apple EarPods	earbud	Headphone.com Legacy
Apple EarPods	earbud	Innerfidelity
Apple EarPods	HMS II.3 earbud	Rtings
Apple EarPods	earbud	Super Review
Apple In-Ear (2013)	in-ear	Innerfidelity
Apple iPod Ear Buds	earbud	Innerfidelity
Apple iPod Ear Buds (sample A)	earbud	Innerfidelity
Apple iPod Ear Buds (sample B)	earbud	Innerfidelity
Apple ME186 In-Ear Headphones	in-ear	oratory1990
ARC Mira	711 in-ear	crinacle
ARC Oculus	711 in-ear	crinacle
ARC Pollux	711 in-ear	crinacle
Aroma Audio Ace (off-off)	711 in-ear	crinacle
Aroma Audio Ace (off-on)	711 in-ear	crinacle
Aroma Audio Ace (on-off)	711 in-ear	crinacle
Aroma Audio Ace (on-on)	711 in-ear	crinacle
Aroma Audio Early	711 in-ear	crinacle
Aroma Audio Fei Wan	in-ear	Fahryst
Aroma Audio Fei Wan	in-ear	Jaytiss
Aroma Audio Jewel	in-ear	Fahryst
Aroma Audio Shock	711 in-ear	crinacle
Aroma Audio Star	711 in-ear	crinacle
Aroma Audio Thunder	in-ear	ToneDeafMonk
Aroma Audio Twins (bass)	711 in-ear	crinacle
Aroma Audio Twins (treble)	711 in-ear	crinacle
Aroma Audio Witch Girl Pro	711 in-ear	crinacle
Aroma Audio Witch Girl S	711 in-ear	crinacle
Aroma Audio Witch Girl W12	711 in-ear	crinacle
Aroma Audio Yao	711 in-ear	crinacle
Arpegear Hane (off-off-off-off)	in-ear	Super Review
Arpegear Hane (off-off-off-on)	in-ear	Super Review
Arpegear Hane (off-off-on-off)	in-ear	Super Review
Arpegear Hane (off-on-off-off)	in-ear	Super Review
Arpegear Hane (on-off-off-off)	in-ear	Super Review
ARTTI R1	in-ear	Fahryst
ARTTI R1	in-ear	Jaytiss
ARTTI R1	in-ear	ToneDeafMonk
ARTTI R2	in-ear	ToneDeafMonk
ARTTI R3	in-ear	ToneDeafMonk
ARTTI R6	in-ear	ToneDeafMonk
ARTTI T10	in-ear	Fahryst
ARTTI T10	in-ear	ToneDeafMonk
ARTTI T10 Pro	in-ear	Jaytiss
ARTTI T10 Pro	in-ear	ToneDeafMonk
Astell & Kern (Astell&Kern) T8iE	711 in-ear	crinacle
Astell & Kern AURA	GRAS RA0045 in-ear	HypetheSonics
Astell & Kern Odyssey	GRAS RA0045 in-ear	HypetheSonics
Astell & Kern Rosie (2 o'clock)	711 in-ear	crinacle
Astell & Kern Rosie (max)	711 in-ear	crinacle
Astell & Kern Rosie (min)	711 in-ear	crinacle
Astell & Kern T9iE	711 in-ear	crinacle
Astell & Kern x Empire Ears Novus	in-ear	Fahryst
ASTRO Gaming A10	HMS II.3 over-ear	Rtings
ASTRO Gaming A10 (Gen 2)	HMS II.3 over-ear	Rtings
ASTRO Gaming A20	HMS II.3 over-ear	Rtings
ASTRO Gaming A20 (Gen 2)	HMS II.3 over-ear	Rtings
ASTRO Gaming A30	HMS II.3 over-ear	Rtings
ASTRO Gaming A40 TR	GRAS 43AG-7 over-ear	crinacle
ASTRO Gaming A40 TR	Bruel & Kjaer 5128 over-ear	Rtings
ASTRO Gaming A50 (Gen 3 2017)	HMS II.3 over-ear	Rtings
ASTRO Gaming A50 (Gen 4 2019)	Bruel & Kjaer 5128 over-ear	Rtings
ASTRO Gaming A50 X	over-ear	Filk
ASTRO Gaming A50 X	Bruel & Kjaer 5128 over-ear	Rtings
Astrotec AM90	in-ear	Innerfidelity
Astrotec Archimedes	in-ear	Kazi
Astrotec AX35	in-ear	Innerfidelity
Astrotec AX7	in-ear	Innerfidelity
Astrotec Delphinus 5	711 in-ear	crinacle
Astrotec Lyra Nature	earbud	Super Review
Astrotec Lyra Nature (no foam)	earbud	Super Review
Astrotec Volans	711 in-ear	crinacle
ASUS ROG Cetra True Wireless SpeedNova	Bruel & Kjaer 5128 in-ear	Rtings
ASUS ROG Delta S Core (fabric earpads)	over-ear	Filk
ASUS ROG Delta S Core (leather earpads)	over-ear	Filk
Atomic Floyd SuperDarts	711 in-ear	crinacle
Audeze CRBN	GRAS 43AG-7 over-ear	crinacle
Audeze CRBN	over-ear	oratory1990
Audeze EL-8 Closed Back	over-ear	Innerfidelity
Audeze EL-8 Open Back	over-ear	Innerfidelity
Audeze Euclid	711 in-ear	crinacle
Audeze Euclid	Bruel & Kjaer 4620 in-ear	crinacle
Audeze Euclid	in-ear	oratory1990
Audeze iSINE 10	711 in-ear	crinacle
Audeze iSINE 10	in-ear	freeryder05
Audeze iSINE 10	in-ear	oratory1990
Audeze iSINE 10 (Cipher cable)	in-ear	freeryder05
Audeze iSINE 20	711 in-ear	crinacle
Audeze iSINE 20	in-ear	Innerfidelity
Audeze iSINE 20	in-ear	oratory1990
Audeze iSINE 20 (Cipher cable)	711 in-ear	crinacle
Audeze LCD-1	EARS + 711 over-ear	crinacle
Audeze LCD-1	GRAS 43AG-7 over-ear	crinacle
Audeze LCD-1	over-ear	oratory1990
Audeze LCD-1	HMS II.3 over-ear	Rtings
Audeze LCD-1 (2009)	over-ear	Innerfidelity
Audeze LCD-2	GRAS 43AG-7 over-ear	crinacle
Audeze LCD-2	over-ear	Innerfidelity
Audeze LCD-2	over-ear	oratory1990
Audeze LCD-2 (Dekoni fenestrated sheepskin earpads)	EARS + 711 over-ear	crinacle
Audeze LCD-2 (Fazor)	over-ear	Innerfidelity
Audeze LCD-2 (Fazor)	over-ear	oratory1990
Audeze LCD-2 (pre-2017)	over-ear	oratory1990
Audeze LCD-2 (Rev 2)	over-ear	Headphone.com Legacy
Audeze LCD-2 (Rev 2)	over-ear	Innerfidelity
Audeze LCD-2 (sample 1)	over-ear	Innerfidelity
Audeze LCD-2 (serial number 5312123)	over-ear	Innerfidelity
Audeze LCD-2 (serial number 53211704)	over-ear	Innerfidelity
Audeze LCD-2 (serial number 5325928)	over-ear	Innerfidelity
Audeze LCD-2 Classic	EARS + 711 over-ear	crinacle
Audeze LCD-2 Classic	GRAS 43AG-7 over-ear	crinacle
Audeze LCD-2 Classic	over-ear	Innerfidelity
Audeze LCD-2 Classic	over-ear	Kuulokenurkka
Audeze LCD-2 Classic	over-ear	oratory1990
Audeze LCD-2 Classic	HMS II.3 over-ear	Rtings
Audeze LCD-2 Closed Back	EARS + 711 over-ear	crinacle
Audeze LCD-2 Closed Back	GRAS 43AG-7 over-ear	crinacle
Audeze LCD-2 Closed Back	over-ear	oratory1990
Audeze LCD-2 Closed Back	over-ear	Super Review
Audeze LCD-24	EARS + 711 over-ear	crinacle
Audeze LCD-24	GRAS 43AG-7 over-ear	crinacle
Audeze LCD-24	over-ear	oratory1990
Audeze LCD-3	GRAS 43AG-7 over-ear	crinacle
Audeze LCD-3	over-ear	Headphone.com Legacy
Audeze LCD-3	over-ear	Innerfidelity
Audeze LCD-3	over-ear	oratory1990
Audeze LCD-3 (Fazor)	over-ear	Innerfidelity
Audeze LCD-3 (Rev 2)	over-ear	Innerfidelity
Audeze LCD-3 (serial number 2312260)	over-ear	Innerfidelity
Audeze LCD-3 (serial number 2312341)	over-ear	Innerfidelity
Audeze LCD-3 (serial number 2312454)	over-ear	Innerfidelity
Audeze LCD-3 (serial number 2312488)	over-ear	Innerfidelity
Audeze LCD-3 (serial number 2717210)	over-ear	Innerfidelity
Audeze LCD-4	EARS + 711 over-ear	crinacle
Audeze LCD-4	GRAS 43AG-7 over-ear	crinacle
Audeze LCD-4	over-ear	HypetheSonics
Audeze LCD-4	over-ear	Innerfidelity
Audeze LCD-4	over-ear	oratory1990
Audeze LCD-4z	over-ear	HypetheSonics
Audeze LCD-4z	over-ear	oratory1990
Audeze LCD-5	GRAS 43AG-7 over-ear	crinacle
Audeze LCD-5	over-ear	oratory1990
Audeze LCD-GX	GRAS 43AG-7 over-ear	crinacle
Audeze LCD-GX	over-ear	HypetheSonics
Audeze LCD-GX	over-ear	oratory1990
Audeze LCD-i3	711 in-ear	crinacle
Audeze LCD-i3	GRAS RA0045 in-ear	HypetheSonics
Audeze LCD-i3 (Cipher bluetooth)	711 in-ear	crinacle
Audeze LCD-i4	711 in-ear	crinacle
Audeze LCD-i4	GRAS RA0045 in-ear	HypetheSonics
Audeze LCD-MX4	GRAS 43AG-7 over-ear	crinacle
Audeze LCD-MX4	over-ear	oratory1990
Audeze LCD-R	GRAS 43AG-7 over-ear	crinacle
Audeze LCD-R	over-ear	Kuulokenurkka
Audeze LCD-R	over-ear	oratory1990
Audeze LCD-R (bass boost)	over-ear	Kuulokenurkka
Audeze LCD-X	over-ear	Auriculares Argentina
Audeze LCD-X	EARS + 711 over-ear	crinacle
Audeze LCD-X	over-ear	Headphone.com Legacy
Audeze LCD-X	over-ear	HypetheSonics
Audeze LCD-X	over-ear	Innerfidelity
Audeze LCD-X	over-ear	Kuulokenurkka
Audeze LCD-X (2021)	GRAS 43AG-7 over-ear	crinacle
Audeze LCD-X (2021)	over-ear	oratory1990
Audeze LCD-X (Dekoni sheepskin Earpads)	over-ear	oratory1990
Audeze LCD-X (pre-2021)	GRAS 43AG-7 over-ear	crinacle
Audeze LCD-X (pre-2021)	over-ear	oratory1990
Audeze LCD-X (pre-2021) (worn earpads)	GRAS 43AG-7 over-ear	crinacle
Audeze LCD-X (sample 3)	over-ear	Innerfidelity
Audeze LCD-X (serial number 7454971)	over-ear	Innerfidelity
Audeze LCD-X (serial number 7456406)	over-ear	Innerfidelity
Audeze LCD-XC	GRAS 43AG-7 over-ear	crinacle
Audeze LCD-XC	over-ear	Headphone.com Legacy
Audeze LCD-XC	over-ear	Innerfidelity
Audeze LCD-XC	over-ear	oratory1990
Audeze LCD-XC (pre-2021)	over-ear	oratory1990
Audeze LCD-XC (sample 1)	over-ear	Innerfidelity
Audeze LCD-XC (sample 2)	over-ear	Innerfidelity
Audeze Maxwell	Bruel & Kjaer 5128 over-ear	Rtings
Audeze Maxwell (Audeze preset)	over-ear	Kuulokenurkka
Audeze Maxwell (bass boost preset)	over-ear	Kuulokenurkka
Audeze Maxwell (competition preset)	over-ear	Kuulokenurkka
Audeze Maxwell (footsteps preset)	over-ear	Kuulokenurkka
Audeze Maxwell (immersive preset)	over-ear	Kuulokenurkka
Audeze Maxwell (review eq)	over-ear	Kuulokenurkka
Audeze Maxwell (treble boost preset)	over-ear	Kuulokenurkka
Audeze MM-100	over-ear	Kuulokenurkka
Audeze MM-100	over-ear	oratory1990
Audeze MM-100	Bruel & Kjaer 5128 over-ear	Rtings
Audeze MM-500	GRAS 43AG-7 over-ear	crinacle
Audeze MM-500	over-ear	Kuulokenurkka
Audeze MM-500	over-ear	oratory1990
Audeze MM-500	over-ear	Super Review
Audeze Mobius	HMS II.3 over-ear	Rtings
Audeze Mobius (ballistics preset)	GRAS 43AG-7 over-ear	crinacle
Audeze Mobius (default preset)	GRAS 43AG-7 over-ear	crinacle
Audeze Mobius (default preset)	over-ear	oratory1990
Audeze Mobius (flat preset)	GRAS 43AG-7 over-ear	crinacle
Audeze Mobius (footsteps preset)	GRAS 43AG-7 over-ear	crinacle
Audeze Mobius (music preset)	GRAS 43AG-7 over-ear	crinacle
Audeze Mobius (racing preset)	GRAS 43AG-7 over-ear	crinacle
Audeze Mobius (RPG preset)	GRAS 43AG-7 over-ear	crinacle
Audeze MX-4	EARS + 711 over-ear	crinacle
Audeze Penrose	HMS II.3 over-ear	Rtings
Audeze SINE	over-ear	Innerfidelity
Audeze SINE	over-ear	oratory1990
Audeze SINE (Cipher cable)	over-ear	oratory1990
Audeze SINE (MSR-7 earpads)	over-ear	oratory1990
Audeze SINE DX	GRAS 43AG-7 over-ear	crinacle
Audeze SINE DX	over-ear	Innerfidelity
Audient EVO SR2000	over-ear	Auriculares Argentina
Audio Genetic AG2	711 in-ear	crinacle
Audio Zenith PMx2 (v1)	over-ear	Innerfidelity
Audio Zenith PMx2 (v1)	over-ear	oratory1990
Audio Zenith PMx2 (v2)	over-ear	oratory1990
Audio-Technica ATH-A1000X	over-ear	Innerfidelity
Audio-Technica ATH-A1000Z	GRAS 43AG-7 over-ear	crinacle
Audio-Technica ATH-A2000X	GRAS 43AG-7 over-ear	crinacle
Audio-Technica ATH-A2000Z	GRAS 43AG-7 over-ear	crinacle
Audio-Technica ATH-A2000Z	over-ear	Innerfidelity
Audio-Technica ATH-A2000Z	over-ear	oratory1990
Audio-Technica ATH-A55	over-ear	Headphone.com Legacy
Audio-Technica ATH-A700	over-ear	Headphone.com Legacy
Audio-Technica ATH-A900	over-ear	Headphone.com Legacy
Audio-Technica ATH-A900X	GRAS 43AG-7 over-ear	crinacle
Audio-Technica ATH-A900X	over-ear	Innerfidelity
Audio-Technica ATH-A990Z	EARS + 711 over-ear	crinacle
Audio-Technica ATH-A990Z	GRAS 43AG-7 over-ear	crinacle
Audio-Technica ATH-AD1000X	GRAS 43AG-7 over-ear	crinacle
Audio-Technica ATH-AD2000	GRAS 43AG-7 over-ear	crinacle
Audio-Technica ATH-AD2000X	over-ear	Innerfidelity
Audio-Technica ATH-AD500	over-ear	Headphone.com Legacy
Audio-Technica ATH-AD500	over-ear	Innerfidelity
Audio-Technica ATH-AD500X	GRAS 43AG-7 over-ear	crinacle
Audio-Technica ATH-AD500X	over-ear	kr0mka
Audio-Technica ATH-AD500X	over-ear	oratory1990
Audio-Technica ATH-AD700	over-ear	Headphone.com Legacy
Audio-Technica ATH-AD700	over-ear	Innerfidelity
Audio-Technica ATH-AD700X	GRAS 43AG-7 over-ear	crinacle
Audio-Technica ATH-AD700X	over-ear	oratory1990
Audio-Technica ATH-AD700X (2013)	HMS II.3 over-ear	Rtings
Audio-Technica ATH-AD900	over-ear	Headphone.com Legacy
Audio-Technica ATH-AD900	over-ear	Innerfidelity
Audio-Technica ATH-AD900X	GRAS 43AG-7 over-ear	crinacle
Audio-Technica ATH-ADX3000	Bruel & Kjaer 5128 over-ear	Rtings
Audio-Technica ATH-ADX5000	EARS + 711 over-ear	crinacle
Audio-Technica ATH-ADX5000	GRAS 43AG-7 over-ear	crinacle
Audio-Technica ATH-ADX5000	over-ear	oratory1990
Audio-Technica ATH-ADX5000 (Dekoni elite sheepskin earpads)	GRAS 43AG-7 over-ear	crinacle
Audio-Technica ATH-ADX5000 (Dekoni fenestrated sheepskin earpads)	GRAS 43AG-7 over-ear	crinacle
Audio-Technica ATH-ADX5000 (Yaxi A2000Z,AD2000X earpads)	GRAS 43AG-7 over-ear	crinacle
Audio-Technica ATH-ANC23	HMS II.3 in-ear	Rtings
Audio-Technica ATH-ANC300TW	711 in-ear	crinacle
Audio-Technica ATH-ANC33iS	HMS II.3 in-ear	Rtings
Audio-Technica ATH-ANC50iS (passive)	over-ear	Innerfidelity
Audio-Technica ATH-ANC70	HMS II.3 over-ear	Rtings
Audio-Technica ATH-ANC7b	over-ear	Headphone.com Legacy
Audio-Technica ATH-ANC7b	over-ear	Innerfidelity
Audio-Technica ATH-ANC7B	HMS II.3 over-ear	Rtings
Audio-Technica ATH-ANC9	over-ear	Innerfidelity
Audio-Technica ATH-ANC9	HMS II.3 over-ear	Rtings
Audio-Technica ATH-AWAS	GRAS 43AG-7 over-ear	crinacle
Audio-Technica ATH-AWKT	GRAS 43AG-7 over-ear	crinacle
Audio-Technica ATH-AWKT	over-ear	kr0mka
Audio-Technica ATH-AWKT	over-ear	oratory1990
Audio-Technica ATH-CK2000Ti	711 in-ear	crinacle
Audio-Technica ATH-CK3TW	711 in-ear	crinacle
Audio-Technica ATH-CKM500	in-ear	Innerfidelity
Audio-Technica ATH-CKN50	in-ear	oratory1990
Audio-Technica ATH-CKR7TW	711 in-ear	crinacle
Audio-Technica ATH-CKS5TW	711 in-ear	crinacle
Audio-Technica ATH-CKX5iS	in-ear	Innerfidelity
Audio-Technica ATH-CT200iS	Bruel & Kjaer 5128 in-ear	HypetheSonics
Audio-Technica ATH-DSR9BT	HMS II.3 over-ear	Rtings
Audio-Technica ATH-E70	711 in-ear	crinacle
Audio-Technica ATH-ES55	over-ear	Innerfidelity
Audio-Technica ATH-ESW9	over-ear	Headphone.com Legacy
Audio-Technica ATH-ESW9A	over-ear	Headphone.com Legacy
Audio-Technica ATH-EW9	GRAS 43AG-7 over-ear	crinacle
Audio-Technica ATH-FC700	over-ear	Innerfidelity
Audio-Technica ATH-FC700A	over-ear	Headphone.com Legacy
Audio-Technica ATH-G1	GRAS 43AG-7 over-ear	crinacle
Audio-Technica ATH-HL7BT	over-ear	Kuulokenurkka
Audio-Technica ATH-IEX1	711 in-ear	crinacle
Audio-Technica ATH-IM01	711 in-ear	crinacle
Audio-Technica ATH-IM02	711 in-ear	crinacle
Audio-Technica ATH-IM02	in-ear	Innerfidelity
Audio-Technica ATH-IM03	711 in-ear	crinacle
Audio-Technica ATH-L5000	GRAS 43AG-7 over-ear	crinacle
Audio-Technica ATH-LS200	711 in-ear	crinacle
Audio-Technica ATH-LS300	711 in-ear	crinacle
Audio-Technica ATH-LS400	711 in-ear	crinacle
Audio-Technica ATH-LS50	711 in-ear	crinacle
Audio-Technica ATH-M10	over-ear	Headphone.com Legacy
Audio-Technica ATH-M10	over-ear	Innerfidelity
Audio-Technica ATH-M20x	over-ear	oratory1990
Audio-Technica ATH-M20x	HMS II.3 over-ear	Rtings
Audio-Technica ATH-M30	EARS + 711 over-ear	crinacle
Audio-Technica ATH-M30x	HMS II.3 over-ear	Rtings
Audio-Technica ATH-M40	EARS + 711 over-ear	crinacle
Audio-Technica ATH-M40x	over-ear	Auriculares Argentina
Audio-Technica ATH-M40x	GRAS 43AG-7 over-ear	crinacle
Audio-Technica ATH-M40x	over-ear	oratory1990
Audio-Technica ATH-M40x	HMS II.3 over-ear	Rtings
Audio-Technica ATH-M50	over-ear	Headphone.com Legacy
Audio-Technica ATH-M50x	over-ear	Auriculares Argentina
Audio-Technica ATH-M50x	EARS + 711 over-ear	crinacle
Audio-Technica ATH-M50x	GRAS 43AG-7 over-ear	crinacle
Audio-Technica ATH-M50x	over-ear	Headphone.com Legacy
Audio-Technica ATH-M50x	over-ear	Innerfidelity
Audio-Technica ATH-M50x	over-ear	Kuulokenurkka
Audio-Technica ATH-M50x	over-ear	oratory1990
Audio-Technica ATH-M50x	Bruel & Kjaer 5128 over-ear	Rtings
Audio-Technica ATH-M50x (Dekoni sheepskin earpads)	over-ear	oratory1990
Audio-Technica ATH-M50x (Massdrop velours earpads)	over-ear	oratory1990
Audio-Technica ATH-M50xBT	GRAS 43AG-7 over-ear	crinacle
Audio-Technica ATH-M50xBT	HMS II.3 over-ear	Rtings
Audio-Technica ATH-M50xBT2	HMS II.3 over-ear	Rtings
Audio-Technica ATH-M60x	over-ear	oratory1990
Audio-Technica ATH-M60x	HMS II.3 over-ear	Rtings
Audio-Technica ATH-M70x	GRAS 43AG-7 over-ear	crinacle
Audio-Technica ATH-M70x	over-ear	Innerfidelity
Audio-Technica ATH-M70x	over-ear	oratory1990
Audio-Technica ATH-M70x	HMS II.3 over-ear	Rtings
Audio-Technica ATH-MSR7	over-ear	Innerfidelity
Audio-Technica ATH-MSR7b	GRAS 43AG-7 over-ear	crinacle
Audio-Technica ATH-MSR7b	over-ear	oratory1990
Audio-Technica ATH-MSR7NC	HMS II.3 over-ear	Rtings
Audio-Technica ATH-MSR7NC (ANC on)	over-ear	Innerfidelity
Audio-Technica ATH-MSR7NC (passive)	over-ear	Innerfidelity
Audio-Technica ATH-PRO700	over-ear	Headphone.com Legacy
Audio-Technica ATH-R50x	over-ear	oratory1990
Audio-Technica ATH-R70x	over-ear	Auriculares Argentina
Audio-Technica ATH-R70x	EARS + 711 over-ear	crinacle
Audio-Technica ATH-R70x	GRAS 43AG-7 over-ear	crinacle
Audio-Technica ATH-R70x	over-ear	Innerfidelity
Audio-Technica ATH-R70x	over-ear	Kuulokenurkka
Audio-Technica ATH-R70x	over-ear	oratory1990
Audio-Technica ATH-R70x	HMS II.3 over-ear	Rtings
Audio-Technica ATH-R70xa	over-ear	oratory1990
Audio-Technica ATH-SPORT7TW	711 in-ear	crinacle
Audio-Technica ATH-W1000X	over-ear	Innerfidelity
Audio-Technica ATH-W5000	over-ear	Headphone.com Legacy
Audio-Technica ATH-W5000	over-ear	Innerfidelity
Audio-Technica ATH-W5000 2013	over-ear	Innerfidelity
Audio-Technica ATH-WS55	over-ear	Innerfidelity
Audio-Technica ATH-WS99	over-ear	Innerfidelity
Audio-Technica BPHS1	over-ear	Filk
AudioFly Adagio Club Life	in-ear	Innerfidelity
AudioFly AF140	in-ear	Innerfidelity
AudioFly AF160	in-ear	Innerfidelity
AudioFly AF180	in-ear	Innerfidelity
AudioQuest NightHawk	GRAS 43AG-7 over-ear	crinacle
AudioQuest NightHawk	over-ear	Innerfidelity
AudioQuest NightHawk	over-ear	oratory1990
AudioQuest NightHawk (Brainwavz HM5 hybrid earpads)	in-ear	oratory1990
AudioQuest NightHawk (Shure SRH1540 alcantara earpads)	in-ear	oratory1990
AudioQuest NightOwl	GRAS 43AG-7 over-ear	crinacle
AudioQuest NightOwl	over-ear	Innerfidelity
AudioQuest NightOwl	over-ear	oratory1990
Audiosense AQ3	711 in-ear	crinacle
Audiosense AQ3	Bruel & Kjaer 4620 in-ear	crinacle
Audiosense AQ4	711 in-ear	crinacle
Audiosense AQ4	Bruel & Kjaer 4620 in-ear	crinacle
Audiosense AQ4	in-ear	Fahryst
Audiosense AQ7	711 in-ear	crinacle
Audiosense AQ7	Bruel & Kjaer 4620 in-ear	crinacle
Audiosense AQ7	in-ear	Super Review
Audiosense DT100	711 in-ear	crinacle
Audiosense DT100	in-ear	RikudouGoku
Audiosense DT200	711 in-ear	crinacle
Audiosense DT200	in-ear	Filk
Audiosense DT200	in-ear	freeryder05
Audiosense DT200	in-ear	Jaytiss
Audiosense DT200	in-ear	kr0mka
Audiosense DT200	in-ear	RikudouGoku
Audiosense DT200	in-ear	Super Review
Audiosense DT300	in-ear	RikudouGoku
Audiosense DT600	711 in-ear	crinacle
Audiosense DT600	in-ear	Fahryst
Audiosense DT600	in-ear	Harpo
Audiosense DT600	in-ear	RikudouGoku
Audiosense DT600 (80 ohm resistor)	711 in-ear	crinacle
Audiosense T180	in-ear	Super Review
Audiosense T180 Pro	in-ear	RikudouGoku
Audiosense T800	711 in-ear	crinacle
Audiosense T800	in-ear	RikudouGoku
AuGlamour F300	in-ear	Super Review
AuGlamour RT-3	in-ear	Hi End Portable
AuGlamour RT-3	in-ear	Super Review
AuGlamour T100	in-ear	Hi End Portable
AUKEY EP-B44	in-ear	Harpo
AUKEY Latitude	HMS II.3 in-ear	Rtings
AUKEY Latitude (balanced)	GRAS RA0045 in-ear	HypetheSonics
AUKEY Latitude (bass)	GRAS RA0045 in-ear	HypetheSonics
AUKEY Latitude (treble)	GRAS RA0045 in-ear	HypetheSonics
AUNE AR5000	over-ear	Auriculares Argentina
AUNE AR5000	over-ear	kr0mka
AUNE AR5000	over-ear	Kuulokenurkka
AUNE AR5000	over-ear	oratory1990
AUNE Jasper	711 in-ear	crinacle
AUNE Jasper	Bruel & Kjaer 4620 in-ear	crinacle
AUNE Jasper	in-ear	Super Review
Aure Audio Elixir	711 in-ear	crinacle
Aure Audio Elixir	Bruel & Kjaer 4620 in-ear	crinacle
Aure Audio Elixir (foam eartips)	GRAS RA0045 in-ear	HypetheSonics
Aure Audio Flame	711 in-ear	crinacle
Aure Audio Flame (foam eartips)	GRAS RA0045 in-ear	HypetheSonics
Aure Audio Storm	711 in-ear	crinacle
Aurex HR V9	over-ear	Innerfidelity
Auribus Acoustics Everest	over-ear	Super Review
Auribus Acoustics Sierra Open	over-ear	Super Review
Aurisonics Kicker	711 in-ear	crinacle
Aurisonics Rockets	in-ear	Innerfidelity
Aurorus Australis	GRAS 43AG-7 over-ear	crinacle
Aurorus Borealis	GRAS 43AG-7 over-ear	crinacle
Aurorus Borealis	over-ear	oratory1990
Austrian Audio Hi-X15	over-ear	oratory1990
Austrian Audio Hi-X20	over-ear	Kuulokenurkka
Austrian Audio Hi-X55	over-ear	oratory1990
Austrian Audio Hi-X60	over-ear	Filk
Austrian Audio Hi-X60	over-ear	oratory1990
Austrian Audio Hi-X60	over-ear	Super Review
Austrian Audio Hi-X65	over-ear	oratory1990
Austrian Audio The Composer	over-ear	Kuulokenurkka
Austrian Audio The Composer (minimal setting)	over-ear	oratory1990
Austrian Audio The Composer (standard setting)	over-ear	oratory1990
Avantone Planar	over-ear	oratory1990
Avantree HT5009	HMS II.3 over-ear	Rtings
AVIOT TE-D01b	711 in-ear	crinacle
AVIOT TE-D01d	711 in-ear	crinacle
Aya Siren	711 in-ear	crinacle
Aya Siren	Bruel & Kjaer 4620 in-ear	crinacle
Aya Trident	711 in-ear	crinacle
AZLA 01R Mk2	711 in-ear	crinacle
AZLA Azel	in-ear	RikudouGoku
AZLA Horizon	711 in-ear	crinacle
AZLA Orta	711 in-ear	crinacle
AüR Audio Aure	in-ear	Jaytiss
AüR Audio Aure	in-ear	Kazi
Bamboo Forest Bird Jinghong	in-ear	RikudouGoku
Bang & Olufsen Beoplay E8	711 in-ear	crinacle
Bang & Olufsen Beoplay E8	HMS II.3 in-ear	Rtings
Bang & Olufsen Beoplay E8 2.0	711 in-ear	crinacle
Bang & Olufsen Beoplay E8 2.0	HMS II.3 in-ear	Rtings
Bang & Olufsen Beoplay Earset 3i	HMS II.3 earbud	Rtings
Bang & Olufsen Beoplay Earset Wireless	HMS II.3 earbud	Rtings
Bang & Olufsen BeoPlay Ex	in-ear	DHRME
Bang & Olufsen Beoplay H3	in-ear	Fahryst
Bang & Olufsen Beoplay H6	over-ear	Innerfidelity
Bang & Olufsen Beoplay H6 (2nd Gen)	over-ear	Innerfidelity
Bang & Olufsen Beoplay H6 (2nd Gen)	HMS II.3 over-ear	Rtings
Bang & Olufsen BeoPlay H7	GRAS 43AG-7 over-ear	crinacle
Bang & Olufsen Beoplay H9	over-ear	oratory1990
Bang & Olufsen Beoplay H9 (Gen 1)	HMS II.3 over-ear	Rtings
Bang & Olufsen Beoplay H95	over-ear	oratory1990
Bang & Olufsen Beoplay H95	Bruel & Kjaer 5128 over-ear	Rtings
Bang & Olufsen Beoplay H9i	over-ear	oratory1990
Bang & Olufsen Beoplay H9i	HMS II.3 over-ear	Rtings
Bang & Olufsen Beoplay Portal	HMS II.3 over-ear	Rtings
Bang & Olufsen E8 3.0	HMS II.3 in-ear	Rtings
Baseus AeQur GH02 (active)	over-ear	Filk
Baseus AeQur GH02 (passive)	over-ear	Filk
Baseus AirGo AS01	in-ear	Regan Cipher
Baseus Bowie (original EQ)	in-ear	Harpo
Baseus Bowie D05	over-ear	Filk
Baseus Bowie MA20 (ANC off)	in-ear	Filk
Baseus Bowie MA20 (ANC on)	in-ear	Filk
Baseus M2s	in-ear	Regan Cipher
BASN Bmaster	GRAS RA0045 in-ear	HypetheSonics
BASN Bmaster5	in-ear	Bakkwatan
BASN Metalen	in-ear	Jaytiss
BASN Mix-PD	in-ear	Jaytiss
BASN MMCX	in-ear	Regan Cipher
BASN MTPro	in-ear	Jaytiss
BASN MTPro	in-ear	Kazi
Beats Beats Powerbeats 4	HMS II.3 in-ear	Rtings
Beats EP On-Ear	HMS II.3 over-ear	Rtings
Beats Fit Pro	HMS II.3 in-ear	Rtings
Beats Flex	HMS II.3 in-ear	Rtings
Beats Mixr	over-ear	Innerfidelity
Beats Powerbeats 2 Wireless	over-ear	Innerfidelity
Beats Powerbeats Pro	in-ear	Harpo
Beats Powerbeats Pro	in-ear	oratory1990
Beats Powerbeats Pro	HMS II.3 in-ear	Rtings
Beats PowerBeats Pro 2	in-ear	DHRME
Beats Powerbeats3 Wireless	HMS II.3 in-ear	Rtings
Beats Pro	over-ear	Innerfidelity
Beats Pro	over-ear	oratory1990
Beats Solo	over-ear	Innerfidelity
Beats Solo (sample 1)	over-ear	Innerfidelity
Beats Solo (sample 2)	over-ear	Innerfidelity
Beats Solo 4	Bruel & Kjaer 5128 over-ear	Rtings
Beats Solo Buds	Bruel & Kjaer 5128 in-ear	Rtings
Beats Solo HD	over-ear	Innerfidelity
Beats Solo Pro	over-ear	oratory1990
Beats Solo Pro	HMS II.3 over-ear	Rtings
Beats Solo2 (2014)	over-ear	Innerfidelity
Beats Solo3 (2016, wired)	over-ear	Innerfidelity
Beats Solo3 (2016, wireless)	over-ear	Innerfidelity
Beats Solo3 (wireless, 2019)	HMS II.3 over-ear	Rtings
Beats Solo3 Wireless (2018)	HMS II.3 over-ear	Rtings
Beats Studio	over-ear	Innerfidelity
Beats Studio 2 (2014)	over-ear	Innerfidelity
Beats Studio 2 (Bluetooth)	over-ear	Innerfidelity
Beats Studio Buds	in-ear	oratory1990
Beats Studio Buds	HMS II.3 in-ear	Rtings
Beats Studio Buds +	in-ear	freeryder05
Beats Studio Buds +	in-ear	Kazi
Beats Studio Buds +	HMS II.3 in-ear	Rtings
Beats Studio Pro	Bruel & Kjaer 5128 over-ear	Rtings
Beats Studio Wireless	HMS II.3 over-ear	Rtings
Beats Studio3 Wireless	over-ear	Auriculares Argentina
Beats Studio3 Wireless	over-ear	oratory1990
Beats Studio3 Wireless	HMS II.3 over-ear	Rtings
Beats Tour	in-ear	Innerfidelity
Beats Tour (2014)	in-ear	Innerfidelity
Beats urBeats	HMS II.3 in-ear	Rtings
Beats urBeats3	HMS II.3 in-ear	Rtings
Beats X	HMS II.3 in-ear	Rtings
Behringer HC 200	over-ear	Auriculares Argentina
Behringer HPS5000	over-ear	Innerfidelity
Behringer SD251-BT	in-ear	kr0mka
Betron YSM1000	HMS II.3 in-ear	Rtings
Beyerdynamic Amiron 100 (eq off)	in-ear	DHRME
Beyerdynamic Amiron 300 (eq off, ANC Max)	in-ear	DHRME
Beyerdynamic Amiron Home	GRAS 43AG-7 over-ear	crinacle
Beyerdynamic Amiron Home	over-ear	oratory1990
Beyerdynamic Amiron Wireless	HMS II.3 over-ear	Rtings
Beyerdynamic Amiron Wireless (Bluetooth)	over-ear	oratory1990
Beyerdynamic Amiron Wireless (wired)	over-ear	oratory1990
Beyerdynamic Aventho Wireless	GRAS 43AG-7 over-ear	crinacle
Beyerdynamic Aventho Wireless	over-ear	oratory1990
Beyerdynamic Blue Byrd	in-ear	oratory1990
Beyerdynamic Custom One Pro (step 1)	over-ear	Innerfidelity
Beyerdynamic Custom One Pro (step 2)	over-ear	Headphone.com Legacy
Beyerdynamic Custom One Pro (step 2)	over-ear	Innerfidelity
Beyerdynamic Custom One Pro (step 3)	over-ear	Innerfidelity
Beyerdynamic Custom One Pro (step 4)	over-ear	Innerfidelity
Beyerdynamic Custom One Pro Plus (step 3)	over-ear	oratory1990
Beyerdynamic DJX-1	over-ear	Innerfidelity
Beyerdynamic DT 100 (2x 2k Ohm)	over-ear	Innerfidelity
Beyerdynamic DT 1350	GRAS 43AG-7 over-ear	crinacle
Beyerdynamic DT 1350	over-ear	Headphone.com Legacy
Beyerdynamic DT 150 (250 Ohm)	over-ear	Innerfidelity
Beyerdynamic DT 1770 (leatherette earpads)	over-ear	oratory1990
Beyerdynamic DT 1770 (velour earpads)	over-ear	oratory1990
Beyerdynamic DT 1770 (velour earpads)	HMS II.3 over-ear	Rtings
Beyerdynamic DT 1770 Pro (velour earpads)	GRAS 43AG-7 over-ear	crinacle
Beyerdynamic DT 177X Go (leather earpads)	over-ear	oratory1990
Beyerdynamic DT 177X Go (velour earpads)	over-ear	oratory1990
Beyerdynamic DT 1990 (analytic earpads)	over-ear	oratory1990
Beyerdynamic DT 1990 (balanced earpads)	GRAS 43AG-7 over-ear	crinacle
Beyerdynamic DT 1990 (balanced earpads)	over-ear	oratory1990
Beyerdynamic DT 1990 (balanced earpads)	HMS II.3 over-ear	Rtings
Beyerdynamic DT 1990 Pro (analytical earpads)	GRAS 43AG-7 over-ear	crinacle
Beyerdynamic DT 1990 Pro (Dekoni Elite velour earpads)	GRAS 43AG-7 over-ear	crinacle
Beyerdynamic DT 1990 Pro MKII	Bruel & Kjaer 5128 over-ear	Rtings
Beyerdynamic DT 231	over-ear	Headphone.com Legacy
Beyerdynamic DT 235	over-ear	Headphone.com Legacy
Beyerdynamic DT 235	over-ear	Innerfidelity
Beyerdynamic DT 240	over-ear	oratory1990
Beyerdynamic DT 240 Pro	over-ear	Innerfidelity
Beyerdynamic DT 250 (250 Ohm)	over-ear	Headphone.com Legacy
Beyerdynamic DT 250 (250 Ohm)	over-ear	Innerfidelity
Beyerdynamic DT 250 (250 Ohm)	over-ear	oratory1990
Beyerdynamic DT 250 (80 Ohm)	GRAS 43AG-7 over-ear	crinacle
Beyerdynamic DT 250 (80 Ohm)	over-ear	oratory1990
Beyerdynamic DT 48	over-ear	Innerfidelity
Beyerdynamic DT 48 (loose)	over-ear	Innerfidelity
Beyerdynamic DT 48 E (120 Ohm)	over-ear	Innerfidelity
Beyerdynamic DT 48 E (earpad holes covered)	over-ear	Innerfidelity
Beyerdynamic DT 48 S (5 Ohm)	over-ear	Innerfidelity
Beyerdynamic DT 700 Pro X	over-ear	Kuulokenurkka
Beyerdynamic DT 700 Pro X	over-ear	oratory1990
Beyerdynamic DT 700 Pro X	HMS II.3 over-ear	Rtings
Beyerdynamic DT 770 (Alpha earpads)	over-ear	oratory1990
Beyerdynamic DT 770 M	over-ear	oratory1990
Beyerdynamic DT 770 Pro	over-ear	Auriculares Argentina
Beyerdynamic DT 770 Pro	over-ear	oratory1990
Beyerdynamic DT 770 Pro	Bruel & Kjaer 5128 over-ear	Rtings
Beyerdynamic DT 770 Pro (250 Ohm)	over-ear	Auriculares Argentina
Beyerdynamic DT 770 Pro (250 Ohm)	GRAS 43AG-7 over-ear	crinacle
Beyerdynamic DT 770 Pro (250 Ohm)	over-ear	Headphone.com Legacy
Beyerdynamic DT 770 Pro (32 ohm Limited Edition, pleather earpads)	over-ear	Kuulokenurkka
Beyerdynamic DT 770 Pro (32 Ohm)	over-ear	Headphone.com Legacy
Beyerdynamic DT 770 Pro (32 ohm)	over-ear	Super Review
Beyerdynamic DT 770 Pro (600 Ohm)	over-ear	Headphone.com Legacy
Beyerdynamic DT 770 Pro (600 Ohm)	over-ear	Innerfidelity
Beyerdynamic DT 770 Pro (80 Ohm)	over-ear	Auriculares Argentina
Beyerdynamic DT 770 Pro (80 Ohm)	GRAS 43AG-7 over-ear	crinacle
Beyerdynamic DT 770 Pro (80 Ohm)	over-ear	Kuulokenurkka
Beyerdynamic DT 770 Pro (Dekoni hybrid earpads)	over-ear	oratory1990
Beyerdynamic DT 770 Pro (worn earpads)	over-ear	oratory1990
Beyerdynamic DT 860	GRAS 43AG-7 over-ear	crinacle
Beyerdynamic DT 880	over-ear	Auriculares Argentina
Beyerdynamic DT 880	over-ear	oratory1990
Beyerdynamic DT 880	HMS II.3 over-ear	Rtings
Beyerdynamic DT 880 (250 Ohm)	over-ear	Auriculares Argentina
Beyerdynamic DT 880 (250 Ohm)	over-ear	Headphone.com Legacy
Beyerdynamic DT 880 (250 Ohm)	over-ear	Innerfidelity
Beyerdynamic DT 880 (32 Ohm)	GRAS 43AG-7 over-ear	crinacle
Beyerdynamic DT 880 (32 Ohm)	over-ear	Headphone.com Legacy
Beyerdynamic DT 880 (32 Ohm)	over-ear	Innerfidelity
Beyerdynamic DT 880 (600 Ohm)	over-ear	Headphone.com Legacy
Beyerdynamic DT 880 (600 Ohm)	over-ear	Innerfidelity
Beyerdynamic DT 880 (600 ohm)	over-ear	Super Review
Beyerdynamic DT 880 (worn earpads)	over-ear	oratory1990
Beyerdynamic DT 880 2003 Edition	over-ear	oratory1990
Beyerdynamic DT 880 Black Edition	over-ear	oratory1990
Beyerdynamic DT 880 Edition (600 Ohm)	over-ear	oratory1990
Beyerdynamic DT 900 Pro X	over-ear	Kuulokenurkka
Beyerdynamic DT 900 Pro X	over-ear	oratory1990
Beyerdynamic DT 900 Pro X	HMS II.3 over-ear	Rtings
Beyerdynamic DT 900 Pro X	over-ear	Super Review
Beyerdynamic DT 990 (600 Ohm)	over-ear	Headphone.com Legacy
Beyerdynamic DT 990 (fresh earpads)	over-ear	oratory1990
Beyerdynamic DT 990 (worn earpads)	over-ear	oratory1990
Beyerdynamic DT 990 Pro	over-ear	Auriculares Argentina
Beyerdynamic DT 990 Pro	over-ear	Headphone.com Legacy
Beyerdynamic DT 990 Pro	over-ear	oratory1990
Beyerdynamic DT 990 Pro	Bruel & Kjaer 5128 over-ear	Rtings
Beyerdynamic DT 990 Pro (250 Ohm)	over-ear	Auriculares Argentina
Beyerdynamic DT 990 Pro (250 Ohm)	GRAS 43AG-7 over-ear	crinacle
Beyerdynamic DT 990 Pro Black Edition	over-ear	Auriculares Argentina
Beyerdynamic DT1990 (Dekoni Elite velour earpads)	over-ear	oratory1990
Beyerdynamic DT770 Pro X Limited Edition	over-ear	Kuulokenurkka
Beyerdynamic DT770 Pro X Limited Edition	over-ear	oratory1990
Beyerdynamic DTX 300p	over-ear	Innerfidelity
Beyerdynamic DTX 350m	over-ear	Innerfidelity
Beyerdynamic DTX 350p	over-ear	oratory1990
Beyerdynamic ET1000	over-ear	oratory1990
Beyerdynamic Lagoon	over-ear	oratory1990
Beyerdynamic MMX 300	over-ear	oratory1990
Beyerdynamic MMX 300 (2nd Generation)	Bruel & Kjaer 5128 over-ear	Rtings
Beyerdynamic MMX 300 (Dekoni Choice leather earpads)	over-ear	oratory1990
Beyerdynamic MMX100	over-ear	oratory1990
Beyerdynamic MMX150	over-ear	oratory1990
Beyerdynamic T1	over-ear	Headphone.com Legacy
Beyerdynamic T1	over-ear	Innerfidelity
Beyerdynamic T1 (2nd Gen)	over-ear	oratory1990
Beyerdynamic T1 (2nd Gen)	HMS II.3 over-ear	Rtings
Beyerdynamic T1 (3rd Gen)	GRAS 43AG-7 over-ear	crinacle
Beyerdynamic T1 (3rd Gen)	over-ear	oratory1990
Beyerdynamic T1 (sample 1)	over-ear	Innerfidelity
Beyerdynamic T1 (serial number 3964)	over-ear	Innerfidelity
Beyerdynamic T5 (3rd Gen)	GRAS 43AG-7 over-ear	crinacle
Beyerdynamic T5 (3rd Gen)	over-ear	oratory1990
Beyerdynamic T50p	over-ear	Headphone.com Legacy
Beyerdynamic T50p	over-ear	Innerfidelity
Beyerdynamic T50p (sample A)	over-ear	Innerfidelity
Beyerdynamic T50p (sample B)	over-ear	Innerfidelity
Beyerdynamic T50p (serial number 16912)	over-ear	Innerfidelity
Beyerdynamic T51i	over-ear	Innerfidelity
Beyerdynamic T5p	GRAS 43AG-7 over-ear	crinacle
Beyerdynamic T5p	over-ear	Headphone.com Legacy
Beyerdynamic T5p	over-ear	HypetheSonics
Beyerdynamic T5p	over-ear	Innerfidelity
Beyerdynamic T5p (sample 1)	over-ear	Innerfidelity
Beyerdynamic T5p (serial number 2866)	over-ear	Innerfidelity
Beyerdynamic T70	GRAS 43AG-7 over-ear	crinacle
Beyerdynamic T70	over-ear	Headphone.com Legacy
Beyerdynamic T70	over-ear	oratory1990
Beyerdynamic T70 (sample 1)	over-ear	Innerfidelity
Beyerdynamic T70 (serial number 01111)	over-ear	Innerfidelity
Beyerdynamic T70p	over-ear	Headphone.com Legacy
Beyerdynamic T90	over-ear	Headphone.com Legacy
Beyerdynamic T90	over-ear	Innerfidelity
Beyerdynamic TYGR 300	over-ear	oratory1990
Beyerdynamic TYGR 300 R	GRAS 43AG-7 over-ear	crinacle
Beyerdynamic Xelento	711 in-ear	crinacle
Beyerdynamic Xelento	Bruel & Kjaer 5128 in-ear	HypetheSonics
Beyerdynamic Xelento	in-ear	oratory1990
Beyerdynamic Xelento (2nd Gen)	in-ear	Harpo
Beyerdynamic Xelento (2nd Gen)	GRAS RA0045 in-ear	HypetheSonics
Beyerdynamic Xelento Wireless	in-ear	Kazi
BGVP DM6	711 in-ear	crinacle
BGVP DM6	HMS II.3 in-ear	Rtings
BGVP DM6	in-ear	Super Review
BGVP DM7	711 in-ear	crinacle
BGVP DM7	Bruel & Kjaer 4620 in-ear	crinacle
BGVP DM8	in-ear	Super Review
BGVP DM9	in-ear	Super Review
BGVP DMA	in-ear	Super Review
BGVP DMA	in-ear	ToneDeafMonk
BGVP DMG	in-ear	oratory1990
BGVP DMG (black)	711 in-ear	crinacle
BGVP DMG (foam eartips)	in-ear	oratory1990
BGVP DMG (gold)	711 in-ear	crinacle
BGVP DMG (silver)	711 in-ear	crinacle
BGVP DMG (silver)	in-ear	Super Review
BGVP DMS	711 in-ear	crinacle
BGVP DN3	711 in-ear	crinacle
BGVP DN3	Bruel & Kjaer 4620 in-ear	crinacle
BGVP DS1 Pro	711 in-ear	crinacle
BGVP DS1 Pro	Bruel & Kjaer 4620 in-ear	crinacle
BGVP ES12 (off-off-off)	711 in-ear	crinacle
BGVP ES12 (off-off-on)	711 in-ear	crinacle
BGVP ES12 (off-on-off)	711 in-ear	crinacle
BGVP ES12 (on-off-off)	711 in-ear	crinacle
BGVP ES12 (on-on-on)	711 in-ear	crinacle
BGVP Melody (balanced nozzle)	in-ear	Super Review
BGVP Melody (hifi nozzle)	in-ear	Super Review
BGVP Melody (pop nozzle)	in-ear	Super Review
BGVP NS10 PRO (red filter)	in-ear	ToneDeafMonk
BGVP NS10 PRO (short filter)	in-ear	ToneDeafMonk
BGVP NS10 PRO (silver filter)	in-ear	ToneDeafMonk
BGVP NS9 (black eartips)	in-ear	Super Review
BGVP NS9 (gray filter)	in-ear	Super Review
BGVP NS9 (no mesh, black eartips)	in-ear	Super Review
BGVP NS9 (red filter)	in-ear	Super Review
BGVP NS9 (silver filter)	in-ear	Super Review
BGVP P05 (no filter, standard nozzle)	in-ear	Harpo
BGVP P05 (red filter, alternative nozzle)	in-ear	Harpo
BGVP P05 (red filter, standard nozzle)	in-ear	Harpo
BGVP P05 (silver filter, alternative nozzle)	in-ear	Harpo
BGVP P05 (silver filter, standard nozzle)	in-ear	Harpo
BGVP P05 (taped filter, standard nozzle)	in-ear	Harpo
BGVP Phantom	in-ear	Super Review
BGVP Phantom SE Snake Edition	in-ear	ToneDeafMonk
BGVP Scale	in-ear	Fahryst
BGVP Scale	in-ear	Harpo
BGVP SGZ-DN1S	in-ear	Hi End Portable
BGVP Solomon	in-ear	ToneDeafMonk
BGVP VG4 (off-off-off)	711 in-ear	crinacle
BGVP VG4 (off-off-on)	711 in-ear	crinacle
BGVP VG4 (off-on-off)	711 in-ear	crinacle
BGVP VG4 (on-off-off)	711 in-ear	crinacle
BGVP ZERO	711 in-ear	crinacle
Big Bus Earbuds	711 in-ear	crinacle
Binary Acoustics Dynaquattro	in-ear	Jaytiss
Binary Acoustics Dynaquattro	in-ear	Super Review
Binary Acoustics Dynaquattro	in-ear	ToneDeafMonk
Binary Acoustics x Gizaudio Chopin	711 in-ear	crinacle
Binary Acoustics x Gizaudio Chopin	Bruel & Kjaer 4620 in-ear	crinacle
Binary Acoustics x Gizaudio Chopin	in-ear	Fahryst
Binary Acoustics x Gizaudio Chopin	in-ear	Jaytiss
Binary Acoustics x Gizaudio Chopin	in-ear	Super Review
Binary Acoustics x Gizaudio Chopin	in-ear	ToneDeafMonk
BKHC BK9	over-ear	Innerfidelity
Bloc Roc Galvanize S2	over-ear	Innerfidelity
BLON Annotation	Bruel & Kjaer 4620 in-ear	crinacle
BLON B-Mini	GRAS RA0045 in-ear	HypetheSonics
BLON B20	EARS + 711 over-ear	crinacle
BLON B20	GRAS 43AG-7 over-ear	crinacle
BLON B60	GRAS 43AG-7 over-ear	crinacle
BLON BL-01	Bruel & Kjaer 4620 in-ear	crinacle
BLON BL-01	in-ear	Hi End Portable
BLON BL-01	in-ear	oratory1990
BLON BL-01	in-ear	RikudouGoku
BLON BL-03	711 in-ear	crinacle
BLON BL-03	Bruel & Kjaer 4620 in-ear	crinacle
BLON BL-03	in-ear	freeryder05
BLON BL-03	in-ear	Harpo
BLON BL-03	in-ear	Hi End Portable
BLON BL-03	GRAS RA0045 in-ear	HypetheSonics
BLON BL-03	in-ear	Jaytiss
BLON BL-03	in-ear	oratory1990
BLON BL-03	in-ear	Super Review
BLON BL-05	711 in-ear	crinacle
BLON BL-05	Bruel & Kjaer 4620 in-ear	crinacle
BLON BL-05	in-ear	Hi End Portable
BLON BL-05	Bruel & Kjaer 5128 in-ear	HypetheSonics
BLON BL-05	in-ear	RikudouGoku
BLON BL-05	in-ear	Super Review
BLON BL-A8 Prometheus	711 in-ear	crinacle
BLON BL-A8 Prometheus	in-ear	Harpo
BLON BL-A8 Prometheus	in-ear	Super Review
BLON BL-Max	711 in-ear	crinacle
BLON BL-Max	Bruel & Kjaer 4620 in-ear	crinacle
BLON BL-Max	in-ear	Fahryst
BLON BL-Max	in-ear	Harpo
BLON BL-Max	in-ear	Hi End Portable
BLON BL07	in-ear	Harpo
BLON Fat Girl	in-ear	Harpo
BLON x HBB Z300	in-ear	Bakkwatan
BLON x HBB Z300	in-ear	Fahryst
BLON x HBB Z300	in-ear	Harpo
BLON x HBB Z300	in-ear	Hi End Portable
BLON x HBB Z300	in-ear	Kazi
BLON x HBB Z300	in-ear	RikudouGoku
BLON x HBB Z300	in-ear	Super Review
BLON x HBB Z300	in-ear	ToneDeafMonk
BLON x Z Jojo	in-ear	Hi End Portable
BLON Z200	in-ear	Harpo
Blue Lola	over-ear	Innerfidelity
Blue MOFI (active)	over-ear	Innerfidelity
Blue MOFI (active+)	over-ear	Innerfidelity
Blue MOFI (passive)	over-ear	Innerfidelity
BlueAnt Embrace	over-ear	Innerfidelity
Bluedio R2-WH	over-ear	Innerfidelity
Bluedio T2S	HMS II.3 over-ear	Rtings
Bluedio T3 Plus	HMS II.3 over-ear	Rtings
Bluedio T4 Turbine	HMS II.3 over-ear	Rtings
Bluedio U Plus	HMS II.3 over-ear	Rtings
BlueParrott B450-XT	HMS II.3 over-ear	Rtings
Boltune BT-BH024	in-ear	Regan Cipher
Boltune BT-BH024	HMS II.3 in-ear	Rtings
Boqari Q1	in-ear	Innerfidelity
Bose AE2	over-ear	Innerfidelity
Bose Hearphones	HMS II.3 in-ear	Rtings
Bose IE2	in-ear	Harpo
Bose Noise Cancelling Headphones 700	GRAS 43AG-7 over-ear	crinacle
Bose Noise Cancelling Headphones 700	over-ear	oratory1990
Bose Noise Cancelling Headphones 700	Bruel & Kjaer 5128 over-ear	Rtings
Bose Q25 (ANC off)	in-ear	oratory1990
Bose QuietComfort	over-ear	HypetheSonics
Bose QuietComfort	Bruel & Kjaer 5128 over-ear	Rtings
Bose QuietComfort 15	over-ear	Headphone.com Legacy
Bose QuietComfort 15	over-ear	Innerfidelity
Bose QuietComfort 20	over-ear	Innerfidelity
Bose QuietComfort 20	in-ear	oratory1990
Bose QuietComfort 20	HMS II.3 in-ear	Rtings
Bose QuietComfort 20 (passive)	over-ear	Innerfidelity
Bose QuietComfort 20 (passive)	in-ear	oratory1990
Bose QuietComfort 25	over-ear	Innerfidelity
Bose QuietComfort 25	over-ear	oratory1990
Bose QuietComfort 25	HMS II.3 over-ear	Rtings
Bose QuietComfort 25 (passive)	over-ear	Innerfidelity
Bose QuietComfort 3	over-ear	Headphone.com Legacy
Bose QuietComfort 35	HMS II.3 over-ear	Rtings
Bose QuietComfort 35 (wired, active)	over-ear	Innerfidelity
Bose QuietComfort 35 (wired, passive)	over-ear	Innerfidelity
Bose QuietComfort 35 (wireless)	over-ear	Innerfidelity
Bose QuietComfort 35 II	GRAS 43AG-7 over-ear	crinacle
Bose QuietComfort 35 II	HMS II.3 over-ear	Rtings
Bose QuietComfort 35 II (passive)	GRAS 43AG-7 over-ear	crinacle
Bose QuietComfort 35 II (passive)	over-ear	HypetheSonics
Bose QuietComfort 35 II Gaming Headset​	HMS II.3 over-ear	Rtings
Bose QuietComfort 45	over-ear	oratory1990
Bose QuietComfort 45	Bruel & Kjaer 5128 over-ear	Rtings
Bose QuietComfort 45 (ANC on)	over-ear	Filk
Bose QuietComfort 45 (passive)	over-ear	Filk
Bose QuietComfort Earbuds	HMS II.3 in-ear	Rtings
Bose QuietComfort EarBuds 2024	in-ear	DHRME
Bose QuietComfort Earbuds II	Bruel & Kjaer 5128 in-ear	Rtings
Bose QuietComfort II (100dB)	GRAS RA0045 in-ear	HypetheSonics
Bose QuietComfort II (80dB)	GRAS RA0045 in-ear	HypetheSonics
Bose QuietComfort II (90dB)	GRAS RA0045 in-ear	HypetheSonics
Bose QuietComfort SE (ANC on)	over-ear	Kuulokenurkka
Bose QuietComfort SE (passive)	over-ear	Kuulokenurkka
Bose QuietComfort Ultra (ANC on)	over-ear	Filk
Bose QuietComfort Ultra (ANC on)	over-ear	Kuulokenurkka
Bose QuietComfort Ultra Earbuds	in-ear	DHRME
Bose QuietComfort Ultra Earbuds	Bruel & Kjaer 5128 in-ear	Rtings
Bose QuietComfort Ultra Headphones	over-ear	HypetheSonics
Bose QuietComfort Ultra Headphones	Bruel & Kjaer 5128 over-ear	Rtings
Bose QuietControl 30	HMS II.3 over-ear	Rtings
Bose SoundLink Around-Ear II	HMS II.3 over-ear	Rtings
Bose SoundLink On-Ear	HMS II.3 over-ear	Rtings
Bose SoundSport Free	711 in-ear	crinacle
Bose SoundSport Free	GRAS RA0045 in-ear	HypetheSonics
Bose SoundSport Free	in-ear	oratory1990
Bose SoundSport Free	HMS II.3 in-ear	Rtings
Bose SoundSport In-Ear	HMS II.3 in-ear	Rtings
Bose SoundSport Wireless	in-ear	oratory1990
Bose SoundSport Wireless	HMS II.3 in-ear	Rtings
Bose SoundTrue Around-Ear II	HMS II.3 over-ear	Rtings
Bose SoundTrue Ultra In-Ear	HMS II.3 in-ear	Rtings
Bose Sport Earbuds	HMS II.3 in-ear	Rtings
Bose Sport Open Earbuds	HMS II.3 earbud	Rtings
Bose Ultra Open Earbuds	Bruel & Kjaer 5128 earbud	Rtings
Bowers & Wilkins C5	in-ear	Innerfidelity
Bowers & Wilkins C5 Series 2	in-ear	oratory1990
Bowers & Wilkins P3	over-ear	Innerfidelity
Bowers & Wilkins P5	over-ear	Innerfidelity
Bowers & Wilkins P5	over-ear	oratory1990
Bowers & Wilkins P5 Series 2	over-ear	Innerfidelity
Bowers & Wilkins P5 Series 2	HMS II.3 over-ear	Rtings
Bowers & Wilkins P5 Wireless	HMS II.3 over-ear	Rtings
Bowers & Wilkins P7	over-ear	Innerfidelity
Bowers & Wilkins P7	HMS II.3 over-ear	Rtings
Bowers & Wilkins P7 Wireless (wired)	over-ear	Innerfidelity
Bowers & Wilkins P7 Wireless (wireless)	over-ear	Innerfidelity
Bowers & Wilkins Pi7	HMS II.3 in-ear	Rtings
Bowers & Wilkins Pi7 S2	HMS II.3 in-ear	Rtings
Bowers & Wilkins Pi7 S2 (ANC Off)	in-ear	DHRME
Bowers & Wilkins Pi7 S2 (ANC On)	in-ear	DHRME
Bowers & Wilkins Pi8	in-ear	DHRME
Bowers & Wilkins PX	GRAS 43AG-7 over-ear	crinacle
Bowers & Wilkins PX	HMS II.3 over-ear	Rtings
Bowers & Wilkins PX5	HMS II.3 over-ear	Rtings
Bowers & Wilkins PX7	HMS II.3 over-ear	Rtings
Bowers & Wilkins Px7 S2	over-ear	Kuulokenurkka
Bowers & Wilkins Px7 S2	over-ear	oratory1990
Bowers & Wilkins Px7 S2	Bruel & Kjaer 5128 over-ear	Rtings
Bowers & Wilkins Px7 S2e	over-ear	oratory1990
Bowers & Wilkins Px7 S2e (ANC off)	over-ear	Kuulokenurkka
Bowers & Wilkins Px7 S2e (ANC on)	over-ear	Kuulokenurkka
Bowers & Wilkins PX7 S3 (ANC off, position1)	over-ear	Kuulokenurkka
Bowers & Wilkins PX7 S3 (ANC on, position 1)	over-ear	Kuulokenurkka
Bowers & Wilkins PX7 S3 (ANC on, position 2)	over-ear	Kuulokenurkka
Bowers & Wilkins PX7 S3 (ANC on, position 3)	over-ear	Kuulokenurkka
Bowers & Wilkins PX7 S3 (ANC on, position 4)	over-ear	Kuulokenurkka
Bowers & Wilkins Px8	over-ear	oratory1990
Bowers & Wilkins Px8	Bruel & Kjaer 5128 over-ear	Rtings
BQEYZ Autumn (bass filter)	711 in-ear	crinacle
BQEYZ Autumn (bass filter)	Bruel & Kjaer 4620 in-ear	crinacle
BQEYZ Autumn (bass filter)	in-ear	Fahryst
BQEYZ Autumn (bass filter)	in-ear	Hi End Portable
BQEYZ Autumn (bass filter)	in-ear	RikudouGoku
BQEYZ Autumn (bass filter)	in-ear	Super Review
BQEYZ Autumn (no filter)	in-ear	Super Review
BQEYZ Autumn (normal filter)	711 in-ear	crinacle
BQEYZ Autumn (normal filter)	Bruel & Kjaer 4620 in-ear	crinacle
BQEYZ Autumn (normal filter)	in-ear	Fahryst
BQEYZ Autumn (normal filter)	in-ear	Hi End Portable
BQEYZ Autumn (normal filter)	in-ear	RikudouGoku
BQEYZ Autumn (normal filter)	in-ear	Super Review
BQEYZ Autumn (treble filter)	711 in-ear	crinacle
BQEYZ Autumn (treble filter)	Bruel & Kjaer 4620 in-ear	crinacle
BQEYZ Autumn (treble filter)	in-ear	Fahryst
BQEYZ Autumn (treble filter)	in-ear	Hi End Portable
BQEYZ Autumn (treble filter)	in-ear	RikudouGoku
BQEYZ Autumn (treble filter)	in-ear	Super Review
BQEYZ Cloud	in-ear	Fahryst
BQEYZ Cloud	in-ear	Hi End Portable
BQEYZ Frost	in-ear	Hi End Portable
BQEYZ Frost	in-ear	Kazi
BQEYZ Frost	in-ear	Super Review
BQEYZ K1	in-ear	Hi End Portable
BQEYZ KB100	in-ear	Hi End Portable
BQEYZ Spring 1	711 in-ear	crinacle
BQEYZ Spring 1 (mesh mod)	711 in-ear	crinacle
BQEYZ Spring 2	in-ear	Hi End Portable
BQEYZ Spring 2	in-ear	RikudouGoku
BQEYZ Summer	711 in-ear	crinacle
BQEYZ Summer	Bruel & Kjaer 4620 in-ear	crinacle
BQEYZ Summer	in-ear	Hi End Portable
BQEYZ Topaz	in-ear	Hi End Portable
BQEYZ Wind	in-ear	Fahryst
BQEYZ Wind	in-ear	Hi End Portable
BQEYZ Wind	in-ear	ToneDeafMonk
BQEYZ Winter	in-ear	Fahryst
BQEYZ Winter	in-ear	Hi End Portable
Brainwavz B400	711 in-ear	crinacle
Brainwavz HM5	HMS II.3 over-ear	Rtings
Brainwavz Koel	in-ear	Super Review
Brainwavz M2	in-ear	Innerfidelity
Brainwavz M5	in-ear	oratory1990
Brainwavz R3	in-ear	Innerfidelity
Brainwavz S0	in-ear	Innerfidelity
Brainwavz S1	in-ear	Innerfidelity
Brainwavz S5	in-ear	Innerfidelity
BÖHM B-66	HMS II.3 over-ear	Rtings
Caeden Linea No 10 (wired, active)	over-ear	Innerfidelity
Caeden Linea No 10 (wired, passive)	over-ear	Innerfidelity
California Headphone Company Lorado	over-ear	Innerfidelity
California Headphone Company Silverado	over-ear	Innerfidelity
Cambridge Audio Melomania 1	HMS II.3 in-ear	Rtings
Cambridge Audio Melomania 1+	HMS II.3 in-ear	Rtings
Cambridge Audio Melomania M100 (foam eartips)	in-ear	DHRME
Cambridge Audio Melomania M100 (silicone eartips)	in-ear	DHRME
Cambridge Audio Melomania P100 (ANC off)	over-ear	Kuulokenurkka
Cambridge Audio Melomania P100 (ANC on)	over-ear	Kuulokenurkka
Campfire Audio Alien Brain	in-ear	Jaytiss
Campfire Audio Alien Brain	in-ear	Kazi
Campfire Audio Andromeda	711 in-ear	crinacle
Campfire Audio Andromeda	Bruel & Kjaer 5128 in-ear	HypetheSonics
Campfire Audio Andromeda	in-ear	oratory1990
Campfire Audio Andromeda (pre-2020)	711 in-ear	crinacle
Campfire Audio Andromeda (pre-2020)	in-ear	Super Review
Campfire Audio Andromeda 2020	711 in-ear	crinacle
Campfire Audio Andromeda 2020	in-ear	Super Review
Campfire Audio Andromeda Gold	711 in-ear	crinacle
Campfire Audio Andromeda SS	711 in-ear	crinacle
Campfire Audio Ara	711 in-ear	crinacle
Campfire Audio Ara	in-ear	Super Review
Campfire Audio Astrolith	in-ear	Jaytiss
Campfire Audio Atlas	711 in-ear	crinacle
Campfire Audio Axion v2	in-ear	Jaytiss
Campfire Audio Bonneville	in-ear	Jaytiss
Campfire Audio Bonneville	in-ear	Kazi
Campfire Audio Cascade	EARS + 711 over-ear	crinacle
Campfire Audio Cascade	GRAS 43AG-7 over-ear	crinacle
Campfire Audio Comet	711 in-ear	crinacle
Campfire Audio Comet	in-ear	oratory1990
Campfire Audio Dorado	711 in-ear	crinacle
Campfire Audio Dorado 2020	711 in-ear	crinacle
Campfire Audio Dorado 2020	in-ear	oratory1990
Campfire Audio Dorado 2020	in-ear	Super Review
Campfire Audio Equinox	711 in-ear	crinacle
Campfire Audio Holocene	711 in-ear	crinacle
Campfire Audio Holocene	in-ear	Kazi
Campfire Audio Holocene	in-ear	oratory1990
Campfire Audio Honeydew	711 in-ear	crinacle
Campfire Audio Honeydew	in-ear	Kazi
Campfire Audio Honeydew	in-ear	oratory1990
Campfire Audio IO	711 in-ear	crinacle
Campfire Audio Mammoth	711 in-ear	crinacle
Campfire Audio Moon Rover	in-ear	Jaytiss
Campfire Audio Moon Rover	in-ear	Super Review
Campfire Audio Onyx	in-ear	Super Review
Campfire Audio Orbit	in-ear	DHRME
Campfire Audio Orion	711 in-ear	crinacle
Campfire Audio Pathfinder	in-ear	Super Review
Campfire Audio Polaris	in-ear	oratory1990
Campfire Audio Polaris (V1)	711 in-ear	crinacle
Campfire Audio Polaris V2	711 in-ear	crinacle
Campfire Audio Satsuma	711 in-ear	crinacle
Campfire Audio Solaris (pre-2020)	711 in-ear	crinacle
Campfire Audio Solaris 2020	711 in-ear	crinacle
Campfire Audio Solaris SE	711 in-ear	crinacle
Campfire Audio Solstice	711 in-ear	crinacle
Campfire Audio Supermoon	in-ear	Kazi
Campfire Audio Trifecta	in-ear	Fahryst
Campfire Audio Trifecta	in-ear	Jaytiss
Campfire Audio Vega (foam eartips)	in-ear	oratory1990
Campfire Audio Vega (pre-2020)	711 in-ear	crinacle
Campfire Audio Vega 2020	711 in-ear	crinacle
Canal Works CW-U77	711 in-ear	crinacle
Canal Works CW-U91	711 in-ear	crinacle
Canpur CP622B	in-ear	Fahryst
Canpur CP622B	in-ear	Jaytiss
Canpur CP622B	in-ear	Super Review
Canpur JF1	in-ear	Harpo
Cardas A8	711 in-ear	crinacle
Cardas A8	Bruel & Kjaer 5128 in-ear	HypetheSonics
Cardas EM5813	in-ear	Headphone.com Legacy
Cardas EM5813	in-ear	Innerfidelity
CAT Apollo	Bruel & Kjaer 5128 in-ear	HypetheSonics
Cat Ear Audio Meow	in-ear	Harpo
Cat Ear Audio Meow	in-ear	Hi End Portable
Cat Ear Audio Mia	711 in-ear	crinacle
Cat Ear Audio Mia	Bruel & Kjaer 4620 in-ear	crinacle
Cayin Fantasy	711 in-ear	crinacle
Cayin Fantasy	in-ear	Super Review
Cayin YB04	711 in-ear	crinacle
CCA A10	711 in-ear	crinacle
CCA C10	711 in-ear	crinacle
CCA C10	in-ear	RikudouGoku
CCA C10	in-ear	Super Review
CCA C12	711 in-ear	crinacle
CCA C16	711 in-ear	crinacle
CCA C16	in-ear	kr0mka
CCA CA10	in-ear	RikudouGoku
CCA CRA	711 in-ear	crinacle
CCA CRA	in-ear	Harpo
CCA CRA	in-ear	kr0mka
CCA CRA	in-ear	Regan Cipher
CCA CRA	in-ear	RikudouGoku
CCA CRA	in-ear	Super Review
CCA CRA PRO	in-ear	Jaytiss
CCA CRA+	in-ear	RikudouGoku
CCA CRA+	in-ear	Super Review
CCA CSN	711 in-ear	crinacle
CCA CST	711 in-ear	crinacle
CCA CXS	in-ear	Fahryst
CCA CXS	in-ear	Harpo
CCA DUO	in-ear	Harpo
CCA DUO	in-ear	ToneDeafMonk
CCA FLA	in-ear	Harpo
CCA Hydro (off-off-off-off)	in-ear	Super Review
CCA Hydro (off-off-on-on)	in-ear	Super Review
CCA Hydro (on-on-off-off)	in-ear	Jaytiss
CCA Hydro (on-on-off-off)	in-ear	Super Review
CCA Hydro (on-on-on-on)	in-ear	Super Review
CCA NRA	711 in-ear	crinacle
CCA Pianist	in-ear	Harpo
CCA Pianist	in-ear	ToneDeafMonk
CCA PLA13	711 in-ear	crinacle
CCA PLA13	in-ear	Harpo
CCA Polaris (off-off-off-off)	in-ear	ToneDeafMonk
CCA Polaris (off-off-on-off)	in-ear	ToneDeafMonk
CCA Polaris (off-on-off-off)	in-ear	ToneDeafMonk
CCA Polaris (on-off-off-off)	in-ear	ToneDeafMonk
CCA Polaris (on-on-on-on)	in-ear	Jaytiss
CCA Rhapsody (off-off-off-off)	in-ear	Jaytiss
CCA Rhapsody (off-off-off-off)	in-ear	ToneDeafMonk
CCA Rhapsody (off-off-off-on)	in-ear	Jaytiss
CCA Rhapsody (off-off-on-off)	in-ear	ToneDeafMonk
CCA Rhapsody (off-off-on-on)	in-ear	Jaytiss
CCA Rhapsody (off-off-on-on)	in-ear	ToneDeafMonk
CCA Rhapsody (off-on-on-off)	in-ear	ToneDeafMonk
CCA Rhapsody (off-on-on-on)	in-ear	Jaytiss
CCA Rhapsody (on-off-off-off)	in-ear	ToneDeafMonk
CCA Rhapsody (on-off-on-off)	in-ear	ToneDeafMonk
CCA Rhapsody (on-on-off-off)	in-ear	ToneDeafMonk
CCA Rhapsody (on-on-on-off)	in-ear	ToneDeafMonk
CCA Rhapsody (on-on-on-on)	in-ear	Jaytiss
CCA Trio	in-ear	Jaytiss
CCA Trio (off-off-off-off)	in-ear	ToneDeafMonk
CCA Trio (off-off-on-on)	in-ear	ToneDeafMonk
CCA Trio (off-on-on-off)	in-ear	ToneDeafMonk
CCA Trio (off-on-on-on)	in-ear	ToneDeafMonk
CCA Trio (on-off-off-off)	in-ear	ToneDeafMonk
CCA Trio (on-off-off-on)	in-ear	ToneDeafMonk
CCA Trio (on-on-off-off)	in-ear	ToneDeafMonk
CCA Trio (on-on-on-off)	in-ear	ToneDeafMonk
CCA Trio (on-on-on-on)	in-ear	ToneDeafMonk
CCZ Emerald	in-ear	Regan Cipher
CCZ Melody	in-ear	Harpo
CCZ Plume	in-ear	Super Review
CCZ SOLO	in-ear	ToneDeafMonk
CCZ Warrior	in-ear	Fahryst
CHIKYU-SEKAI 16 Cosmos	711 in-ear	crinacle
CKLVX 1DD+4BA	in-ear	Jaytiss
Clariar i430	711 in-ear	crinacle
Clariar i640	711 in-ear	crinacle
Clear Tune CT-200	711 in-ear	crinacle
Clear Tune CT-300P	711 in-ear	crinacle
Clear Tune CT-6E	711 in-ear	crinacle
Clear Tune CT500-E	711 in-ear	crinacle
Cleer Next	over-ear	oratory1990
CMF by Nothing Buds 2 Plus (ANC off, pop)	in-ear	Regan Cipher
CMF by Nothing Buds 2 Plus (ANC on, pop)	in-ear	Regan Cipher
CMF by Nothing Buds Pro (ANC on, balanced EQ)	in-ear	DHRME
CMF by Nothing Buds Pro 2	Bruel & Kjaer 5128 in-ear	Rtings
CMF by Nothing by Nothin Buds Pro (ANC off)	in-ear	Filk
Co-Donguri Brass	in-ear	RikudouGoku
Co-Donguri Brass	in-ear	Super Review
Co-Donguri Shizuku	in-ear	Super Review
Colorfly Quintet	711 in-ear	crinacle
Colorfly Quintet	in-ear	Super Review
Colorfly Silver Reference	in-ear	Super Review
Colorfly Silver Reference	in-ear	ToneDeafMonk
Comradz NW-STUDIO	earbud	Innerfidelity
Comradz NW-STUDIO PRO	earbud	Innerfidelity
Cooler Master MH630	HMS II.3 over-ear	Rtings
Cooler Master MH751	HMS II.3 over-ear	Rtings
Cooler Master MH752	over-ear	oratory1990
Corsair HS35	HMS II.3 over-ear	Rtings
Corsair HS50	HMS II.3 over-ear	Rtings
Corsair HS60	HMS II.3 over-ear	Rtings
Corsair HS60 HAPTIC	HMS II.3 over-ear	Rtings
Corsair HS60 PRO SURROUND	HMS II.3 over-ear	Rtings
Corsair HS70 Bluetooth	HMS II.3 over-ear	Rtings
Corsair HS70 Pro	over-ear	Filk
Corsair HS70 Wireless	HMS II.3 over-ear	Rtings
Corsair HS75 XB WIRELESS	HMS II.3 over-ear	Rtings
Corsair HS80 MAX WIRELESS	HMS II.3 over-ear	Rtings
Corsair HS80 RGB WIRELESS	HMS II.3 over-ear	Rtings
Corsair VIRTUOSO PRO	Bruel & Kjaer 5128 over-ear	Rtings
Corsair Virtuoso RGB Wireless SE	HMS II.3 over-ear	Rtings
Corsair VIRTUOSO RGB Wireless XT	HMS II.3 over-ear	Rtings
Corsair Void Elite	HMS II.3 over-ear	Rtings
Corsair Void PRO RGB	HMS II.3 over-ear	Rtings
Cosmic Ears CE6B	in-ear	oratory1990
Cougar Immersa	HMS II.3 over-ear	Rtings
Cowin Apex Elite	HMS II.3 in-ear	Rtings
Cowin E7	HMS II.3 over-ear	Rtings
Cowin E7 (wired, ANC off)	over-ear	Innerfidelity
Cowin E7 Pro	HMS II.3 over-ear	Rtings
Cowin E8	HMS II.3 over-ear	Rtings
Cowin SE7	HMS II.3 over-ear	Rtings
Cozoy Hera C103	in-ear	Hi End Portable
Cozoy Trio	711 in-ear	crinacle
Craft Ears Argentum	711 in-ear	crinacle
Craft Ears Aurum	711 in-ear	crinacle
Craft Ears Craft SIX	711 in-ear	crinacle
Craft Ears Craft SIX (CIEM)	711 in-ear	crinacle
Craft Ears Craft TWO	711 in-ear	crinacle
Craft Ears Cuprum	711 in-ear	crinacle
Craft Ears Omnium	in-ear	Jaytiss
Creative Aurvana	over-ear	Innerfidelity
Creative Aurvana Ace	in-ear	oratory1990
Creative Aurvana Ace 2	in-ear	Kazi
Creative Aurvana Ace 2	in-ear	Regan Cipher
Creative Aurvana Ace 2	HMS II.3 in-ear	Rtings
Creative Aurvana Ace 2 (Ambient mode on)	GRAS RA0045 in-ear	HypetheSonics
Creative Aurvana Ace 2 (ANC Off)	GRAS RA0045 in-ear	HypetheSonics
Creative Aurvana Ace 2 (ANC Off)	in-ear	Regan Cipher
Creative Aurvana Ace 2 (ANC On)	GRAS RA0045 in-ear	HypetheSonics
Creative Aurvana Ace 2 (ANC On)	in-ear	Regan Cipher
Creative Aurvana Gold	HMS II.3 over-ear	Rtings
Creative Aurvana In Ear 3	in-ear	Innerfidelity
Creative Aurvana Live!	over-ear	Filk
Creative Aurvana Live!	over-ear	oratory1990
Creative Aurvana Live!	over-ear	Super Review
Creative Aurvana Live! (Brainwavz PU leather earpads)	over-ear	Filk
Creative Aurvana Live! (Brainwavz sheepskin earpads)	over-ear	Filk
Creative Aurvana Live! (Brainwavz small oval perforated earpads)	over-ear	Super Review
Creative Aurvana Live! 2	over-ear	Innerfidelity
Creative Aurvana Live! 2	over-ear	oratory1990
Creative Aurvana Mimi (ANC off)	in-ear	Regan Cipher
Creative Aurvana Mimi (ANC on)	in-ear	Regan Cipher
Creative Aurvana Trio	711 in-ear	crinacle
Creative Aurvana Trio LS	in-ear	Harpo
Creative Fatal1ty	over-ear	Innerfidelity
Creative Labs Aurvana Ace 2 (ANC off, flat eq)	in-ear	DHRME
Creative Labs Aurvana Ace 2 (ANC on, flat eq)	in-ear	DHRME
Creative Outlier Air	HMS II.3 in-ear	Rtings
Creative Outlier Air V2	HMS II.3 in-ear	Rtings
Creative Outlier Free Pro Plus	in-ear	Regan Cipher
Creative Outlier Pro	in-ear	Regan Cipher
Creative Sensemore Air	in-ear	Regan Cipher
Creative Sound Blaster EVO ZxR	HMS II.3 over-ear	Rtings
Creative Sound BlasterX H5	HMS II.3 over-ear	Rtings
Creative Sound Blasterx H6 (analog input)	over-ear	oratory1990
Creative SXFI Air	HMS II.3 over-ear	Rtings
Creative Zen Air	in-ear	Filk
Creative Zen Air DOT	in-ear	Filk
Creative Zen Hybrid (ANC off)	over-ear	Filk
Creative Zen Hybrid (ANC on)	over-ear	Filk
Creative Zen Hybrid (passive)	over-ear	Filk
Creative Zen Hybrid Pro (ANC off)	over-ear	Filk
Creative Zen Hybrid Pro (ANC on)	over-ear	Filk
Creative Zen Hybrid Pro SXFI	over-ear	Regan Cipher
CrinEar Daybreak	in-ear	Super Review
CrinEar Meta	in-ear	Jaytiss
CrinEar Meta	in-ear	Super Review
Custom Art Ei.3	711 in-ear	crinacle
Custom Art FIBAE 1	711 in-ear	crinacle
Custom Art FIBAE 2	711 in-ear	crinacle
Custom Art FIBAE 3	711 in-ear	crinacle
Custom Art FIBAE 4	711 in-ear	crinacle
Custom Art Fibae 5	in-ear	Jaytiss
Custom Art FIBAE 7	711 in-ear	crinacle
Custom Art FIBAE 7 Unlimited	in-ear	Super Review
Custom Art FIBAE Black	711 in-ear	crinacle
Custom Art FIBAE ME	711 in-ear	crinacle
Custom Art Harmony 8.2	711 in-ear	crinacle
Custom Art Pro330v2	711 in-ear	crinacle
CVJ Aria	in-ear	Jaytiss
CVJ Aria 2025 (blue nozzle)	in-ear	ToneDeafMonk
CVJ Aria 2025 (gold nozzle)	in-ear	ToneDeafMonk
CVJ Aria 2025 (silver nozzle)	in-ear	ToneDeafMonk
CVJ Assassin (off-off)	in-ear	ToneDeafMonk
CVJ Assassin (off-on)	in-ear	ToneDeafMonk
CVJ Assassin (on-off)	in-ear	ToneDeafMonk
CVJ Assassin (on-on)	in-ear	ToneDeafMonk
CVJ Konoka (off-off)	in-ear	RikudouGoku
CVJ Konoka (off-on)	in-ear	RikudouGoku
CVJ Konoka (on-off)	in-ear	RikudouGoku
CVJ Konoka (on-on)	in-ear	RikudouGoku
CVJ Mei (off-off)	in-ear	ToneDeafMonk
CVJ Mei (off-on)	in-ear	ToneDeafMonk
CVJ Mei (on-off)	in-ear	ToneDeafMonk
CVJ Mei (on-on)	in-ear	ToneDeafMonk
CVJ Mermaid II	in-ear	ToneDeafMonk
CVJ Shadowblade	in-ear	Jaytiss
CVJ ShadowBlade (black nozzle)	in-ear	Jaytiss
CVJ ShadowBlade (black nozzle)	in-ear	ToneDeafMonk
CVJ ShadowBlade (gold nozzle)	in-ear	Jaytiss
CVJ ShadowBlade (gold nozzle)	in-ear	ToneDeafMonk
CVJ ShadowBlade (silver nozzle)	in-ear	ToneDeafMonk
CVJ TXS (off-off)	in-ear	ToneDeafMonk
CVJ TXS (off-on)	in-ear	ToneDeafMonk
CVJ TXS (on-on)	in-ear	ToneDeafMonk
CVJ Yakumi	in-ear	ToneDeafMonk
Cyberdrive Forte Classic Bass	in-ear	Innerfidelity
Cyberdrive Forte Classic Soprano	in-ear	Innerfidelity
Cyberdrive Forte Impact Bass	in-ear	Innerfidelity
Cypher Labs Astru IEM	in-ear	Innerfidelity
Cypher Labs Astru IEM (bass boost filter)	in-ear	Innerfidelity
Cypherus Audio Campfred	earbud	HypetheSonics
Daiso $2 earphones	711 in-ear	crinacle
Dali IO-4	over-ear	oratory1990
Dali IO-6	over-ear	oratory1990
Dan Clark Audio Aeon 2 Closed	GRAS 43AG-7 over-ear	crinacle
Dan Clark Audio Aeon 2 Closed	over-ear	HypetheSonics
Dan Clark Audio Aeon 2 Closed	over-ear	oratory1990
Dan Clark Audio Aeon 2 Closed (perforated earpads)	over-ear	oratory1990
Dan Clark Audio Aeon 2 Noire	GRAS 43AG-7 over-ear	crinacle
Dan Clark Audio Aeon 2 Noire	over-ear	oratory1990
Dan Clark Audio Aeon 2 Open	GRAS 43AG-7 over-ear	crinacle
Dan Clark Audio Aeon 2 Open	over-ear	HypetheSonics
Dan Clark Audio Aeon 2 Open	over-ear	oratory1990
Dan Clark Audio Aeon Closed RT	over-ear	oratory1990
Dan Clark Audio Aeon Flow Closed	over-ear	HypetheSonics
Dan Clark Audio Aeon Flow Closed	over-ear	Innerfidelity
Dan Clark Audio Aeon Flow Closed	over-ear	oratory1990
Dan Clark Audio Aeon Flow Closed (black filter)	GRAS 43AG-7 over-ear	crinacle
Dan Clark Audio Aeon Flow Closed (filters)	over-ear	Innerfidelity
Dan Clark Audio Aeon Flow Closed (white filter with one notch)	GRAS 43AG-7 over-ear	crinacle
Dan Clark Audio Aeon Flow Open	GRAS 43AG-7 over-ear	crinacle
Dan Clark Audio Aeon Flow Open (white filter with one notch)	over-ear	Innerfidelity
Dan Clark Audio Aeon Open	over-ear	oratory1990
Dan Clark Audio Aeon X Closed	over-ear	oratory1990
Dan Clark Audio Aeon X Open	over-ear	oratory1990
Dan Clark Audio Alpha Dog (2014)	over-ear	Innerfidelity
Dan Clark Audio Alpha Prime	over-ear	Innerfidelity
Dan Clark Audio E3	over-ear	kr0mka
Dan Clark Audio E3	over-ear	Kuulokenurkka
Dan Clark Audio E3	over-ear	oratory1990
Dan Clark Audio E3	over-ear	Super Review
Dan Clark Audio Ether 2	GRAS 43AG-7 over-ear	crinacle
Dan Clark Audio Ether 2	over-ear	HypetheSonics
Dan Clark Audio Ether 2	over-ear	oratory1990
Dan Clark Audio Ether C	GRAS 43AG-7 over-ear	crinacle
Dan Clark Audio Ether C	over-ear	oratory1990
Dan Clark Audio Ether C (1 black filter)	over-ear	Innerfidelity
Dan Clark Audio Ether C (2 black filters)	over-ear	Innerfidelity
Dan Clark Audio Ether C Flow	over-ear	oratory1990
Dan Clark Audio Ether C Flow 1.1	GRAS 43AG-7 over-ear	crinacle
Dan Clark Audio Ether C Flow 1.1	over-ear	oratory1990
Dan Clark Audio Ether CX	over-ear	oratory1990
Dan Clark Audio Ether Flow	over-ear	Innerfidelity
Dan Clark Audio Ether Flow	over-ear	oratory1990
Dan Clark Audio Ether Flow 1.1	GRAS 43AG-7 over-ear	crinacle
Dan Clark Audio Ether Flow 1.1	over-ear	oratory1990
Dan Clark Audio EXPANSE	over-ear	oratory1990
Dan Clark Audio EXPANSE	over-ear	Super Review
Dan Clark Audio Mad Dog	over-ear	Innerfidelity
Dan Clark Audio Mad Dog (2014)	over-ear	Innerfidelity
Dan Clark Audio Noire X	over-ear	oratory1990
Dan Clark Audio Stealth	GRAS 43AG-7 over-ear	crinacle
Dan Clark Audio Stealth	over-ear	Kuulokenurkka
Dan Clark Audio Stealth	over-ear	oratory1990
Dan Clark Audio Stealth	over-ear	Super Review
Dan Clark Audio Voce	GRAS 43AG-7 over-ear	crinacle
Dark Project HS4 Wireless (breathable earpads, passive)	over-ear	Filk
Dark Project HS4 Wireless (breathable earpads, wireless)	over-ear	Filk
Dark Project HS4 Wireless (leather earpads, passive)	over-ear	Filk
Dark Project HS4 Wireless (leather earpads, wireless)	over-ear	Filk
Dark Project Sono	over-ear	Filk
DCMEKA IE68	GRAS RA0045 in-ear	HypetheSonics
ddHiFi E2020A Janus	711 in-ear	crinacle
ddHiFi Janus3	in-ear	ToneDeafMonk
ddHiFi Surface	in-ear	ToneDeafMonk
Debauche Bacchus Monroe	in-ear	Hi End Portable
Defunc Mondo Freestyle	over-ear	Kuulokenurkka
Delta Air complimentary earphones	711 in-ear	crinacle
Denon AH-C260R	in-ear	Headphone.com Legacy
Denon AH-C351K	in-ear	Headphone.com Legacy
Denon AH-C360	in-ear	Headphone.com Legacy
Denon AH-C360	in-ear	Innerfidelity
Denon AH-C452K	in-ear	Headphone.com Legacy
Denon AH-C551	in-ear	Innerfidelity
Denon AH-C551K	in-ear	Headphone.com Legacy
Denon AH-C560R	in-ear	Headphone.com Legacy
Denon AH-C560R	in-ear	Innerfidelity
Denon AH-C710	in-ear	Headphone.com Legacy
Denon AH-C710	in-ear	Innerfidelity
Denon AH-C751K	in-ear	Headphone.com Legacy
Denon AH-D1001	over-ear	Innerfidelity
Denon AH-D1001K Silver	over-ear	Headphone.com Legacy
Denon AH-D1100	over-ear	Headphone.com Legacy
Denon AH-D1100	over-ear	Innerfidelity
Denon AH-D2000	over-ear	Headphone.com Legacy
Denon AH-D2000	over-ear	Innerfidelity
Denon AH-D2000 (2012)	over-ear	Innerfidelity
Denon AH-D2000 (JMoney earpads)	over-ear	Innerfidelity
Denon AH-D310R	over-ear	Headphone.com Legacy
Denon AH-D400	over-ear	Innerfidelity
Denon AH-D5000	GRAS 43AG-7 over-ear	crinacle
Denon AH-D5000	over-ear	Headphone.com Legacy
Denon AH-D5000	over-ear	Innerfidelity
Denon AH-D5000 (JMoney earpads)	over-ear	Innerfidelity
Denon AH-D5200	GRAS 43AG-7 over-ear	crinacle
Denon AH-D5200	over-ear	Kuulokenurkka
Denon AH-D5200	over-ear	oratory1990
Denon AH-D600	over-ear	Headphone.com Legacy
Denon AH-D600	over-ear	Innerfidelity
Denon AH-D7000	over-ear	Headphone.com Legacy
Denon AH-D7000	over-ear	Innerfidelity
Denon AH-D7000 (2012)	over-ear	Innerfidelity
Denon AH-D7100	over-ear	Headphone.com Legacy
Denon AH-D7100	over-ear	Innerfidelity
Denon AH-D7200	GRAS 43AG-7 over-ear	crinacle
Denon AH-D7200	over-ear	oratory1990
Denon AH-D9200	GRAS 43AG-7 over-ear	crinacle
Denon AH-D9200	over-ear	Kuulokenurkka
Denon AH-D9200	over-ear	oratory1990
Denon AH-NC732K	over-ear	Headphone.com Legacy
Denon AHGC20 Globe Cruiser	HMS II.3 over-ear	Rtings
Denon PerL Pro	HMS II.3 in-ear	Rtings
Denon Perl Pro (ANC On, flat eq)	in-ear	DHRME
Dethonray Tender I	711 in-ear	crinacle
Dethonray Tender I	Bruel & Kjaer 4620 in-ear	crinacle
Devialet Gemini	in-ear	Harpo
Devialet Gemini II	Bruel & Kjaer 5128 in-ear	Rtings
Diskin DH3	HMS II.3 over-ear	Rtings
Dita Audio Answer	711 in-ear	crinacle
Dita Audio Brass	711 in-ear	crinacle
Dita Audio Dream	711 in-ear	crinacle
Dita Audio Dream XLS	711 in-ear	crinacle
Dita Audio Dream XLS	in-ear	Jaytiss
Dita Audio Fealty	711 in-ear	crinacle
Dita Audio Fidelity	711 in-ear	crinacle
Dita Audio Mecha	in-ear	Jaytiss
Dita Audio Mecha	in-ear	Super Review
Dita Audio Mecha	in-ear	ToneDeafMonk
Dita Audio Perpetua	711 in-ear	crinacle
Dita Audio Prelude	in-ear	ToneDeafMonk
Dita Audio Project 71	711 in-ear	crinacle
Dita Audio Project M	in-ear	Fahryst
Dita Audio Project M	in-ear	Jaytiss
Dita Audio Project M	in-ear	Kazi
Dita Audio Project M (foam eartips)	in-ear	ToneDeafMonk
Dita Audio Project M (silicone eartips)	in-ear	ToneDeafMonk
Dita Audio Sakura 71	711 in-ear	crinacle
Dita Audio Truth	711 in-ear	crinacle
DMS Project Omega	over-ear	Super Review
Dolby Dimension	HMS II.3 over-ear	Rtings
DubsLabs Bedphones	over-ear	Innerfidelity
DUNU DaVinci	in-ear	Kazi
DUNU DK2001	711 in-ear	crinacle
DUNU DK3001 BD	in-ear	Jaytiss
DUNU DK3001 BD	in-ear	Regan Cipher
DUNU DK3001 BD	in-ear	Super Review
DUNU DK3001 Pro	711 in-ear	crinacle
DUNU DK3001BD	in-ear	Super Review
DUNU DK4001	711 in-ear	crinacle
DUNU DK4001	Bruel & Kjaer 4620 in-ear	crinacle
DUNU DK4001	GRAS RA0045 in-ear	HypetheSonics
DUNU DM380	in-ear	Harpo
DUNU DN1000	711 in-ear	crinacle
DUNU DN1000	in-ear	Hi End Portable
DUNU DN1000	in-ear	Innerfidelity
DUNU DN2000	711 in-ear	crinacle
DUNU DN2000	in-ear	Innerfidelity
DUNU DN2000J	in-ear	Innerfidelity
DUNU DN2002	711 in-ear	crinacle
DUNU DN900	in-ear	Innerfidelity
DUNU EST 112	711 in-ear	crinacle
DUNU EST 112	Bruel & Kjaer 4620 in-ear	crinacle
DUNU EST 112	in-ear	Harpo
DUNU EST 112	in-ear	Jaytiss
DUNU EST 112	in-ear	RikudouGoku
DUNU EST 112	in-ear	Super Review
DUNU Falcon Pro (Atmospheric Immersion filter)	711 in-ear	crinacle
DUNU Falcon Pro (Atmospheric Immersion filter)	in-ear	Hi End Portable
DUNU Falcon Pro (Atmospheric Immersion filter)	in-ear	RikudouGoku
DUNU Falcon Pro (Atmospheric Immersion filter)	in-ear	Super Review
DUNU Falcon Pro (Reference filter)	711 in-ear	crinacle
DUNU Falcon Pro (Reference filter)	in-ear	Hi End Portable
DUNU Falcon Pro (Reference filter)	in-ear	RikudouGoku
DUNU Falcon Pro (Reference filter)	in-ear	Super Review
DUNU Falcon Pro (Transparency filter)	711 in-ear	crinacle
DUNU Falcon Pro (Transparency filter)	in-ear	Hi End Portable
DUNU Falcon Pro (Transparency filter)	in-ear	RikudouGoku
DUNU Falcon Pro (Transparency filter)	in-ear	Super Review
DUNU Falcon Ultra	in-ear	Jaytiss
DUNU Falcon Ultra (blue nozzle)	in-ear	freeryder05
DUNU Falcon Ultra (blue nozzle)	in-ear	Hi End Portable
DUNU Falcon Ultra (blue nozzle)	in-ear	Regan Cipher
DUNU Falcon Ultra (blue nozzle)	in-ear	Super Review
DUNU Falcon Ultra (blue nozzle)	in-ear	ToneDeafMonk
DUNU Falcon Ultra (brass nozzle)	in-ear	ToneDeafMonk
DUNU Falcon Ultra (gold nozzle)	in-ear	freeryder05
DUNU Falcon Ultra (gold nozzle)	in-ear	Hi End Portable
DUNU Falcon Ultra (gold nozzle)	in-ear	Regan Cipher
DUNU Falcon Ultra (gold nozzle)	in-ear	Super Review
DUNU Glacier	in-ear	Jaytiss
DUNU Glacier	in-ear	Super Review
DUNU Kima	711 in-ear	crinacle
DUNU Kima	Bruel & Kjaer 4620 in-ear	crinacle
DUNU Kima	in-ear	Fahryst
DUNU Kima	in-ear	Hi End Portable
DUNU Kima	in-ear	Kazi
DUNU Kima	in-ear	Super Review
DUNU Kima 2	in-ear	Jaytiss
DUNU Kima 2	in-ear	Regan Cipher
DUNU Kima 2	in-ear	Super Review
DUNU Kima Classic	in-ear	freeryder05
DUNU Luna	711 in-ear	crinacle
DUNU Luna	GRAS RA0045 in-ear	HypetheSonics
DUNU Mirai	in-ear	Jaytiss
DUNU Mirai	in-ear	Super Review
DUNU SA3	in-ear	Super Review
DUNU SA6 (atmospheric Immersion mode)	711 in-ear	crinacle
DUNU SA6 (atmospheric Immersion mode)	in-ear	Super Review
DUNU SA6 (default mode)	711 in-ear	crinacle
DUNU SA6 (default mode)	in-ear	Super Review
DUNU SA6 EST	in-ear	Kazi
DUNU SA6 EST	in-ear	Super Review
DUNU SA6 MK2	in-ear	Jaytiss
DUNU SA6 MK2 (Atmospheric Immersion mode)	in-ear	Super Review
DUNU SA6 MK2 (Atmospheric Immersion mode)	in-ear	ToneDeafMonk
DUNU SA6 MK2 (default mode)	in-ear	Super Review
DUNU SA6 MK2 (default mode)	in-ear	ToneDeafMonk
DUNU SA6 Ultra (atmospheric immersion mode)	in-ear	Bakkwatan
DUNU SA6 Ultra (atmospheric immersion mode)	711 in-ear	crinacle
DUNU SA6 Ultra (atmospheric immersion mode)	in-ear	Super Review
DUNU SA6 Ultra (default mode)	in-ear	Bakkwatan
DUNU SA6 Ultra (default mode)	711 in-ear	crinacle
DUNU SA6 Ultra (default mode)	in-ear	Super Review
DUNU Talos	in-ear	Jaytiss
DUNU Talos	in-ear	Kazi
DUNU Talos (BA off)	711 in-ear	crinacle
DUNU Talos (BA off)	in-ear	Super Review
DUNU Talos (BA on)	711 in-ear	crinacle
DUNU Talos (BA on)	in-ear	Super Review
DUNU Titan 1	711 in-ear	crinacle
DUNU Titan 1	in-ear	Innerfidelity
DUNU Titan 3	711 in-ear	crinacle
DUNU Titan 3	in-ear	Innerfidelity
DUNU Titan 5	in-ear	Innerfidelity
DUNU Titan S	in-ear	Auriculares Argentina
DUNU Titan S	711 in-ear	crinacle
DUNU Titan S	in-ear	Hi End Portable
DUNU Titan S	in-ear	RikudouGoku
DUNU Titan S	in-ear	Ted's Squig Hoard
DUNU Titan S2	in-ear	Jaytiss
DUNU Titan S2	in-ear	Regan Cipher
DUNU Titan S2	in-ear	RikudouGoku
DUNU Titan S2	in-ear	Super Review
DUNU Titan S2	in-ear	ToneDeafMonk
DUNU Vulkan	711 in-ear	crinacle
DUNU Vulkan	in-ear	Harpo
DUNU Vulkan	in-ear	Jaytiss
DUNU Vulkan	in-ear	RikudouGoku
DUNU Vulkan	in-ear	Super Review
DUNU Vulkan	in-ear	ToneDeafMonk
DUNU Vulkan (gray eartips)	in-ear	Super Review
DUNU Vulkan (red eartips)	in-ear	Super Review
DUNU Vulkan 2	in-ear	Jaytiss
DUNU x Gizaudio DaVinci	in-ear	Jaytiss
DUNU x Gizaudio DaVinci	in-ear	Super Review
DUNU x Gizaudio DaVinci	in-ear	ToneDeafMonk
DUNU Zen	711 in-ear	crinacle
DUNU Zen	Bruel & Kjaer 4620 in-ear	crinacle
DUNU Zen	in-ear	Kazi
DUNU Zen	in-ear	RikudouGoku
DUNU Zen	in-ear	Super Review
DUNU Zen Pro	711 in-ear	crinacle
DUNU Zen Pro	in-ear	Kazi
DUNU Zen Pro	in-ear	Super Review
Dynamic Motion DM200H	711 in-ear	crinacle
Dyson OnTrac	Bruel & Kjaer 5128 over-ear	Rtings
Dyson OnTrac (ANC off, enhanced)	over-ear	Kuulokenurkka
Dyson OnTrac (ANC off, neutral)	over-ear	Kuulokenurkka
Dyson OnTrac (bass boost)	over-ear	Kuulokenurkka
Dyson OnTrac (enhanced)	over-ear	Kuulokenurkka
Dyson OnTrac (neutral)	over-ear	Kuulokenurkka
Dyson Zone	GRAS 43AG-7 over-ear	crinacle
Dyson Zone	over-ear	oratory1990
Dyson Zone	HMS II.3 over-ear	Rtings
E-Mu Purpleheart	over-ear	Innerfidelity
E-Mu Teak	GRAS 43AG-7 over-ear	crinacle
E-Mu Teak	over-ear	oratory1990
E-Mu Teak (2016)	over-ear	Innerfidelity
E-Mu Teak (mahogany)	over-ear	Innerfidelity
E-Mu Teak (rosewood)	over-ear	Innerfidelity
E-Mu Walnut	GRAS 43AG-7 over-ear	crinacle
E-Mu Walnut	over-ear	Innerfidelity
EarAcoustic Audio SPA Hi-End Max	in-ear	Fahryst
EarAcoustic Audio SPA Hi-End Max	in-ear	Jaytiss
EarFun Air 2 NC	in-ear	DHRME
EarFun Air 2 NC (ANC off)	in-ear	Regan Cipher
EarFun Air 2 NC (ANC on)	in-ear	Regan Cipher
EarFun Air Pro	HMS II.3 in-ear	Rtings
EarFun Air Pro 2 (2021)	HMS II.3 in-ear	Rtings
EarFun Air Pro 2 (A eartips)	in-ear	DHRME
EarFun Air Pro 2 (B eartips)	in-ear	DHRME
EarFun Air Pro 3	in-ear	DHRME
EarFun Air Pro 3	in-ear	Regan Cipher
EarFun Air Pro 3	HMS II.3 in-ear	Rtings
EarFun Air Pro 3 (ANC noise cancelling, default EQ)	in-ear	DHRME
EarFun Air Pro 3 (ANC normal, default EQ)	in-ear	DHRME
EarFun Air Pro 4 (ANC off)	in-ear	Regan Cipher
EarFun Air Pro 4 (ANC on)	in-ear	Regan Cipher
EarFun EH100 (black ring)	in-ear	DHRME
EarFun EH100 (red ring)	in-ear	DHRME
EarFun Free	711 in-ear	crinacle
EarFun Free	HMS II.3 in-ear	Rtings
EarFun Free Pro	in-ear	DHRME
EarFun Free Pro (Oluv Edition)	711 in-ear	crinacle
EarFun Free Pro (Oluv Edition)	in-ear	oratory1990
EarFun Free Pro (Oluv Edition, ANC off)	in-ear	Super Review
EarFun Free Pro (Oluv Edition, ANC on)	in-ear	Super Review
EarFun Free Pro 3 (ANC off, default EQ)	in-ear	DHRME
EarFun Wave	over-ear	oratory1990
EarFun Wave Pro (ANC off)	over-ear	Regan Cipher
EarFun Wave Pro (ANC on)	over-ear	Regan Cipher
EarSonics Blade	711 in-ear	crinacle
EarSonics EM10	711 in-ear	crinacle
EarSonics EM32	711 in-ear	crinacle
EarSonics EM4	711 in-ear	crinacle
EarSonics EM6	711 in-ear	crinacle
EarSonics ES2	711 in-ear	crinacle
EarSonics ES3	711 in-ear	crinacle
EarSonics ES3	in-ear	Innerfidelity
EarSonics ES5	711 in-ear	crinacle
EarSonics Grace	711 in-ear	crinacle
EarSonics Onyx	in-ear	RikudouGoku
EarSonics Purple (standard)	711 in-ear	crinacle
EarSonics S-EM9	711 in-ear	crinacle
EarSonics Stark	711 in-ear	crinacle
EarSonics Velvet (standard)	711 in-ear	crinacle
EarSonics Velvet (standard)	in-ear	Innerfidelity
EarSonics Velvet (tight)	711 in-ear	crinacle
EarSonics Velvet (tight)	in-ear	Innerfidelity
EarSonics Velvet (warm)	711 in-ear	crinacle
EarSonics Velvet (warm)	in-ear	Innerfidelity
Eartech Dual	711 in-ear	crinacle
Eartech Quad	711 in-ear	crinacle
Eartech Triple	711 in-ear	crinacle
EarWerkz Legend Omega	711 in-ear	crinacle
ECCI YST-02	in-ear	Hi End Portable
ECCI YST-02	in-ear	ToneDeafMonk
Echobox Finder X1 (black filter)	in-ear	Innerfidelity
Echobox Finder X1 (red filter)	in-ear	Innerfidelity
Echobox Finder X1 (white filter)	in-ear	Innerfidelity
Edifier NeoBuds Pro	in-ear	Regan Cipher
Edifier NeoBuds Pro 2	in-ear	Regan Cipher
Edifier NeoBuds Pro 2 (ANC high, classic EQ)	in-ear	DHRME
Edifier NeoBuds Pro 2 (ANC off, classic EQ)	in-ear	DHRME
Edifier P180	earbud	Innerfidelity
Edifier Stax Spirit S10 (original eq)	in-ear	DHRME
Edifier Stax Spirit S3 (fabric earpads)	over-ear	Filk
Edifier Stax Spirit S3 (leather earpads)	over-ear	Filk
Edifier TWS1	711 in-ear	crinacle
Edifier TWS5	711 in-ear	crinacle
Edifier TWS6	711 in-ear	crinacle
Edifier W260NC	in-ear	Filk
Edifier W820NB (ANC off)	over-ear	Kuulokenurkka
Edifier W820NB (ANC on)	over-ear	Filk
Edifier W820NB (ANC on)	over-ear	Kuulokenurkka
Edifier W820NB (passive)	over-ear	Filk
Edifier W820NB Plus	over-ear	Filk
Edifier W820NB Plus (ANC off)	over-ear	Regan Cipher
Edifier W820NB Plus (ANC on)	over-ear	Regan Cipher
Edifier WH700NB	over-ear	Regan Cipher
Edifier WH950NB (ANC off, customized EQ flat)	over-ear	Filk
Edifier WH950NB (ANC on, classic EQ)	over-ear	Filk
Edifier WH950NB (ANC on, classic mode)	over-ear	Kuulokenurkka
Edifier WH950NB (ANC on, customized EQ flat)	over-ear	Filk
Edifier WH950NB (ANC on, dynamic mode)	over-ear	Kuulokenurkka
Edifier WH950NB (passive)	over-ear	Filk
Edifier WH950NB (passive)	over-ear	Kuulokenurkka
Edifier X3 Lite	in-ear	Regan Cipher
Effect Audio Agea (foam eartips)	in-ear	ToneDeafMonk
Effect Audio Axiom	711 in-ear	crinacle
Effect Audio Axiom	in-ear	Super Review
Effect Audio King Arthur	711 in-ear	crinacle
Effect Audio Symphony	711 in-ear	crinacle
Effect Audio x Elysian Gaea	in-ear	Kazi
Effect Audio x Elysian Gaea	in-ear	Super Review
Effect Audio X Elysian Pilgrim Noir	in-ear	Jaytiss
EKSA E900 Pro	GRAS 43AG-7 over-ear	crinacle
ELISE AUDIO x Kinera Dark Phoenix	in-ear	Jaytiss
Elysian Annihilator (2021)	711 in-ear	crinacle
Elysian Annihilator (2021)	in-ear	freeryder05
Elysian Annihilator (2023)	in-ear	Jaytiss
Elysian Annihilator (2023)	in-ear	Super Review
Elysian Annihilator (2023, Dan)	in-ear	freeryder05
Elysian Annihilator (2023, Free)	in-ear	freeryder05
Elysian Annihilator (pre-2021)	711 in-ear	crinacle
Elysian Apostle	in-ear	Jaytiss
Elysian Artemis	711 in-ear	crinacle
Elysian Artemis V2	711 in-ear	crinacle
Elysian Cora V2	711 in-ear	crinacle
Elysian Diva (half bass)	711 in-ear	crinacle
Elysian Diva (max bass)	711 in-ear	crinacle
Elysian Diva (min bass)	711 in-ear	crinacle
Elysian Diva 2023 (blue switch)	in-ear	Jaytiss
Elysian Diva 2023 (blue switch)	in-ear	Super Review
Elysian Diva 2023 (red switch)	in-ear	Jaytiss
Elysian Diva 2023 (red switch)	in-ear	Super Review
Elysian Diva 2023 (white switch)	in-ear	Jaytiss
Elysian Diva 2023 (white switch)	in-ear	Super Review
Elysian Eros	711 in-ear	crinacle
Elysian Hades	711 in-ear	crinacle
Elysian Hades V2	711 in-ear	crinacle
Elysian Hades V2 (music)	711 in-ear	crinacle
Elysian Hades V2 (stage)	711 in-ear	crinacle
Elysian Minerva	711 in-ear	crinacle
Elysian Pilgrim	in-ear	Harpo
Elysian Pilgrim	in-ear	Jaytiss
Elysian Pilgrim	in-ear	Super Review
Elysian Pilgrim	in-ear	ToneDeafMonk
Elysian Pilgrim (foam eartips)	in-ear	ToneDeafMonk
Elysian Pilgrim Noir	in-ear	Super Review
Elysian Poseidon	711 in-ear	crinacle
Elysian Terminator	711 in-ear	crinacle
Elysian Terminator V2	711 in-ear	crinacle
Elysian X	711 in-ear	crinacle
Emotiva Airmotiv GR1	over-ear	oratory1990
Empire Ears Bravado	711 in-ear	crinacle
Empire Ears Bravado Mk2	711 in-ear	crinacle
Empire Ears Bravado Mk2	GRAS RA0045 in-ear	HypetheSonics
Empire Ears Bravado Mk2	in-ear	Super Review
Empire Ears ESR	711 in-ear	crinacle
Empire Ears ESR Mk2	711 in-ear	crinacle
Empire Ears ESR Mk2	GRAS RA0045 in-ear	HypetheSonics
Empire Ears ESR Mk2	in-ear	Super Review
Empire Ears EVR	711 in-ear	crinacle
Empire Ears EVR Mk2	711 in-ear	crinacle
Empire Ears Hero	711 in-ear	crinacle
Empire Ears Hero	Bruel & Kjaer 5128 in-ear	HypetheSonics
Empire Ears Legend EVO	711 in-ear	crinacle
Empire Ears Legend EVO	in-ear	Super Review
Empire Ears Legend EVO	in-ear	ToneDeafMonk
Empire Ears Legend Raven	in-ear	Super Review
Empire Ears Legend X	711 in-ear	crinacle
Empire Ears Legend X	Bruel & Kjaer 5128 in-ear	HypetheSonics
Empire Ears Legend X SE	711 in-ear	crinacle
Empire Ears Legend X SE	GRAS RA0045 in-ear	HypetheSonics
Empire Ears Nemesis	711 in-ear	crinacle
Empire Ears Odin	711 in-ear	crinacle
Empire Ears Odin	Bruel & Kjaer 5128 in-ear	HypetheSonics
Empire Ears Odyssey	in-ear	Kazi
Empire Ears Phantom	711 in-ear	crinacle
Empire Ears Phantom X	711 in-ear	crinacle
Empire Ears Raven	GRAS RA0045 in-ear	HypetheSonics
Empire Ears Triton	in-ear	Jaytiss
Empire Ears Triton	in-ear	ToneDeafMonk
Empire Ears Valkyrie	711 in-ear	crinacle
Empire Ears Valkyrie	GRAS RA0045 in-ear	HypetheSonics
Empire Ears Valkyrie MKII	711 in-ear	crinacle
Empire Ears Valkyrie MKII	in-ear	Super Review
Empire Ears Vantage	711 in-ear	crinacle
Empire Ears Wraith	711 in-ear	crinacle
Empire Ears Wraith	GRAS RA0045 in-ear	HypetheSonics
Empire Ears Zeus	711 in-ear	crinacle
Empire Ears Zeus-XIV	711 in-ear	crinacle
Empire Ears Zeus-XR (R mode)	711 in-ear	crinacle
Empire Ears Zeus-XR (XIV mode)	711 in-ear	crinacle
ENACFIRE E60	HMS II.3 in-ear	Rtings
Endorfy Viro Infra	over-ear	Filk
ENIGMAcoustics Dharma Production 2015	over-ear	Innerfidelity
Enigmatic Audio Paradox	over-ear	Innerfidelity
EPOS GTW 270 Hybrid	HMS II.3 in-ear	Rtings
EPOS Sennheiser Game Zero	over-ear	Kuulokenurkka
EPOS Sennheiser GSP 600	HMS II.3 over-ear	Rtings
EPZ 320	in-ear	ToneDeafMonk
EPZ 530	in-ear	Fahryst
EPZ 530	in-ear	Jaytiss
EPZ 530	in-ear	Super Review
EPZ 530	in-ear	ToneDeafMonk
EPZ G10	in-ear	Harpo
EPZ G10	in-ear	Hi End Portable
EPZ G10	in-ear	Regan Cipher
EPZ G10	in-ear	Super Review
EPZ G10	in-ear	ToneDeafMonk
EPZ G20	in-ear	Fahryst
EPZ K5	in-ear	Fahryst
EPZ K5	in-ear	Super Review
EPZ K5	in-ear	ToneDeafMonk
EPZ K9	in-ear	Super Review
EPZ K9	in-ear	ToneDeafMonk
EPZ P50	in-ear	Fahryst
EPZ P50	in-ear	Jaytiss
EPZ P50	in-ear	Super Review
EPZ P50	in-ear	ToneDeafMonk
EPZ Q1	in-ear	Bakkwatan
EPZ Q1	in-ear	Harpo
EPZ Q1	in-ear	Regan Cipher
EPZ Q1 Pro	in-ear	Fahryst
EPZ Q1 Pro	in-ear	Jaytiss
EPZ Q1 Pro	in-ear	Regan Cipher
EPZ Q1 Pro	in-ear	Super Review
EPZ Q1 Pro	in-ear	ToneDeafMonk
EPZ Q5	in-ear	Auriculares Argentina
EPZ Q5	in-ear	Fahryst
EPZ Q5	in-ear	Hi End Portable
EPZ Q5	in-ear	Jaytiss
EPZ Q5	in-ear	Regan Cipher
EPZ Q5	in-ear	Super Review
EPZ Q5	in-ear	ToneDeafMonk
EPZ Q5 Pro	in-ear	Auriculares Argentina
EPZ Q5 Pro	in-ear	Fahryst
EPZ Q5 Pro	in-ear	ToneDeafMonk
EPZ Q5 v2	in-ear	Jaytiss
EPZ x Tipsy Star & One	in-ear	Jaytiss
EPZ x Tipsy Star & One	in-ear	Regan Cipher
EPZ x Tipsy Star & One	in-ear	ToneDeafMonk
ES Lab ES-1a	GRAS 43AG-7 over-ear	crinacle
Eskuche 33 1 3 B	over-ear	Innerfidelity
ETA Mini Closed	over-ear	oratory1990
ETA Mini Semi-Closed	over-ear	oratory1990
ETA Mini Semi-Closed (with ring dampeners installed)	over-ear	oratory1990
ETA O2	over-ear	Super Review
Eternal Melody EM6W	711 in-ear	crinacle
Etymotic EK5	in-ear	Innerfidelity
Etymotic ER2SE	in-ear	Auriculares Argentina
Etymotic ER2SE	711 in-ear	crinacle
Etymotic ER2SE	in-ear	Filk
Etymotic ER2SE	in-ear	freeryder05
Etymotic ER2SE	Bruel & Kjaer 5128 in-ear	HypetheSonics
Etymotic ER2SE	in-ear	Jaytiss
Etymotic ER2SE	in-ear	oratory1990
Etymotic ER2SE	in-ear	Super Review
Etymotic ER2XR	711 in-ear	crinacle
Etymotic ER2XR	Bruel & Kjaer 5128 in-ear	HypetheSonics
Etymotic ER2XR	in-ear	oratory1990
Etymotic ER2XR	in-ear	Super Review
Etymotic ER2XR (brown filter)	in-ear	Super Review
Etymotic ER2XR (green filter)	in-ear	Super Review
Etymotic ER2XR (white filter)	in-ear	Super Review
Etymotic ER3SE	711 in-ear	crinacle
Etymotic ER3SE	in-ear	oratory1990
Etymotic ER3SE 75 ohm	711 in-ear	crinacle
Etymotic ER3XR	711 in-ear	crinacle
Etymotic ER3XR	in-ear	Fahryst
Etymotic ER3XR	in-ear	oratory1990
Etymotic ER4B	711 in-ear	crinacle
Etymotic ER4P	711 in-ear	crinacle
Etymotic ER4P	in-ear	Headphone.com Legacy
Etymotic ER4S	711 in-ear	crinacle
Etymotic ER4S	in-ear	Headphone.com Legacy
Etymotic ER4S	in-ear	Super Review
Etymotic ER4S (CIEM)	711 in-ear	crinacle
Etymotic ER4SR	711 in-ear	crinacle
Etymotic ER4SR	GRAS RA0045 in-ear	HypetheSonics
Etymotic ER4SR	in-ear	Innerfidelity
Etymotic ER4SR	in-ear	oratory1990
Etymotic ER4XR	711 in-ear	crinacle
Etymotic ER4XR	Bruel & Kjaer 5128 in-ear	HypetheSonics
Etymotic ER4XR	in-ear	Innerfidelity
Etymotic ER4XR	in-ear	oratory1990
Etymotic ER4XR	HMS II.3 in-ear	Rtings
Etymotic ER4XR (2-flange eartips)	in-ear	Super Review
Etymotic ER4XR (3-flange eartips)	in-ear	Super Review
Etymotic ER4XR (foam eartips)	in-ear	Super Review
Etymotic ER6i	in-ear	Headphone.com Legacy
Etymotic ERX	Bruel & Kjaer 4620 in-ear	crinacle
Etymotic ERX (brown filter)	in-ear	Super Review
Etymotic ERX (green filter)	in-ear	Super Review
Etymotic ETY Kids	in-ear	Super Review
Etymotic EVO	711 in-ear	crinacle
Etymotic EVO	in-ear	oratory1990
Etymotic Evo (2-flange eartips)	in-ear	Super Review
Etymotic Evo (3-flange eartips)	in-ear	Super Review
Etymotic hf2	in-ear	Headphone.com Legacy
Etymotic hf3	in-ear	Headphone.com Legacy
Etymotic hf5	in-ear	Headphone.com Legacy
Etymotic hf5	in-ear	oratory1990
Etymotic hf5	HMS II.3 in-ear	Rtings
Etymotic mc3	in-ear	Headphone.com Legacy
Etymotic mc3	in-ear	Innerfidelity
Etymotic mc5	in-ear	Headphone.com Legacy
Etymotic Mk5	in-ear	Innerfidelity
Etymotic mk5 Isolator	in-ear	Super Review
FAAEAL Hibiscus	711 in-ear	crinacle
FAAEAL Hibiscus	in-ear	Hi End Portable
FAAEAL Iris	earbud	Super Review
FAAEAL Snow Lotus	earbud	HypetheSonics
FAAEAL Tulip	in-ear	ToneDeafMonk
Fairphone Fairbuds	Bruel & Kjaer 5128 in-ear	Rtings
Fairphone Fairbuds (flat eq, ANC Off)	in-ear	DHRME
Fairphone Fairbuds (flat eq, ANC On)	in-ear	DHRME
Fairphone Fairbuds XL	over-ear	oratory1990
Fairphone Fairbuds XL	HMS II.3 over-ear	Rtings
Fatfreq 20.6	711 in-ear	crinacle
Fatfreq 20.6 (bass switch on)	711 in-ear	crinacle
Fatfreq 20.8	711 in-ear	crinacle
Fatfreq Eden	711 in-ear	crinacle
Fatfreq Grand Maestro (black module, down)	in-ear	Jaytiss
Fatfreq Grand Maestro (black module, up)	in-ear	Jaytiss
Fatfreq Grand Maestro (blue module, up)	in-ear	Jaytiss
Fatfreq Grand Maestro (bluemodule, down)	in-ear	Jaytiss
Fatfreq Grand Maestro (down)	in-ear	Super Review
Fatfreq Grand Maestro (up)	in-ear	Super Review
Fatfreq Hayabusa	711 in-ear	crinacle
Fatfreq Hayabusa (bass)	711 in-ear	crinacle
Fatfreq Maestro	711 in-ear	crinacle
Fatfreq Maestro Mini	711 in-ear	crinacle
Fatfreq Maestro Mini	Bruel & Kjaer 4620 in-ear	crinacle
Fatfreq Maestro Mini	in-ear	Jaytiss
Fatfreq Maestro SE	711 in-ear	crinacle
Fatfreq Maestro SE	in-ear	Jaytiss
Fatfreq Musician	711 in-ear	crinacle
Fatfreq Musician Plus	711 in-ear	crinacle
Fatfreq Musician Plus V2	711 in-ear	crinacle
Fatfreq Musician Pro	711 in-ear	crinacle
Fatfreq Musician Pro SE	711 in-ear	crinacle
Fatfreq Reference	711 in-ear	crinacle
Fatfreq Reference Plus	711 in-ear	crinacle
Fatfreq Reference Plus V2	711 in-ear	crinacle
Fatfreq Reference Pro	711 in-ear	crinacle
Fatfreq Reference Pro SE	711 in-ear	crinacle
Fatfreq Sakura	711 in-ear	crinacle
Fatfreq Sakura (bass switch on)	711 in-ear	crinacle
Fatfreq Scarlet Mini	711 in-ear	crinacle
Fatfreq Scarlet Mini	Bruel & Kjaer 4620 in-ear	crinacle
Fatfreq Scarlet Mini	in-ear	Hi End Portable
Fatfreq Scarlet Mini	in-ear	Jaytiss
Fatfreq Scarlet Mini	in-ear	Kazi
Fatfreq Scarlet Mini	in-ear	kr0mka
Fatfreq Scarlet Mini	in-ear	ToneDeafMonk
Fatfreq Tsuru	711 in-ear	crinacle
Fatfreq x Effect Audio Quantum	in-ear	Jaytiss
Fatfreq x HBB Deuce	in-ear	Jaytiss
Fatfreq x HBB Deuce	in-ear	Super Review
Fatfreq x HBB Deuce	in-ear	ToneDeafMonk
FAudio Chorus	711 in-ear	crinacle
FAudio Dark Sky	711 in-ear	crinacle
FAudio Mezzo (off-off-off)	711 in-ear	crinacle
FAudio Mezzo (off-off-on)	711 in-ear	crinacle
FAudio Mezzo (off-on-off)	711 in-ear	crinacle
FAudio Mezzo (off-on-on)	711 in-ear	crinacle
FAudio Mezzo (on-off-off)	711 in-ear	crinacle
FAudio Mezzo (on-on-off)	711 in-ear	crinacle
FAudio Mezzo (on-on-on)	711 in-ear	crinacle
FAudio Minor	711 in-ear	crinacle
Fearless Audio ACME 8	711 in-ear	crinacle
Fearless Audio Barcelona	711 in-ear	crinacle
Fearless Audio Crystal Ball	711 in-ear	crinacle
Fearless Audio Dawn	711 in-ear	crinacle
Fearless Audio Dawn	Bruel & Kjaer 4620 in-ear	crinacle
Fearless Audio HyperS 12	711 in-ear	crinacle
Fearless Audio La Hire	711 in-ear	crinacle
Fearless Audio Lancelot	711 in-ear	crinacle
Fearless Audio Provence	711 in-ear	crinacle
Fearless Audio Roland	711 in-ear	crinacle
Fearless Audio S10 Genie	711 in-ear	crinacle
Fearless Audio S4	711 in-ear	crinacle
Fearless Audio S5H	711 in-ear	crinacle
Fearless Audio S5T	711 in-ear	crinacle
Fearless Audio S6Pro	711 in-ear	crinacle
Fearless Audio S6Rui	711 in-ear	crinacle
Fearless Audio S8F	711 in-ear	crinacle
Fearless Audio S8Pro	711 in-ear	crinacle
Fearless Audio S8Pro	in-ear	freeryder05
Fearless Audio S8Pro	GRAS RA0045 in-ear	HypetheSonics
Fearless Audio S8Z	711 in-ear	crinacle
Fearless Audio Shangri-la	711 in-ear	crinacle
Fearless Audio Start	711 in-ear	crinacle
Fearless Audio Tequila	711 in-ear	crinacle
Fender FXA6	in-ear	Innerfidelity
Fender FXA9	711 in-ear	crinacle
Fender Ten 5	711 in-ear	crinacle
Fender Thirteen 6	711 in-ear	crinacle
Fengru EMX500	earbud	HypetheSonics
Fengru HE-200	711 in-ear	crinacle
Fidue A31s	in-ear	Innerfidelity
Fidue A63	in-ear	Innerfidelity
Fidue A65	in-ear	Innerfidelity
Fidue A71	711 in-ear	crinacle
Fidue A71	in-ear	Innerfidelity
Fidue A81	in-ear	Innerfidelity
Fidue A83	in-ear	Innerfidelity
Fidue A91 Sirius	711 in-ear	crinacle
Fidue A91 Sirius (CIEM)	711 in-ear	crinacle
Fifine Ampligame H3	over-ear	Auriculares Argentina
Fifine Ampligame H6 (game)	over-ear	Auriculares Argentina
Fifine Ampligame H6 (movie)	over-ear	Auriculares Argentina
Fifine Ampligame H6 (music)	over-ear	Auriculares Argentina
FIIL GS (ANC off)	earbud	Regan Cipher
FIIL Key	in-ear	Regan Cipher
FIIL Key Pro (ANC off)	in-ear	Regan Cipher
FIIL Key Pro (ANC on)	in-ear	Regan Cipher
FIIL T1 Lite TWS (bass EQ)	in-ear	RikudouGoku
FIIL T1 Lite TWS (default EQ)	in-ear	RikudouGoku
FIIL T1 Lite TWS (treble EQ)	in-ear	RikudouGoku
FIIL T1X	HMS II.3 in-ear	Rtings
FiiO EH3	EARS + 711 over-ear	crinacle
FiiO EH3	GRAS 43AG-7 over-ear	crinacle
FiiO F3	711 in-ear	crinacle
FiiO F3	in-ear	oratory1990
FiiO F5	711 in-ear	crinacle
FiiO F9	711 in-ear	crinacle
FiiO F9	in-ear	Fahryst
FiiO F9 Pro	711 in-ear	crinacle
FiiO FA1	711 in-ear	crinacle
FiiO FA1	in-ear	Super Review
FiiO FA19 (off)	in-ear	Super Review
FiiO FA19 (on)	in-ear	Super Review
FiiO FA7	711 in-ear	crinacle
FiiO FA7	in-ear	oratory1990
FiiO FA7S	711 in-ear	crinacle
FiiO FA9	711 in-ear	crinacle
FiiO FA9	in-ear	oratory1990
FiiO FD1	711 in-ear	crinacle
FiiO FD11	in-ear	Fahryst
FiiO FD11	in-ear	Super Review
FiiO FD15	in-ear	Jaytiss
FiiO FD3 (bass eartips)	in-ear	Super Review
FiiO FD3 (black nozzle)	in-ear	Super Review
FiiO FD3 (foam eartips)	in-ear	Super Review
FiiO FD3 (stock nozzle)	in-ear	Super Review
FiiO FD3 (vocal eartips)	in-ear	Super Review
FiiO FD5	711 in-ear	crinacle
FiiO FD5 (narrow nozzle)	in-ear	RikudouGoku
FiiO FD5 (narrow nozzle, 3-flange eartips)	in-ear	Super Review
FiiO FD5 (stock nozzle)	in-ear	RikudouGoku
FiiO FD5 (stock nozzle)	in-ear	Super Review
FiiO FD7	711 in-ear	crinacle
FiiO FD7	in-ear	Kazi
FiiO FD7	in-ear	Super Review
FiiO FD7 (balanced nozzle)	in-ear	Super Review
FiiO FD7 (balanced)	in-ear	Super Review
FiiO FD7 (bass nozzle, 3-flange eartips)	in-ear	Super Review
FiiO FD7 (treble nozzle)	in-ear	Super Review
FiiO FDX	in-ear	Fahryst
FiiO FF1	earbud	kr0mka
FiiO FF1 (black)	earbud	Super Review
FiiO FF1 (foam)	earbud	Super Review
FiiO FF1 (no foam)	earbud	Super Review
FiiO FF1 (white)	earbud	Super Review
FiiO FH1	711 in-ear	crinacle
FiiO FH1	in-ear	Hi End Portable
FiiO FH1	in-ear	Super Review
FiiO FH11	in-ear	Super Review
FiiO FH15 (balanced nozzle)	in-ear	Super Review
FiiO FH15 (bass nozzle)	in-ear	Super Review
FiiO FH15 (treble nozzle)	in-ear	Super Review
FiiO FH1s	711 in-ear	crinacle
FiiO FH3	711 in-ear	crinacle
FiiO FH3	Bruel & Kjaer 4620 in-ear	crinacle
FiiO FH3	GRAS RA0045 in-ear	HypetheSonics
FiiO FH3	in-ear	RikudouGoku
FiiO FH3	in-ear	Super Review
FiiO FH5	711 in-ear	crinacle
FiiO FH5	in-ear	Harpo
FiiO FH5	in-ear	oratory1990
FiiO FH5	in-ear	Super Review
FiiO FH5s	711 in-ear	crinacle
FiiO FH5s	Bruel & Kjaer 4620 in-ear	crinacle
FiiO FH5s	in-ear	ToneDeafMonk
FiiO FH5s (off-off-off)	in-ear	RikudouGoku
FiiO FH5s (off-off-off)	in-ear	Super Review
FiiO FH5s (off-off-on)	711 in-ear	crinacle
FiiO FH5s (off-off-on)	Bruel & Kjaer 4620 in-ear	crinacle
FiiO FH5s (off-off-on)	in-ear	RikudouGoku
FiiO FH5s (off-off-on)	in-ear	Super Review
FiiO FH5s (off-on-off)	711 in-ear	crinacle
FiiO FH5s (off-on-off)	Bruel & Kjaer 4620 in-ear	crinacle
FiiO FH5s (off-on-off)	in-ear	RikudouGoku
FiiO FH5s (off-on-off)	in-ear	Super Review
FiiO FH5s (off-on-on)	in-ear	RikudouGoku
FiiO FH5s (on-off-off)	711 in-ear	crinacle
FiiO FH5s (on-off-off)	Bruel & Kjaer 4620 in-ear	crinacle
FiiO FH5s (on-off-off)	in-ear	RikudouGoku
FiiO FH5s (on-off-off)	in-ear	Super Review
FiiO FH5s (on-off-on)	in-ear	RikudouGoku
FiiO FH5s (on-on-off)	in-ear	RikudouGoku
FiiO FH5s (on-on-on)	711 in-ear	crinacle
FiiO FH5s (on-on-on)	in-ear	RikudouGoku
FiiO FH5s (on-on-on)	in-ear	Super Review
FiiO FH7	711 in-ear	crinacle
FiiO FH7 (bass nozzle)	GRAS RA0045 in-ear	HypetheSonics
FiiO FH7 (reference nozzle)	GRAS RA0045 in-ear	HypetheSonics
FiiO FH7 (treble nozzle)	GRAS RA0045 in-ear	HypetheSonics
FiiO FH7S	in-ear	oratory1990
FiiO FH7s (balanced nozzle)	in-ear	Super Review
FiiO FH7s (bass nozzle)	in-ear	Super Review
FiiO FH7s (treble nozzle)	in-ear	Super Review
FiiO FH9 (black filter)	711 in-ear	crinacle
FiiO FH9 (black filter)	Bruel & Kjaer 4620 in-ear	crinacle
FiiO FH9 (green filter)	711 in-ear	crinacle
FiiO FH9 (green filter)	Bruel & Kjaer 4620 in-ear	crinacle
FiiO FH9 (red filter)	711 in-ear	crinacle
FiiO FH9 (red filter)	Bruel & Kjaer 4620 in-ear	crinacle
FiiO FHE Eclipse	711 in-ear	crinacle
FiiO FHE Eclipse	Bruel & Kjaer 4620 in-ear	crinacle
FiiO FHE Eclipse	in-ear	Super Review
FiiO FP3	in-ear	Jaytiss
FiiO FT1	over-ear	oratory1990
FiiO FT1	over-ear	Super Review
FiiO FT1 Pro	over-ear	Kuulokenurkka
FiiO FT1 Pro	over-ear	oratory1990
FiiO FT1 Pro	over-ear	Super Review
FiiO FT3 (pleather earpads)	over-ear	Kuulokenurkka
FiiO FT3 (pleather earpads)	over-ear	oratory1990
FiiO FT3 (suede earpads)	over-ear	Kuulokenurkka
FiiO FT3 (suede earpads)	over-ear	oratory1990
FiiO FT5 (pleather earpads)	over-ear	kr0mka
FiiO FT5 (pleather earpads)	over-ear	Kuulokenurkka
FiiO FT5 (pleather earpads)	over-ear	oratory1990
FiiO FT5 (pleather earpads)	over-ear	Super Review
FiiO FT5 (suede earpads)	over-ear	kr0mka
FiiO FT5 (suede earpads)	over-ear	Kuulokenurkka
FiiO FT5 (suede earpads)	over-ear	oratory1990
FiiO FT5 (suede earpads)	over-ear	Super Review
FiiO FT7 (fabric earpads)	over-ear	Kuulokenurkka
FiiO FT7 (fabric earpads)	over-ear	Super Review
FiiO FT7 (leather earpads)	over-ear	Kuulokenurkka
FiiO FT7 (leather earpads)	over-ear	Super Review
FiiO FW5	in-ear	Super Review
FiiO FX15 (off)	in-ear	Super Review
FiiO FX15 (on)	in-ear	Super Review
FiiO JD1	in-ear	Jaytiss
FiiO JD10	in-ear	Jaytiss
FiiO JH5	in-ear	Super Review
FiiO Snowsky Wind	over-ear	Kuulokenurkka
FiiO x JadeAudio JD3	in-ear	Kazi
Final Audio A3000	711 in-ear	crinacle
Final Audio A4000	711 in-ear	crinacle
Final Audio A4000	in-ear	Super Review
Final Audio A5000	in-ear	freeryder05
Final Audio A8000	711 in-ear	crinacle
Final Audio A8000	Bruel & Kjaer 5128 in-ear	HypetheSonics
Final Audio A8000	in-ear	Kazi
Final Audio A8000	in-ear	oratory1990
Final Audio Adagio III	in-ear	Innerfidelity
Final Audio Adagio III	in-ear	oratory1990
Final Audio B1	711 in-ear	crinacle
Final Audio B2	711 in-ear	crinacle
Final Audio B3	711 in-ear	crinacle
Final Audio B3	in-ear	Jaytiss
Final Audio B3 (Final Audio TWS eartips)	in-ear	Super Review
Final Audio B3 (Final Audio Type E eartips)	in-ear	Super Review
Final Audio D7000	over-ear	kr0mka
Final Audio D8000	EARS + 711 over-ear	crinacle
Final Audio D8000	GRAS 43AG-7 over-ear	crinacle
Final Audio D8000 Pro Edition	GRAS 43AG-7 over-ear	crinacle
Final Audio D8000 Pro Edition	over-ear	oratory1990
Final Audio E1000	in-ear	Auriculares Argentina
Final Audio E1000	711 in-ear	crinacle
Final Audio E1000	in-ear	Kazi
Final Audio E1000	in-ear	kr0mka
Final Audio E1000	in-ear	oratory1990
Final Audio E1000	in-ear	RikudouGoku
Final Audio E1000 (Final Audio Type E eartips)	in-ear	Super Review
Final Audio E2000	711 in-ear	crinacle
Final Audio E2000	Bruel & Kjaer 5128 in-ear	HypetheSonics
Final Audio E2000	in-ear	RikudouGoku
Final Audio E2000	in-ear	Super Review
Final Audio E3000	711 in-ear	crinacle
Final Audio E3000	in-ear	Fahryst
Final Audio E3000	in-ear	Harpo
Final Audio E3000	in-ear	Kazi
Final Audio E3000	in-ear	oratory1990
Final Audio E3000	in-ear	RikudouGoku
Final Audio E4000	711 in-ear	crinacle
Final Audio E4000	GRAS RA0045 in-ear	HypetheSonics
Final Audio E4000	in-ear	oratory1990
Final Audio E4000	in-ear	RikudouGoku
Final Audio E500	in-ear	Kazi
Final Audio E500	in-ear	oratory1990
Final Audio E500	in-ear	RikudouGoku
Final Audio E500	in-ear	Super Review
Final Audio E5000	711 in-ear	crinacle
Final Audio E5000	GRAS RA0045 in-ear	HypetheSonics
Final Audio E5000	in-ear	Kazi
Final Audio E5000	in-ear	oratory1990
Final Audio E5000	in-ear	RikudouGoku
Final Audio EVA2020	in-ear	RikudouGoku
Final Audio F3100	in-ear	oratory1990
Final Audio F3100	in-ear	RikudouGoku
Final Audio F4100	711 in-ear	crinacle
Final Audio F7200	711 in-ear	crinacle
Final Audio F7200	GRAS RA0045 in-ear	HypetheSonics
Final Audio FI-DO6SS ANT20	711 in-ear	crinacle
Final Audio Heaven 4	711 in-ear	crinacle
Final Audio Heaven 7	711 in-ear	crinacle
Final Audio Heaven 8	711 in-ear	crinacle
Final Audio Heaven A	in-ear	Innerfidelity
Final Audio Heaven II	in-ear	Innerfidelity
Final Audio Heaven III	711 in-ear	crinacle
Final Audio Heaven IV	in-ear	oratory1990
Final Audio Heaven S	711 in-ear	crinacle
Final Audio Heaven S	in-ear	Innerfidelity
Final Audio Heaven V	in-ear	oratory1990
Final Audio Lab 1	711 in-ear	crinacle
Final Audio Lab 1 Fit 1	711 in-ear	crinacle
Final Audio Lab 1 Fit 2	711 in-ear	crinacle
Final Audio Make 2	711 in-ear	crinacle
Final Audio Pandora Hope 4	over-ear	Innerfidelity
Final Audio Sonorous III	over-ear	HypetheSonics
Final Audio Sonorous IV (A-type earpads)	over-ear	oratory1990
Final Audio Sonorous VIII	GRAS 43AG-7 over-ear	crinacle
Final Audio Sonorous X	GRAS 43AG-7 over-ear	crinacle
Final Audio Sonorous X	over-ear	HypetheSonics
Final Audio UX3000	over-ear	Super Review
Final Audio UX3000 (Bluetooth, ANC on)	over-ear	oratory1990
Final Audio UX3000 SV (analog connection)	over-ear	Super Review
Final Audio UX3000 SV (ANC off)	over-ear	Super Review
Final Audio UX3000 SV (ANC on)	over-ear	Super Review
Final Audio VR2000	in-ear	Kazi
Final Audio VR3000	in-ear	Kazi
Final Audio VR3000	in-ear	RikudouGoku
Final Audio VR3000	in-ear	Super Review
Final Audio ZE3000	in-ear	Harpo
Final Audio ZE3000	in-ear	Kazi
Final Audio ZE8000	in-ear	Kazi
fineEars TSH-HR1000K	711 in-ear	crinacle
Fir Audio e10	in-ear	Jaytiss
Fir Audio e12	GRAS RA0045 in-ear	HypetheSonics
Fir Audio e12	in-ear	Jaytiss
Fir Audio Krypton 5	711 in-ear	crinacle
Fir Audio Krypton 5	GRAS RA0045 in-ear	HypetheSonics
Fir Audio M2	711 in-ear	crinacle
Fir Audio M2	GRAS RA0045 in-ear	HypetheSonics
Fir Audio M3	711 in-ear	crinacle
Fir Audio M3	GRAS RA0045 in-ear	HypetheSonics
Fir Audio M4	711 in-ear	crinacle
Fir Audio M4	GRAS RA0045 in-ear	HypetheSonics
Fir Audio M5	711 in-ear	crinacle
Fir Audio M5	Bruel & Kjaer 5128 in-ear	HypetheSonics
Fir Audio M5 (CIEM)	711 in-ear	crinacle
Fir Audio M5 S2	711 in-ear	crinacle
Fir Audio Neon 4	711 in-ear	crinacle
Fir Audio Neon 4	GRAS RA0045 in-ear	HypetheSonics
Fir Audio Radon 6	in-ear	Fahryst
Fir Audio Radon 6	in-ear	Kazi
Fir Audio Radon 6 (black module)	in-ear	Jaytiss
Fir Audio Radon 6 (gold module)	in-ear	Jaytiss
Fir Audio Radon 6 (red module)	in-ear	Jaytiss
Fir Audio Radon 6 (silver module)	in-ear	Jaytiss
Fir Audio VxV	711 in-ear	crinacle
Fir Audio VxV	GRAS RA0045 in-ear	HypetheSonics
Fir Audio Xenon 6	711 in-ear	crinacle
Fir Audio Xenon 6	GRAS RA0045 in-ear	HypetheSonics
Fir Audio Xenon 6	in-ear	ToneDeafMonk
Fir Audio Xenon 6 (CIEM)	711 in-ear	crinacle
First Harmonic IEB6	in-ear	Innerfidelity
Fischer Audio FA-003	over-ear	Innerfidelity
Fischer Audio FA-011 LE	over-ear	Innerfidelity
Fischer Audio Oldskool RPM 33 1-3 (Zeppelin & Co Limited Edition)	GRAS 43AG-7 over-ear	crinacle
Fischer Audio Omega Spark	711 in-ear	crinacle
Fischer Audio SBA-03	in-ear	Innerfidelity
Fischer Audio Tandem	in-ear	Innerfidelity
Fitbit Flyer	HMS II.3 in-ear	Rtings
FitEar Air 2	711 in-ear	crinacle
FitEar Aya	711 in-ear	crinacle
FitEar EST	711 in-ear	crinacle
FitEar F111	711 in-ear	crinacle
FitEar Fitear	711 in-ear	crinacle
FitEar MH334	711 in-ear	crinacle
FitEar MH334SR (CIEM)	711 in-ear	crinacle
FitEar MH335DW	711 in-ear	crinacle
FitEar Monet 17	711 in-ear	crinacle
FitEar Parterre	711 in-ear	crinacle
FitEar Private 222	711 in-ear	crinacle
FitEar Private 223	711 in-ear	crinacle
FitEar Private 333	711 in-ear	crinacle
FitEar Private C435	711 in-ear	crinacle
FitEar TG334	711 in-ear	crinacle
FitEar Titan	711 in-ear	crinacle
fix Bespoke Edition (Leneo)	711 in-ear	crinacle
fix Event Horizon	711 in-ear	crinacle
Flare Audio Reference R1	over-ear	Innerfidelity
FLC Technology DD31	in-ear	Super Review
FLC Technology FLC8 (gray LF, grey ULF, black HF)	in-ear	Innerfidelity
FLC Technology FLC8 (gray LF, grey ULF, blue HF)	in-ear	Innerfidelity
FLC Technology FLC8 (light, grey LF, grey ULF, blue HF)	in-ear	Innerfidelity
FLC Technology FLC8 (pop-rap, black LF, grey ULF, black HF)	in-ear	Innerfidelity
FLC Technology FLC8 (strings-piano, clear LF, clear LF, green HF)	in-ear	Innerfidelity
FLC Technology FLC8 (vocals, clear LF, clear ULF, yellow HF)	in-ear	Innerfidelity
FLC Technology FLC8D (gold filter)	GRAS RA0045 in-ear	HypetheSonics
FLC Technology FLC8D (gunmetal filter)	GRAS RA0045 in-ear	HypetheSonics
FLC Technology FLC8P (gold, black, gunmetal)	in-ear	Super Review
FLC Technology FLC8P (gold, black, red)	in-ear	Super Review
FLC Technology FLC8P (gold, black, transparent)	in-ear	Super Review
FLC Technology FLC8P (gold, gray, gunmetal)	in-ear	Super Review
FLC Technology FLC8P (gold, white, gunmetal)	in-ear	Super Review
FLC Technology FLC8P (green, gray, gunmetal)	in-ear	Super Review
FLC Technology FLC8P (gunmetal, black, gunmetal)	in-ear	Super Review
FLC Technology FLC8P (gunmetal, gray, gunmetal)	in-ear	Super Review
FLC Technology FLC8P (silver, gray, gunmetal)	in-ear	Super Review
Flicker Ear Flow	in-ear	Harpo
Flicker Ear Norma	711 in-ear	crinacle
FlipEars Aegis	in-ear	Jaytiss
FlipEars Aether	in-ear	Kazi
FlipEars Aurora	711 in-ear	crinacle
FlipEars Legion	in-ear	Jaytiss
Floaudio CALLA	in-ear	Harpo
Focal Azurys	over-ear	Kuulokenurkka
Focal Azurys	over-ear	oratory1990
Focal Azurys	over-ear	Super Review
Focal Bathys	over-ear	Kuulokenurkka
Focal Bathys	over-ear	oratory1990
Focal Bathys	Bruel & Kjaer 5128 over-ear	Rtings
Focal Bathys (USB)	over-ear	Super Review
Focal Bathys (wired)	over-ear	Super Review
Focal Bathys (wireless)	over-ear	Super Review
Focal Bathys MG	over-ear	Kuulokenurkka
Focal Bathys MG (dynamic preset)	over-ear	Kuulokenurkka
Focal Celestee	GRAS 43AG-7 over-ear	crinacle
Focal Celestee	over-ear	oratory1990
Focal Celestee	HMS II.3 over-ear	Rtings
Focal Celestee	over-ear	Super Review
Focal Clear	EARS + 711 over-ear	crinacle
Focal Clear	GRAS 43AG-7 over-ear	crinacle
Focal Clear	over-ear	HypetheSonics
Focal Clear	over-ear	Innerfidelity
Focal Clear	over-ear	oratory1990
Focal Clear (Focal Clear Mg earpads)	GRAS 43AG-7 over-ear	crinacle
Focal Clear Mg	GRAS 43AG-7 over-ear	crinacle
Focal Clear Mg	over-ear	Kuulokenurkka
Focal Clear Mg	over-ear	oratory1990
Focal Clear Mg	HMS II.3 over-ear	Rtings
Focal Clear MG Professional	over-ear	Super Review
Focal Elear	EARS + 711 over-ear	crinacle
Focal Elear	GRAS 43AG-7 over-ear	crinacle
Focal Elear	over-ear	Innerfidelity
Focal Elear	over-ear	oratory1990
Focal Elear	HMS II.3 over-ear	Rtings
Focal Elear (Elex earpads)	GRAS 43AG-7 over-ear	crinacle
Focal Elear (Utopia earpads)	GRAS 43AG-7 over-ear	crinacle
Focal Elear (Utopia earpads)	over-ear	Innerfidelity
Focal Elegia	EARS + 711 over-ear	crinacle
Focal Elegia	over-ear	HypetheSonics
Focal Elegia	over-ear	oratory1990
Focal Elegia	HMS II.3 over-ear	Rtings
Focal Elex	over-ear	oratory1990
Focal Elex	over-ear	Super Review
Focal Elex (worn earpads)	over-ear	Super Review
Focal Hadenys	over-ear	Kuulokenurkka
Focal Hadenys	over-ear	oratory1990
Focal Listen	over-ear	Innerfidelity
Focal Listen Professional	over-ear	Auriculares Argentina
Focal Listen Professional	GRAS 43AG-7 over-ear	crinacle
Focal Radiance	GRAS 43AG-7 over-ear	crinacle
Focal Radiance	over-ear	oratory1990
Focal Radiance	over-ear	Super Review
Focal Sphear	711 in-ear	crinacle
Focal Sphear	in-ear	Innerfidelity
Focal Spirit Classic	over-ear	oratory1990
Focal Spirit One	over-ear	Headphone.com Legacy
Focal Spirit One	over-ear	Innerfidelity
Focal Spirit One S	over-ear	Innerfidelity
Focal Spirit Professional	over-ear	Innerfidelity
Focal Stellia	EARS + 711 over-ear	crinacle
Focal Stellia	GRAS 43AG-7 over-ear	crinacle
Focal Stellia	over-ear	HypetheSonics
Focal Stellia	over-ear	oratory1990
Focal Stellia	HMS II.3 over-ear	Rtings
Focal Utopia	EARS + 711 over-ear	crinacle
Focal Utopia	GRAS 43AG-7 over-ear	crinacle
Focal Utopia	over-ear	HypetheSonics
Focal Utopia	over-ear	Innerfidelity
Focal Utopia	over-ear	Kuulokenurkka
Focal Utopia	over-ear	oratory1990
Focal Utopia (Dekoni fenestrated Sheepskin Earpads)	over-ear	oratory1990
Focal Utopia (Dekoni sheepskin Earpads)	over-ear	oratory1990
Focal Utopia (Elear earpads)	over-ear	Innerfidelity
Focal Utopia 2022	over-ear	kr0mka
Focal Utopia 2022	over-ear	Kuulokenurkka
Focal Utopia 2022	over-ear	oratory1990
Focal Utopia 2022	over-ear	Super Review
Focus Audio EDM	in-ear	Harpo
Focusrite HP60 (Scarlett Studio)	over-ear	oratory1990
Fonge X2 Pro	in-ear	kr0mka
Fosi Audio i5	over-ear	Super Review
Fostex T-X0	over-ear	oratory1990
Fostex T20RP Mk3	over-ear	Innerfidelity
Fostex T40RP Mk3	over-ear	Innerfidelity
Fostex T40RP Mk3	over-ear	oratory1990
Fostex T50	over-ear	Innerfidelity
Fostex T50RP	over-ear	Innerfidelity
Fostex T50RP (sample 1)	over-ear	Innerfidelity
Fostex T50RP (sample 2)	over-ear	Innerfidelity
Fostex T50RP 50th Anniversary	over-ear	kr0mka
Fostex T50RP Mk2	over-ear	Innerfidelity
Fostex T50RP Mk3	GRAS 43AG-7 over-ear	crinacle
Fostex T50RP Mk3	over-ear	Innerfidelity
Fostex T50RP Mk4	over-ear	Super Review
Fostex TH-X00	over-ear	kr0mka
Fostex TH-X00 (ebony)	over-ear	oratory1990
Fostex TH-X00 (mahogany)	over-ear	oratory1990
Fostex TH-X00 (mahogany) (sample 1)	over-ear	Innerfidelity
Fostex TH-X00 (mahogany) (serial number 1927)	over-ear	Innerfidelity
Fostex TH-X00 (purpleheart)	over-ear	Kuulokenurkka
Fostex TH-X00 (purpleheart)	over-ear	oratory1990
Fostex TH-X00 (ZMF Universe perforated lambskin earpads)	over-ear	kr0mka
Fostex TH-X00 (ZMF Universe perforated suede earpads)	over-ear	kr0mka
Fostex TH-X00 Mahogany	over-ear	Innerfidelity
Fostex TH500 (worn earpads)	GRAS 43AG-7 over-ear	crinacle
Fostex TH500RP	over-ear	oratory1990
Fostex TH600	over-ear	Headphone.com Legacy
Fostex TH600	over-ear	Innerfidelity
Fostex TH610	GRAS 43AG-7 over-ear	crinacle
Fostex TH610	over-ear	Innerfidelity
Fostex TH610 (Dekoni fenestrated Sheepskin Earpads)	over-ear	oratory1990
Fostex TH616	over-ear	kr0mka
Fostex TH7	GRAS 43AG-7 over-ear	crinacle
Fostex TH900	GRAS 43AG-7 over-ear	crinacle
Fostex TH900	over-ear	Headphone.com Legacy
Fostex TH900	over-ear	Innerfidelity
Fostex TH900mk2	over-ear	Innerfidelity
Fostex TH900mk2	over-ear	kr0mka
Fostex TH900mk2	over-ear	oratory1990
Fostex TH900mk2 (anniversary tuning)	over-ear	oratory1990
Fostex TH900mk2 (TH610 earpads)	over-ear	Innerfidelity
Fostex TH909	GRAS 43AG-7 over-ear	crinacle
Fostex TH909	over-ear	oratory1990
Fostex TM2	711 in-ear	crinacle
Fostex TR-80	GRAS 43AG-7 over-ear	crinacle
Fujisan Telos	in-ear	Innerfidelity
Future Sonics G10	711 in-ear	crinacle
Future Sonics MG5HX	711 in-ear	crinacle
Gaudio Tödi	in-ear	ToneDeafMonk
Geek Wold GK10	711 in-ear	crinacle
Geek Wold GK10	Bruel & Kjaer 4620 in-ear	crinacle
Geek Wold GK10	in-ear	RikudouGoku
Geek Wold GK3	711 in-ear	crinacle
Geek Wold GK3	in-ear	RikudouGoku
Geek Wold GK80 (microphone cable)	in-ear	Hi End Portable
Geek Wold GK80 (normal cable)	in-ear	Hi End Portable
Geekfly GF10	in-ear	Hi End Portable
Geekfly GF8S	in-ear	Hi End Portable
Genesis Neon 613	over-ear	Filk
Genesis Radon 800 (farbic earpads)	over-ear	Filk
Genesis Radon 800 (leather earpads)	over-ear	Filk
Genesis Toron 301	over-ear	Filk
Genesis Toron 531 (breathable earpads)	over-ear	Filk
Genesis Toron 531 (hybrid earpads)	over-ear	Filk
GK G1	in-ear	kr0mka
Gold Planar GL12 (filter)	711 in-ear	crinacle
Gold Planar GL12 (no filter)	711 in-ear	crinacle
Gold Planar GL20	711 in-ear	crinacle
Gold Planar GL2000	over-ear	kr0mka
Gold Planar GL2000	over-ear	oratory1990
Gold Planar GL2000 (double-sided, leather earpads)	GRAS 43AG-7 over-ear	crinacle
Gold Planar GL2000 (double-sided, perforated hybrid earpads)	GRAS 43AG-7 over-ear	crinacle
Gold Planar GL2000 (single-sided, leather earpads)	GRAS 43AG-7 over-ear	crinacle
Gold Planar GL2000 (single-sided, perforated hybrid earpads)	GRAS 43AG-7 over-ear	crinacle
Gold Planar GL850	GRAS 43AG-7 over-ear	crinacle
Google Pixel Buds (2017)	HMS II.3 in-ear	Rtings
Google Pixel Buds (2020)	HMS II.3 in-ear	Rtings
Google Pixel Buds A-Series	HMS II.3 in-ear	Rtings
Google Pixel Buds Pro	GRAS RA0045 in-ear	HypetheSonics
Google Pixel Buds Pro	Bruel & Kjaer 5128 in-ear	Rtings
Google Pixel Buds Pro 2	in-ear	DHRME
Google Pixel Buds Pro 2	Bruel & Kjaer 5128 in-ear	Rtings
Google Pixel USB-C Earbuds	HMS II.3 earbud	Rtings
Grado GR10	in-ear	Headphone.com Legacy
Grado GR8	711 in-ear	crinacle
Grado GR8	in-ear	Headphone.com Legacy
Grado GR8	in-ear	Innerfidelity
Grado GS1000	over-ear	Headphone.com Legacy
Grado GS1000	over-ear	Innerfidelity
Grado GS3000e	over-ear	HypetheSonics
Grado GT220	in-ear	oratory1990
Grado GW100	GRAS 43AG-7 over-ear	crinacle
Grado GW100	over-ear	oratory1990
Grado GW100	HMS II.3 over-ear	Rtings
Grado GW100 (bluetooth)	over-ear	Super Review
Grado GW100 (wired)	over-ear	Super Review
Grado Hemp	over-ear	oratory1990
Grado HF1	over-ear	Innerfidelity
Grado HF1 Prototype	over-ear	Innerfidelity
Grado HF2	over-ear	Innerfidelity
Grado iGE	711 in-ear	crinacle
Grado iGi	in-ear	Headphone.com Legacy
Grado iGrado White	in-ear	Headphone.com Legacy
Grado PS1000	over-ear	Headphone.com Legacy
Grado PS1000	over-ear	Innerfidelity
Grado PS2000e	over-ear	HypetheSonics
Grado PS500	over-ear	Headphone.com Legacy
Grado PS500	over-ear	Innerfidelity
Grado PS500e	GRAS 43AG-7 over-ear	crinacle
Grado RS1	over-ear	Headphone.com Legacy
Grado RS1	over-ear	Innerfidelity
Grado RS1e	over-ear	HypetheSonics
Grado RS1e (bowl earpads)	over-ear	Innerfidelity
Grado RS1e (flat earpads)	over-ear	Innerfidelity
Grado RS1e (S earpads)	over-ear	Innerfidelity
Grado RS1e (yellow earpads)	over-ear	Innerfidelity
Grado RS1x	over-ear	Auriculares Argentina
Grado RS2	over-ear	Headphone.com Legacy
Grado RS2	over-ear	Innerfidelity
Grado SR125e	GRAS 43AG-7 over-ear	crinacle
Grado SR125e	over-ear	Kuulokenurkka
Grado SR125e	HMS II.3 over-ear	Rtings
Grado SR125i	over-ear	Headphone.com Legacy
Grado SR125i	over-ear	Innerfidelity
Grado SR225	over-ear	Headphone.com Legacy
Grado SR225e	HMS II.3 over-ear	Rtings
Grado SR225i	over-ear	Innerfidelity
Grado SR225i (comfy earpads)	over-ear	Innerfidelity
Grado SR225i (G earpads)	over-ear	Innerfidelity
Grado SR225i (goo bowl earpads)	over-ear	Innerfidelity
Grado SR225i (reverse bowl earpads)	over-ear	Innerfidelity
Grado SR225i (small flat earpads)	over-ear	Innerfidelity
Grado SR225i (TTVJ flat earpads)	over-ear	Innerfidelity
Grado SR325	over-ear	Headphone.com Legacy
Grado SR325	over-ear	Innerfidelity
Grado SR325e	GRAS 43AG-7 over-ear	crinacle
Grado SR325e	over-ear	HypetheSonics
Grado SR325e	over-ear	Innerfidelity
Grado SR325e	HMS II.3 over-ear	Rtings
Grado SR325i	over-ear	Innerfidelity
Grado SR325x	over-ear	Auriculares Argentina
Grado SR325x	over-ear	kr0mka
Grado SR325x	over-ear	oratory1990
Grado SR60	over-ear	Headphone.com Legacy
Grado SR60e	over-ear	Auriculares Argentina
Grado SR60e	GRAS 43AG-7 over-ear	crinacle
Grado SR60e	over-ear	oratory1990
Grado SR60e	HMS II.3 over-ear	Rtings
Grado SR60i	over-ear	Innerfidelity
Grado SR60x	over-ear	Auriculares Argentina
Grado SR60x	over-ear	oratory1990
Grado SR80	over-ear	Headphone.com Legacy
Grado SR80 (L-Cush earpads)	over-ear	Super Review
Grado SR80 (S-Cush earpads)	over-ear	Super Review
Grado SR80e	GRAS 43AG-7 over-ear	crinacle
Grado SR80e	over-ear	HypetheSonics
Grado SR80e	HMS II.3 over-ear	Rtings
Grado The Hemp Headphone	GRAS 43AG-7 over-ear	crinacle
Grado The Hemp Headphone	HMS II.3 over-ear	Rtings
Grell Audio TWS 1	711 in-ear	crinacle
GS Audio GD11	in-ear	RikudouGoku
GS Audio GD3A	in-ear	RikudouGoku
GS Audio GD3A	in-ear	Super Review
GS Audio GD3C	in-ear	Super Review
GS Audio GT12X	in-ear	RikudouGoku
GS Audio SE11	in-ear	Super Review
GS Audio SE12	in-ear	ToneDeafMonk
GS Audio ST1	in-ear	RikudouGoku
GuideRay GR-I	Bruel & Kjaer 4620 in-ear	crinacle
HAKUGEI Sea-elf	in-ear	Fahryst
Harman Kardon FLY ANC	GRAS 43AG-7 over-ear	crinacle
Harman Kardon NI	in-ear	Innerfidelity
HarmonicDyne Black Hole	over-ear	Auriculares Argentina
HarmonicDyne Devil	in-ear	Kazi
HarmonicDyne G200 (lambskin earpads)	GRAS 43AG-7 over-ear	crinacle
HarmonicDyne G200 (velour earpads)	GRAS 43AG-7 over-ear	crinacle
HarmonicDyne G200 (velour earpads)	over-ear	oratory1990
HarmonicDyne Helios	EARS + 711 over-ear	crinacle
HarmonicDyne Helios	GRAS 43AG-7 over-ear	crinacle
HarmonicDyne P.D.1	711 in-ear	crinacle
HarmonicDyne P.D.1	Bruel & Kjaer 4620 in-ear	crinacle
HarmonicDyne P.D.1	in-ear	Super Review
HarmonicDyne Poseidon	GRAS 43AG-7 over-ear	crinacle
HarmonicDyne Poseidon	over-ear	Super Review
HarmonicDyne Zeus	GRAS 43AG-7 over-ear	crinacle
HarmonicDyne Zeus	over-ear	oratory1990
HarmonicDyne Zeus	over-ear	Super Review
HarmonicDyne Zeus Elite	over-ear	Auriculares Argentina
HarmonicDyne Zeus Elite	over-ear	Super Review
Havi B3 Pro1	in-ear	Innerfidelity
Haylou GT1	in-ear	Super Review
Haylou GT2	in-ear	Super Review
Haylou Moripods	in-ear	Auriculares Argentina
Haylou PurFree Buds	in-ear	Regan Cipher
Haylou S30 (ANC on)	over-ear	Regan Cipher
Haylou S30 (wired)	in-ear	Regan Cipher
Haylou S35	over-ear	Filk
Haylou S35	over-ear	Regan Cipher
Haylou S35 (ANC off)	over-ear	Regan Cipher
Haylou S35 ANC	in-ear	Regan Cipher
Haylou W1 ANC	in-ear	Regan Cipher
HeartField Blanc	in-ear	Jaytiss
HeartField CU8	in-ear	Jaytiss
Heavys H1H (AUX power off)	over-ear	Kuulokenurkka
Heavys H1H (Hell Blocker off)	over-ear	Kuulokenurkka
Heavys H1H (Hell Blocker on)	over-ear	Kuulokenurkka
HEDD Audio HEDDphone Two GT (leather earpads)	over-ear	Super Review
HEDD HEDDphone	over-ear	Auriculares Argentina
HEDD HEDDphone	EARS + 711 over-ear	crinacle
HEDD HEDDphone	GRAS 43AG-7 over-ear	crinacle
HEDD HEDDphone	over-ear	HypetheSonics
HEDD HEDDphone	over-ear	kr0mka
HEDD HEDDphone	over-ear	oratory1990
HEDD Heddphone 2	over-ear	kr0mka
HEDD Heddphone 2	over-ear	Kuulokenurkka
HEDD Heddphone 2	over-ear	oratory1990
HEDD Heddphone 2	over-ear	Super Review
HEDD HEDDphone Two GT (leather earpads)	over-ear	Super Review
HEDD HEDDphone Two GT (suede earpads)	over-ear	Super Review
Heir Audio Tzar 350	711 in-ear	crinacle
Hessian TWS7	in-ear	Hi End Portable
Hi-Fri Audio Aphex	in-ear	Super Review
HiBy Crystal 6	711 in-ear	crinacle
HiBy Crystal 6	in-ear	Super Review
HiBy Crystal 6 II	in-ear	Super Review
HiBy Seeds II	in-ear	Harpo
HiBy WH3	711 in-ear	crinacle
HiBy x FAudio Project Ace	in-ear	Fahryst
HiBy x FAudio Project Ace	in-ear	ToneDeafMonk
HiBy XENO	in-ear	ToneDeafMonk
HiBy XOE	in-ear	Super Review
HiBy Yacht 10	in-ear	Super Review
HiBy Yacht 10	in-ear	ToneDeafMonk
HiBy Yves	in-ear	ToneDeafMonk
Hidition NT6	711 in-ear	crinacle
Hidition NT6 Pro	711 in-ear	crinacle
Hidition NT6 Uni	711 in-ear	crinacle
Hidition NT8	711 in-ear	crinacle
Hidition Viento	711 in-ear	crinacle
Hidition Viento (bass)	711 in-ear	crinacle
Hidition Viento (bass)	in-ear	oratory1990
Hidition Viento (bass, mids)	711 in-ear	crinacle
Hidition Viento (mids)	711 in-ear	crinacle
Hidition Viento-A (CIEM)	711 in-ear	crinacle
Hidition Viento-B (CIEM)	711 in-ear	crinacle
Hidition Viento-B (CIEM)	in-ear	freeryder05
Hidition Viento-D (CIEM)	711 in-ear	crinacle
Hidition Violet	711 in-ear	crinacle
Hidition Violet	in-ear	Hi End Portable
Hidition Violet	in-ear	Super Review
Hidition Waltz	711 in-ear	crinacle
Hidizs MD4 (off-off)	in-ear	Hi End Portable
Hidizs MD4 (off-on)	in-ear	Hi End Portable
Hidizs MD4 (on-off)	in-ear	Hi End Portable
Hidizs MD4 (on-on)	in-ear	Hi End Portable
Hidizs Mermaid MM2 (balanced filter)	in-ear	Hi End Portable
Hidizs Mermaid MM2 (bass filter)	in-ear	Hi End Portable
Hidizs Mermaid MM2 (reference filter)	in-ear	Hi End Portable
Hidizs Mermaid MM2 (treble filter)	in-ear	Hi End Portable
Hidizs Mermaid MS1	in-ear	Hi End Portable
Hidizs Mermaid MS4	711 in-ear	crinacle
Hidizs MK12 (gold nozzle)	in-ear	Kazi
Hidizs MK12 (red nozzle)	in-ear	Kazi
Hidizs MK12 (silver nozzle)	in-ear	Kazi
Hidizs MP143	in-ear	Kazi
Hidizs MP143 (gold nozzle)	in-ear	Hi End Portable
Hidizs MP143 (gold nozzle)	in-ear	Jaytiss
Hidizs MP143 (red nozzle)	in-ear	Hi End Portable
Hidizs MP143 (silver nozzle)	in-ear	Hi End Portable
Hidizs MP143 Golden Titanium (gold nozzle)	in-ear	Hi End Portable
Hidizs MP143 Golden Titanium (red nozzle)	in-ear	Hi End Portable
Hidizs MP143 Golden Titanium (silver nozzle)	in-ear	Hi End Portable
Hidizs MP145	in-ear	Kazi
Hidizs MP145 (red nozzle)	in-ear	Fahryst
Hidizs MP145 (red nozzle)	in-ear	Hi End Portable
Hidizs MP145 (red nozzle)	in-ear	RikudouGoku
Hidizs MP145 (rosegold nozzle)	in-ear	Fahryst
Hidizs MP145 (rosegold nozzle)	in-ear	RikudouGoku
Hidizs MP145 (silver nozzle)	in-ear	Fahryst
Hidizs MP145 (silver nozzle)	in-ear	Hi End Portable
Hidizs MP145 (silver nozzle)	in-ear	RikudouGoku
Hidizs MP145 Golden Titanium Edition (red nozzle)	in-ear	Hi End Portable
Hidizs MP145 Golden Titanium Edition (rosegold nozzle)	in-ear	Hi End Portable
Hidizs MP145 Golden Titanium Edition (silver nozzle)	in-ear	Hi End Portable
Hidizs MS2	in-ear	Hi End Portable
Hidizs MS3	in-ear	Jaytiss
Hidizs MS3 (red nozzle)	in-ear	Fahryst
Hidizs MS3 (red nozzle)	in-ear	Hi End Portable
Hidizs MS3 (red nozzle)	in-ear	Regan Cipher
Hidizs MS3 (rosegold nozzle)	in-ear	Fahryst
Hidizs MS3 (rosegold nozzle)	in-ear	Hi End Portable
Hidizs MS3 (rosegold nozzle)	in-ear	Regan Cipher
Hidizs MS3 (silver nozzle)	in-ear	Fahryst
Hidizs MS3 (silver nozzle)	in-ear	Hi End Portable
Hidizs MS3 (silver nozzle)	in-ear	Regan Cipher
Hidizs MS5	in-ear	Fahryst
Hidizs MS5 (red nozzle)	in-ear	Hi End Portable
Hidizs MS5 (red nozzle)	in-ear	ToneDeafMonk
Hidizs MS5 (rosegold nozzle)	in-ear	Hi End Portable
Hidizs MS5 (rosegold nozzle)	in-ear	Kazi
Hidizs MS5 (rosegold nozzle)	in-ear	ToneDeafMonk
Hidizs MS5 (silver nozzle)	in-ear	Hi End Portable
Hidizs MS5 (silver nozzle)	in-ear	ToneDeafMonk
Hidizs ST2 Nebula	in-ear	Jaytiss
Hidizs ST2 Pro	in-ear	Hi End Portable
HiFi Boy OS V3	711 in-ear	crinacle
HIFI FOR ALL Dahlia (balanced resonator)	over-ear	Super Review
HIFI FOR ALL Dahlia (dynamic resonator)	over-ear	Super Review
HIFIMAN Ananda	over-ear	Auriculares Argentina
HIFIMAN Ananda	EARS + 711 over-ear	crinacle
HIFIMAN Ananda	GRAS 43AG-7 over-ear	crinacle
HIFIMAN Ananda	over-ear	Filk
HIFIMAN Ananda	over-ear	Kuulokenurkka
HIFIMAN Ananda	over-ear	oratory1990
HIFIMAN Ananda	HMS II.3 over-ear	Rtings
HIFIMAN Ananda (V1)	over-ear	kr0mka
HIFIMAN Ananda BT	HMS II.3 over-ear	Rtings
HIFIMAN Ananda Nano	over-ear	Kuulokenurkka
HIFIMAN Ananda Nano	over-ear	oratory1990
HIFIMAN Ananda Nano	over-ear	Super Review
HIFIMAN Ananda Stealth	over-ear	oratory1990
HIFIMAN Arya	over-ear	Auriculares Argentina
HIFIMAN Arya	EARS + 711 over-ear	crinacle
HIFIMAN Arya	GRAS 43AG-7 over-ear	crinacle
HIFIMAN Arya	over-ear	oratory1990
HIFIMAN Arya	HMS II.3 over-ear	Rtings
HIFIMAN Arya Organic	over-ear	kr0mka
HIFIMAN Arya Organic	over-ear	Kuulokenurkka
HIFIMAN Arya Organic	over-ear	oratory1990
HIFIMAN Arya Stealth Magnet Version	GRAS 43AG-7 over-ear	crinacle
HIFIMAN Arya Stealth Magnet Version	over-ear	oratory1990
HIFIMAN Arya Stealth Magnet Version	Bruel & Kjaer 5128 over-ear	Rtings
HIFIMAN Arya Unveiled	over-ear	Kuulokenurkka
HIFIMAN Audivina	over-ear	oratory1990
HIFIMAN Bolt	in-ear	Super Review
HIFIMAN Deva (wired)	GRAS 43AG-7 over-ear	crinacle
HIFIMAN Deva (wired)	over-ear	oratory1990
HIFIMAN Deva (wireless)	over-ear	oratory1990
HIFIMAN Deva Pro	over-ear	Auriculares Argentina
HIFIMAN Deva Pro	GRAS 43AG-7 over-ear	crinacle
HIFIMAN Deva Pro	over-ear	oratory1990
HIFIMAN Deva Pro-wired	over-ear	Kuulokenurkka
HIFIMAN Edition S (closed back)	over-ear	oratory1990
HIFIMAN Edition S (open back)	over-ear	oratory1990
HIFIMAN Edition X	over-ear	Innerfidelity
HIFIMAN Edition X	over-ear	oratory1990
HIFIMAN Edition X	HMS II.3 over-ear	Rtings
HIFIMAN Edition X V2	GRAS 43AG-7 over-ear	crinacle
HIFIMAN Edition X V2	over-ear	Innerfidelity
HIFIMAN Edition X V2	over-ear	oratory1990
HIFIMAN Edition XS	over-ear	Kuulokenurkka
HIFIMAN Edition XS	over-ear	oratory1990
HIFIMAN Edition XS	Bruel & Kjaer 5128 over-ear	Rtings
HIFIMAN Edition XS	over-ear	Super Review
HIFIMAN Edition XX	over-ear	oratory1990
HIFIMAN HE-300	over-ear	Innerfidelity
HIFIMAN HE-300 Rev 2	over-ear	Innerfidelity
HIFIMAN HE-4	over-ear	Innerfidelity
HIFIMAN HE-400	over-ear	Headphone.com Legacy
HIFIMAN HE-5	GRAS 43AG-7 over-ear	crinacle
HIFIMAN HE-5	over-ear	Headphone.com Legacy
HIFIMAN HE-5	over-ear	Innerfidelity
HIFIMAN HE-500	over-ear	Headphone.com Legacy
HIFIMAN HE-500	over-ear	Innerfidelity
HIFIMAN HE-500 (FocusPad-A)	GRAS 43AG-7 over-ear	crinacle
HIFIMAN HE-5LE	over-ear	Headphone.com Legacy
HIFIMAN HE-5LE	over-ear	Innerfidelity
HIFIMAN HE-6 (6-screw, HIFIMAN FocusPad earpads)	over-ear	Kuulokenurkka
HIFIMAN HE-6 (6-screw, pleather earpads)	over-ear	Kuulokenurkka
HIFIMAN HE-R9	over-ear	Auriculares Argentina
HIFIMAN HE-R9	over-ear	Kuulokenurkka
HIFIMAN HE-R9	over-ear	oratory1990
HIFIMAN HE-X4	GRAS 43AG-7 over-ear	crinacle
HIFIMAN HE-X4	over-ear	oratory1990
HIFIMAN HE1000	EARS + 711 over-ear	crinacle
HIFIMAN HE1000	over-ear	Innerfidelity
HIFIMAN HE1000 Stealth	over-ear	oratory1990
HIFIMAN HE1000 Unveiled	over-ear	Kuulokenurkka
HIFIMAN HE1000 V1	EARS + 711 over-ear	crinacle
HIFIMAN HE1000 V1	GRAS 43AG-7 over-ear	crinacle
HIFIMAN HE1000 V2	GRAS 43AG-7 over-ear	crinacle
HIFIMAN HE1000 V2	over-ear	oratory1990
HIFIMAN HE1000se	GRAS 43AG-7 over-ear	crinacle
HIFIMAN HE1000se	over-ear	Kuulokenurkka
HIFIMAN HE1000se	over-ear	oratory1990
HIFIMAN HE1000se (Dekoni fenestrated sheepskin earpads)	over-ear	kr0mka
HIFIMAN HE350	over-ear	oratory1990
HIFIMAN HE35X	over-ear	oratory1990
HIFIMAN HE400i	over-ear	Innerfidelity
HIFIMAN HE400i	HMS II.3 over-ear	Rtings
HIFIMAN HE400i (2016)	GRAS 43AG-7 over-ear	crinacle
HIFIMAN HE400i (2016)	over-ear	oratory1990
HIFIMAN HE400i (2020)	GRAS 43AG-7 over-ear	crinacle
HIFIMAN HE400i (2020)	over-ear	oratory1990
HIFIMAN HE400S	over-ear	Innerfidelity
HIFIMAN HE400se	over-ear	Auriculares Argentina
HIFIMAN HE400se	GRAS 43AG-7 over-ear	crinacle
HIFIMAN HE400se	over-ear	Kuulokenurkka
HIFIMAN HE400se	over-ear	oratory1990
HIFIMAN HE400se	HMS II.3 over-ear	Rtings
HIFIMAN HE400se (non-stealth magnet)	over-ear	Filk
HIFIMAN HE400se (stealth magnet)	over-ear	Filk
HIFIMAN HE4XX	over-ear	Innerfidelity
HIFIMAN HE4XX	over-ear	oratory1990
HIFIMAN HE560	over-ear	oratory1990
HIFIMAN HE560 (V1)	GRAS 43AG-7 over-ear	crinacle
HIFIMAN HE560 2014	over-ear	Innerfidelity
HIFIMAN HE5se	EARS + 711 over-ear	crinacle
HIFIMAN HE5se	GRAS 43AG-7 over-ear	crinacle
HIFIMAN HE5XX	over-ear	oratory1990
HIFIMAN HE6	over-ear	Headphone.com Legacy
HIFIMAN HE6	over-ear	Innerfidelity
HIFIMAN HE6	over-ear	oratory1990
HIFIMAN HE6 (6-screw, velour earpads)	GRAS 43AG-7 over-ear	crinacle
HIFIMAN HE6se	GRAS 43AG-7 over-ear	crinacle
HIFIMAN HE6se	over-ear	oratory1990
HIFIMAN HE6se V2	GRAS 43AG-7 over-ear	crinacle
HIFIMAN HE6se V2	over-ear	oratory1990
HIFIMAN Isvarna	over-ear	Kuulokenurkka
HIFIMAN Jade II	GRAS 43AG-7 over-ear	crinacle
HIFIMAN Jade II	over-ear	oratory1990
HIFIMAN RE2000	711 in-ear	crinacle
HIFIMAN RE2000 Pro	711 in-ear	crinacle
HIFIMAN RE262	in-ear	Innerfidelity
HIFIMAN RE272	in-ear	Innerfidelity
HIFIMAN RE300	in-ear	Innerfidelity
HIFIMAN RE400	711 in-ear	crinacle
HIFIMAN RE400	in-ear	Innerfidelity
HIFIMAN RE400 (double flange eartips)	in-ear	Fahryst
HIFIMAN RE600	in-ear	Innerfidelity
HIFIMAN RE600S	in-ear	oratory1990
HIFIMAN RE800	711 in-ear	crinacle
HIFIMAN RE800	in-ear	Harpo
HIFIMAN Shangri-La	over-ear	oratory1990
HIFIMAN Shangri-La Jr	GRAS 43AG-7 over-ear	crinacle
HIFIMAN Shangri-La Jr	over-ear	oratory1990
HIFIMAN Sundara	GRAS 43AG-7 over-ear	crinacle
HIFIMAN Sundara	over-ear	Super Review
HIFIMAN Sundara (2018)	over-ear	Innerfidelity
HIFIMAN Sundara (Dekoni sheepskin Earpads)	over-ear	oratory1990
HIFIMAN Sundara (post-2020 earpads)	over-ear	Auriculares Argentina
HIFIMAN Sundara (post-2020 earpads)	GRAS 43AG-7 over-ear	crinacle
HIFIMAN Sundara (post-2020 earpads)	over-ear	Kuulokenurkka
HIFIMAN Sundara (post-2020 earpads)	over-ear	oratory1990
HIFIMAN Sundara (post-2020 earpads)	Bruel & Kjaer 5128 over-ear	Rtings
HIFIMAN Sundara (pre-2020 earpads)	EARS + 711 over-ear	crinacle
HIFIMAN Sundara (pre-2020 earpads)	over-ear	oratory1990
HIFIMAN Sundara (pre-2020 earpads)	HMS II.3 over-ear	Rtings
HIFIMAN Sundara Closed-Back	over-ear	Auriculares Argentina
HIFIMAN Sundara Closed-Back	over-ear	Kuulokenurkka
HIFIMAN Sundara Closed-Back	over-ear	oratory1990
HIFIMAN Sundara Silver	over-ear	Kuulokenurkka
HIFIMAN Susvara	GRAS 43AG-7 over-ear	crinacle
HIFIMAN Susvara	over-ear	Kuulokenurkka
HIFIMAN Susvara Unveiled	over-ear	Kuulokenurkka
HIFIMAN Svanar	in-ear	Kazi
HIFIMAN Svanar (ANC Hifi)	in-ear	DHRME
HIFIMAN Svanar (ANC)	in-ear	DHRME
HIFIMAN TWS600	711 in-ear	crinacle
Hisenior Cano Cristales	in-ear	Super Review
Hisenior Mega 5 EST	in-ear	freeryder05
Hisenior Mega 5 EST	in-ear	Jaytiss
Hisenior Mega 5 EST	in-ear	Super Review
Hisenior Mega 5 EST	in-ear	ToneDeafMonk
Hisenior Mega 5 EST (CIEM)	in-ear	Filk
Hisenior Mega 5 EST (sample 1)	in-ear	Super Review
Hisenior Mega 5 EST (sample 2)	in-ear	Super Review
Hisenior Mega 5 EST Bass+	in-ear	Super Review
Hisenior Mega5P	in-ear	ToneDeafMonk
Hisenior Okavango (off-off)	in-ear	Kazi
Hisenior Okavango (off-off)	in-ear	Super Review
Hisenior Okavango (off-off)	in-ear	ToneDeafMonk
Hisenior Okavango (off-on)	in-ear	Kazi
Hisenior Okavango (off-on)	in-ear	ToneDeafMonk
Hisenior Okavango (on-off)	in-ear	Kazi
Hisenior Okavango (on-off)	in-ear	Super Review
Hisenior Okavango (on-off)	in-ear	ToneDeafMonk
Hisenior Okavango (on-on)	in-ear	Kazi
Hisenior Okavango (on-on)	in-ear	Super Review
Hisenior Okavango (on-on)	in-ear	ToneDeafMonk
Hisenior T2	in-ear	RikudouGoku
Hisenior T2U	in-ear	ToneDeafMonk
Hisenior T4 (off-off)	in-ear	ToneDeafMonk
Hisenior T4 (off-on)	in-ear	ToneDeafMonk
Hisenior T4 (on-off)	in-ear	ToneDeafMonk
Hisenior T4 (on-on)	in-ear	ToneDeafMonk
HiSoundAudio BA-100	in-ear	Innerfidelity
HiSoundAudio Crystal	in-ear	Innerfidelity
HiSoundAudio Golden Crystal	in-ear	Innerfidelity
HiSoundAudio Hiphone HP4	in-ear	Innerfidelity
HiSoundAudio Wooduo	in-ear	Innerfidelity
Horluchs HL4300	711 in-ear	crinacle
House of Marley Exodus Second Pair	over-ear	Innerfidelity
House of Marley Legend	in-ear	Innerfidelity
House of Marley Liberate XLBT Wired	over-ear	Innerfidelity
House of Marley Positive Vibration 2	over-ear	oratory1990
House of Marley Smile Jamaica	in-ear	Innerfidelity
House of Marley Stir It Up	over-ear	Innerfidelity
Howard Leight Sync	over-ear	Innerfidelity
Huawei Free Buds Pro 3 (ANC max)	in-ear	DHRME
Huawei Free Buds Pro 4 (default eq)	in-ear	DHRME
Huawei FreeArc (ANC off)	earbud	Regan Cipher
Huawei Freebuds 4i	in-ear	oratory1990
Huawei Freebuds 5	earbud	Regan Cipher
Huawei Freebuds 5i (ANC off)	in-ear	kr0mka
Huawei Freebuds 5i (ANC off, awareness)	in-ear	kr0mka
Huawei Freebuds 5i (ANC off, bass boost)	in-ear	kr0mka
Huawei Freebuds 5i (ANC off, treble boost)	in-ear	kr0mka
Huawei Freebuds 5i (ANC on)	in-ear	kr0mka
Huawei Freebuds 5i (ANC on, bass boost)	in-ear	kr0mka
Huawei Freebuds 5i (ANC on, treble boost)	in-ear	kr0mka
Huawei Freebuds Pro	in-ear	Regan Cipher
Huawei Freebuds Pro (ANC off)	in-ear	Regan Cipher
Huawei Freebuds Pro (ANC on)	in-ear	Regan Cipher
Huawei Freebuds Pro 2	in-ear	Harpo
Huawei Freebuds Pro 2	in-ear	oratory1990
Huawei FreeBuds Pro 4 (ANC off)	in-ear	Regan Cipher
Huawei FreeBuds Pro 4 (ANC on)	in-ear	Regan Cipher
HUM Dolores	711 in-ear	crinacle
HUM Hong Kong Reference	711 in-ear	crinacle
HUM Hong Kong TT	711 in-ear	crinacle
HUM Pristine Reference	711 in-ear	crinacle
HYLA CE-5	711 in-ear	crinacle
HYLA Nerva X	711 in-ear	crinacle
HYLA Sarda	711 in-ear	crinacle
HYLA TE-5B	711 in-ear	crinacle
HYLA TE-5T	711 in-ear	crinacle
HyperX Cloud	over-ear	Filk
HyperX Cloud Alpha	over-ear	Kuulokenurkka
HyperX Cloud Alpha	over-ear	oratory1990
HyperX Cloud Alpha	HMS II.3 over-ear	Rtings
HyperX Cloud Alpha S	HMS II.3 over-ear	Rtings
HyperX Cloud Alpha Wireless	HMS II.3 over-ear	Rtings
HyperX Cloud Core	HMS II.3 over-ear	Rtings
HyperX Cloud Flight	HMS II.3 over-ear	Rtings
HyperX Cloud Flight S	HMS II.3 over-ear	Rtings
HyperX Cloud II	over-ear	Filk
HyperX Cloud II	over-ear	oratory1990
HyperX Cloud II	HMS II.3 over-ear	Rtings
HyperX Cloud II Wireless	HMS II.3 over-ear	Rtings
HyperX Cloud III	HMS II.3 over-ear	Rtings
HyperX Cloud III Wireless	Bruel & Kjaer 5128 over-ear	Rtings
HyperX Cloud Mix	HMS II.3 over-ear	Rtings
HyperX Cloud Revolver	HMS II.3 over-ear	Rtings
HyperX Cloud Revolver + 7.1	HMS II.3 over-ear	Rtings
HyperX Cloud Stinger	HMS II.3 over-ear	Rtings
HyperX Cloud Stinger 2	HMS II.3 over-ear	Rtings
HyperX Cloud Stinger S	HMS II.3 over-ear	Rtings
HZSOUND Heart Mirror	711 in-ear	crinacle
HZSOUND Heart Mirror	in-ear	Harpo
HZSOUND Heart Mirror	in-ear	Super Review
HZSOUND Heart Mirror Pro	711 in-ear	crinacle
HZSOUND Heart Mirror Pro	in-ear	Harpo
HZSOUND Heart Mirror Zero	in-ear	Super Review
HZSOUND HZ-EP001	in-ear	Innerfidelity
HZSOUND HZ3	in-ear	Innerfidelity
HZSOUND LUNA	in-ear	ToneDeafMonk
HZSOUND White Snow	in-ear	ToneDeafMonk
I-INTO i8	711 in-ear	crinacle
I-Mego Throne	over-ear	Innerfidelity
iBasso 3T-154	in-ear	ToneDeafMonk
iBasso AM05	711 in-ear	crinacle
iBasso IT00	711 in-ear	crinacle
iBasso IT00	in-ear	RikudouGoku
iBasso IT01	711 in-ear	crinacle
iBasso IT01S	711 in-ear	crinacle
iBasso IT01X	711 in-ear	crinacle
iBasso IT01X	in-ear	Super Review
iBasso IT03	711 in-ear	crinacle
iBasso IT03w	711 in-ear	crinacle
iBasso IT04	711 in-ear	crinacle
iBasso IT07	711 in-ear	crinacle
iBasso IT07	in-ear	Kazi
iBasso Jr. KLEE	in-ear	ToneDeafMonk
iBasso SR1	GRAS 43AG-7 over-ear	crinacle
iBasso SR2	GRAS 43AG-7 over-ear	crinacle
Ice Lab Prismatica	in-ear	ToneDeafMonk
Ice Lab Prismatica Gold	in-ear	freeryder05
Ice Lab Spectrumica (orange eartips)	in-ear	Super Review
Ice Lab Spectrumica (purple eartips)	in-ear	Super Review
iClever Boostcare	HMS II.3 over-ear	Rtings
iClever BTH02	HMS II.3 over-ear	Rtings
iHarmonix iHX Pro ev-Series	in-ear	Headphone.com Legacy
iHarmonix Platinum ev-Series	in-ear	Innerfidelity
iKF Y3	over-ear	Super Review
IKKO ActiveBuds	in-ear	Regan Cipher
IKKO OH1	711 in-ear	crinacle
IKKO OH1	in-ear	oratory1990
IKKO OH1	in-ear	Super Review
IKKO OH10	711 in-ear	crinacle
IKKO OH10	in-ear	Fahryst
IKKO OH10	in-ear	Harpo
IKKO OH10	in-ear	Hi End Portable
IKKO OH10	in-ear	oratory1990
IKKO OH10	in-ear	RikudouGoku
IKKO OH10	in-ear	Super Review
IKKO OH10	in-ear	ToneDeafMonk
IKKO OH1S	711 in-ear	crinacle
IKKO OH1S	in-ear	Fahryst
IKKO OH1S	in-ear	Hi End Portable
IKKO OH1S	in-ear	Super Review
IKKO OH2	711 in-ear	crinacle
IKKO OH2	in-ear	Fahryst
IKKO OH2	in-ear	Hi End Portable
IKKO OH2	in-ear	Super Review
IKKO OH300	in-ear	Regan Cipher
IKKO OH5	in-ear	Fahryst
IKKO OH7	711 in-ear	crinacle
iMetal iM590	in-ear	Innerfidelity
IMR Acoustics Aten (silver nozzle, blue filter)	711 in-ear	crinacle
IMR Acoustics Na-Le	in-ear	Kazi
IMR Acoustics R1 (black)	711 in-ear	crinacle
IMR Acoustics R1 (blue)	711 in-ear	crinacle
IMR Acoustics R1 (orange)	711 in-ear	crinacle
IMR Acoustics R1 (pink)	711 in-ear	crinacle
IMR Acoustics R1 (yellow)	711 in-ear	crinacle
IMR Acoustics R2 Aten (black nozzle, black filter)	711 in-ear	crinacle
IMR Acoustics R2 Aten (black nozzle, blue filter)	711 in-ear	crinacle
IMR Acoustics R2 Aten (black nozzle, gold filter)	711 in-ear	crinacle
IMR Acoustics R2 Aten (black nozzle, green filter)	711 in-ear	crinacle
IMR Acoustics R2 Aten (black nozzle, purple filter)	711 in-ear	crinacle
IMR Acoustics R2 Aten (black nozzle, red filter)	711 in-ear	crinacle
IMR Acoustics R2 Aten (gold nozzle, black filter)	711 in-ear	crinacle
IMR Acoustics R2 Aten (gold nozzle, blue filter)	711 in-ear	crinacle
IMR Acoustics R2 Aten (green nozzle, black filter)	711 in-ear	crinacle
IMR Acoustics R2 Aten (purple nozzle, black filter)	711 in-ear	crinacle
IMR Acoustics R2 Aten (purple nozzle, purple filter)	711 in-ear	crinacle
IMR Acoustics R2 Aten (red nozzle, black filter)	711 in-ear	crinacle
IMR Acoustics R2 Aten (red nozzle, red filter)	711 in-ear	crinacle
IMR Acoustics RAH (black nozzle, black filter)	711 in-ear	crinacle
IMR Acoustics RAH (black nozzle, silver filter)	711 in-ear	crinacle
IMR Acoustics RAH (blue nozzle, black filter)	711 in-ear	crinacle
IMR Acoustics RAH (gold nozzle, black filter)	711 in-ear	crinacle
IMR Acoustics RAH (green nozzle, black filter)	711 in-ear	crinacle
IMR Acoustics RAH (purle nozzle, black filter)	711 in-ear	crinacle
IMR Acoustics RAH (red nozzle, black filter)	711 in-ear	crinacle
IMR Acoustics RAH (red nozzle, blue filter)	711 in-ear	crinacle
IMR Acoustics RAH (red nozzle, gold filter)	711 in-ear	crinacle
IMR Acoustics RAH (red nozzle, green filter)	711 in-ear	crinacle
IMR Acoustics RAH (red nozzle, no filter)	711 in-ear	crinacle
IMR Acoustics RAH (red nozzle, purple filter)	711 in-ear	crinacle
IMR Acoustics RAH (red nozzle, red filter)	711 in-ear	crinacle
IMR Acoustics RAH (red nozzle, silver filter)	711 in-ear	crinacle
IMR Acoustics RAH (silver nozzle, black filter)	711 in-ear	crinacle
IMR Acoustics Semper (Pink nozzle with pink filter)	711 in-ear	crinacle
IMR Acoustics Zenith (black)	711 in-ear	crinacle
IMR Acoustics Zenith (blue)	711 in-ear	crinacle
IMR Acoustics Zenith (gold)	711 in-ear	crinacle
IMR Acoustics Zenith (orange)	711 in-ear	crinacle
IMR Acoustics Zenith (pink)	711 in-ear	crinacle
INAIR M360	711 in-ear	crinacle
InAwaken Dawn	in-ear	ToneDeafMonk
InAwaken Dawn Ms	in-ear	Filk
InAwaken Dawn Ms	in-ear	Jaytiss
InEar ProPhile-8	711 in-ear	crinacle
InEar ProPhile-8	in-ear	Kazi
InEar ProPhile-8	in-ear	oratory1990
InEar ProPhile-8 (bass)	711 in-ear	crinacle
InEar ProPhile-8 (bass, treble)	711 in-ear	crinacle
InEar ProPhile-8 (treble)	711 in-ear	crinacle
InEar StageDiver SD2	711 in-ear	crinacle
InEar StageDiver SD3	711 in-ear	crinacle
InEar StageDiver SD4	711 in-ear	crinacle
InEar StageDiver SD5	711 in-ear	crinacle
InEar StageDriver 3	in-ear	Innerfidelity
Insignia Digital Wireless Headphones	HMS II.3 over-ear	Rtings
Intime Miyabi	in-ear	Kazi
Intime Sho DD	in-ear	Kazi
Intime Shu-Mai	in-ear	Kazi
Intime Sora	711 in-ear	crinacle
Intime Sora	in-ear	Super Review
Intime Sora 2	in-ear	RikudouGoku
Intime Sora Light	in-ear	RikudouGoku
Intime Sora Light	in-ear	Super Review
Intime Sora Light (2019 Edition)	in-ear	Jaytiss
Intime Todoroki GO	in-ear	RikudouGoku
Intime Yo	in-ear	Kazi
INTUAURA Reference 2019	in-ear	Hi End Portable
INTUAURA SplendorII	in-ear	Jaytiss
IO Audio Sogno	in-ear	Super Review
IO Audio Volare	in-ear	Jaytiss
IO Audio Volare	in-ear	Kazi
IO Audio Volare	in-ear	Super Review
IO Audio Volare	in-ear	ToneDeafMonk
iSK HD-9999 (thick earpads)	over-ear	Filk
iSK HD-9999 (thin earpads)	over-ear	Filk
ISN AUDIO D10	in-ear	RikudouGoku
ISN AUDIO EBC80	in-ear	Jaytiss
ISN AUDIO EST50	in-ear	Harpo
ISN AUDIO H40	in-ear	Harpo
ISN AUDIO H40	in-ear	Hi End Portable
ISN AUDIO H50	in-ear	ToneDeafMonk
ISN AUDIO Neo 1	in-ear	ToneDeafMonk
ISN AUDIO Neo 5	in-ear	ToneDeafMonk
ISN AUDIO Rambo II	in-ear	Hi End Portable
Itsfit Lab Fusion	711 in-ear	crinacle
Itsfit Lab Fusion	Bruel & Kjaer 4620 in-ear	crinacle
Itsfit Lab R3	711 in-ear	crinacle
Itsfit Lab R3	Bruel & Kjaer 4620 in-ear	crinacle
Itsfit Lab R3 (CIEM)	711 in-ear	crinacle
Ivery IS-1	in-ear	Innerfidelity
ivipQ Ker Meng	in-ear	RikudouGoku
ivipQ Q-09 Phoenixia	in-ear	ToneDeafMonk
Jabra Elite 10	in-ear	DHRME
Jabra Elite 10	Bruel & Kjaer 5128 in-ear	Rtings
Jabra Elite 10 Gen 2	in-ear	DHRME
Jabra Elite 10 Gen 2	Bruel & Kjaer 5128 in-ear	Rtings
Jabra Elite 25e	HMS II.3 in-ear	Rtings
Jabra Elite 3	HMS II.3 in-ear	Rtings
Jabra Elite 3 Active	GRAS RA0045 in-ear	HypetheSonics
Jabra Elite 4	in-ear	DHRME
Jabra Elite 4	HMS II.3 in-ear	Rtings
Jabra Elite 4 Active	HMS II.3 in-ear	Rtings
Jabra Elite 45e	HMS II.3 in-ear	Rtings
Jabra Elite 5	in-ear	DHRME
Jabra Elite 5	HMS II.3 in-ear	Rtings
Jabra Elite 65e	HMS II.3 in-ear	Rtings
Jabra Elite 65t	HMS II.3 in-ear	Rtings
Jabra Elite 7 Active	HMS II.3 in-ear	Rtings
Jabra Elite 7 Pro	in-ear	oratory1990
Jabra Elite 7 Pro	HMS II.3 in-ear	Rtings
Jabra Elite 75t	711 in-ear	crinacle
Jabra Elite 75t	in-ear	oratory1990
Jabra Elite 75t	HMS II.3 in-ear	Rtings
Jabra Elite 8 Active	in-ear	DHRME
Jabra Elite 8 Active	Bruel & Kjaer 5128 in-ear	Rtings
Jabra Elite 8 Active 2	in-ear	DHRME
Jabra Elite 8 Active Gen 2	Bruel & Kjaer 5128 in-ear	Rtings
Jabra Elite 85h	HMS II.3 over-ear	Rtings
Jabra Elite 85t	HMS II.3 in-ear	Rtings
Jabra Elite 85t (ANC Off)	GRAS RA0045 in-ear	HypetheSonics
Jabra Elite 85t (ANC On)	GRAS RA0045 in-ear	HypetheSonics
Jabra Elite Active 45e	HMS II.3 in-ear	Rtings
Jabra Elite Active 65t	711 in-ear	crinacle
Jabra Elite Active 65t	HMS II.3 in-ear	Rtings
Jabra Elite Active 75t	HMS II.3 in-ear	Rtings
Jabra Elite Sport	HMS II.3 in-ear	Rtings
Jabra Evolve 40	over-ear	oratory1990
Jabra Evolve 65t	HMS II.3 in-ear	Rtings
Jabra Evolve 75e	in-ear	oratory1990
Jabra Evolve2 65	HMS II.3 over-ear	Rtings
Jabra Evolve2 85	HMS II.3 over-ear	Rtings
Jabra Move (wired)	over-ear	Innerfidelity
Jabra Steel	HMS II.3 earbud	Rtings
Jabra Talk 45	HMS II.3 earbud	Rtings
Jade Audio EA1	in-ear	Harpo
Jade Audio EA3	711 in-ear	crinacle
Jaybird Freedom 2	HMS II.3 in-ear	Rtings
Jaybird Freedom F5 (2016)	HMS II.3 in-ear	Rtings
Jaybird Run	HMS II.3 in-ear	Rtings
Jaybird Run XT	HMS II.3 in-ear	Rtings
Jaybird Tarah	HMS II.3 in-ear	Rtings
Jaybird Tarah Pro	HMS II.3 in-ear	Rtings
Jaybird Vista	711 in-ear	crinacle
Jaybird Vista	HMS II.3 in-ear	Rtings
Jaybird Vista 2	HMS II.3 in-ear	Rtings
Jaybird X2	HMS II.3 in-ear	Rtings
Jaybird X3	HMS II.3 in-ear	Rtings
Jaybird X4	HMS II.3 in-ear	Rtings
JAYS a-JAYS FIVE	in-ear	Innerfidelity
JAYS d-JAYS	in-ear	Headphone.com Legacy
JAYS j-JAYS	in-ear	Headphone.com Legacy
JAYS q-JAYS	in-ear	Headphone.com Legacy
JAYS q-JAYS	in-ear	Innerfidelity
JAYS u-JAYS	over-ear	Innerfidelity
JAYS v-JAYS	over-ear	Innerfidelity
JBL CLUB 700BT	HMS II.3 over-ear	Rtings
JBL CLUB 950NC	HMS II.3 over-ear	Rtings
JBL CLUB ONE	HMS II.3 over-ear	Rtings
JBL CLUB PRO Plus TWS	HMS II.3 in-ear	Rtings
JBL Duet NC (ANC Off)	over-ear	oratory1990
JBL Duet NC (ANC On)	over-ear	oratory1990
JBL E25BT	HMS II.3 in-ear	Rtings
JBL E45BT	HMS II.3 over-ear	Rtings
JBL E55BT	HMS II.3 over-ear	Rtings
JBL E65BTNC	HMS II.3 over-ear	Rtings
JBL Endurance Dive	HMS II.3 in-ear	Rtings
JBL Endurance Peak	HMS II.3 in-ear	Rtings
JBL Endurance Peak 3	HMS II.3 in-ear	Rtings
JBL Endurance Peak II	HMS II.3 in-ear	Rtings
JBL Endurance Sprint	HMS II.3 in-ear	Rtings
JBL Everest 110	HMS II.3 in-ear	Rtings
JBL Everest 310	HMS II.3 over-ear	Rtings
JBL Everest 710	HMS II.3 over-ear	Rtings
JBL Everest Elite 700	HMS II.3 over-ear	Rtings
JBL Everest Elite 700 (wired, active)	over-ear	Innerfidelity
JBL Everest Elite 700 (wired, passive)	over-ear	Innerfidelity
JBL Everest Elite 700 (wireless)	over-ear	Innerfidelity
JBL Free 2018	HMS II.3 in-ear	Rtings
JBL Free X	in-ear	oratory1990
JBL Free X	HMS II.3 in-ear	Rtings
JBL J55i	over-ear	Innerfidelity
JBL J88i	over-ear	Innerfidelity
JBL JR300BT	HMS II.3 over-ear	Rtings
JBL Live 200BT	HMS II.3 in-ear	Rtings
JBL Live 300TWS	711 in-ear	crinacle
JBL Live 300TWS	HMS II.3 in-ear	Rtings
JBL Live 400BT	HMS II.3 over-ear	Rtings
JBL Live 460NC	HMS II.3 over-ear	Rtings
JBL Live 500BT	HMS II.3 over-ear	Rtings
JBL Live 650BTNC	HMS II.3 over-ear	Rtings
JBL Live 660NC	HMS II.3 over-ear	Rtings
JBL Live 670NC	Bruel & Kjaer 5128 over-ear	Rtings
JBL Live 770NC	Bruel & Kjaer 5128 over-ear	Rtings
JBL Live 770NC (ANC on)	over-ear	Filk
JBL Live 770NC (passive)	over-ear	Filk
JBL Live Free NC+ TWS	HMS II.3 in-ear	Rtings
JBL Live Pro 2 TWS	HMS II.3 in-ear	Rtings
JBL Live Pro+ TWS	HMS II.3 in-ear	Rtings
JBL Quantum 100	HMS II.3 over-ear	Rtings
JBL Quantum 400	HMS II.3 over-ear	Rtings
JBL Quantum 800	HMS II.3 over-ear	Rtings
JBL Quantum ONE	HMS II.3 over-ear	Rtings
JBL Reflect Flow	HMS II.3 in-ear	Rtings
JBL Reflect Mini 2	HMS II.3 in-ear	Rtings
JBL Synchros E50BT	HMS II.3 over-ear	Rtings
JBL T200A	in-ear	oratory1990
JBL T450BT	over-ear	oratory1990
JBL T450BT	HMS II.3 over-ear	Rtings
JBL Tour One	HMS II.3 over-ear	Rtings
JBL Tour One M2 (ANC on)	over-ear	Filk
JBL Tour One M2 (ANC on, studio EQ)	over-ear	Filk
JBL Tour One M2 (passive)	over-ear	Filk
JBL Tour Pro 2	in-ear	Kazi
JBL Tour Pro 3 (ANC on)	in-ear	Filk
JBL Tour Pro 3 (eq off)	in-ear	DHRME
JBL Tour Pro+ TWS	HMS II.3 in-ear	Rtings
JBL Tune 110	in-ear	kr0mka
JBL TUNE 120TWS	HMS II.3 in-ear	Rtings
JBL Tune 125TWS	HMS II.3 in-ear	Rtings
JBL Tune 130NC TWS	HMS II.3 in-ear	Rtings
JBL TUNE 220TWS	HMS II.3 in-ear	Rtings
JBL Tune 225TWS	HMS II.3 in-ear	Rtings
JBL Tune 230NC TWS	HMS II.3 in-ear	Rtings
JBL Tune 510BT	HMS II.3 over-ear	Rtings
JBL Tune 520BT	Bruel & Kjaer 5128 over-ear	Rtings
JBL Tune 660NC	HMS II.3 over-ear	Rtings
JBL Tune 720BT	over-ear	kr0mka
JBL Tune 720BT (passive)	over-ear	Filk
JBL Tune 720BT (passive)	over-ear	kr0mka
JBL Tune 720BT (wireless)	over-ear	Filk
JBL TUNE 750BTNC	HMS II.3 over-ear	Rtings
JBL Tune 760NC	Bruel & Kjaer 5128 over-ear	Rtings
JBL Tune 770NC	Bruel & Kjaer 5128 over-ear	Rtings
JBL Tune 770NC (ANC on)	over-ear	Filk
JBL Tune 770NC (ANC on)	over-ear	Kuulokenurkka
JBL Tune 770NC (ANC on, bass EQ)	over-ear	Filk
JBL Tune 770NC (passive)	over-ear	Filk
JBL Tune 770NC (passive)	over-ear	Kuulokenurkka
JBL Tune Beam 2	in-ear	Filk
JBL Tune Buds	Bruel & Kjaer 5128 in-ear	Rtings
JBL Tune Flex	in-ear	Filk
JBL Tune Flex	HMS II.3 in-ear	Rtings
JBL Vibe 100TWS	HMS II.3 in-ear	Rtings
JBL Vibe Beam	Bruel & Kjaer 5128 in-ear	Rtings
JBL Vibe Buds	Bruel & Kjaer 5128 in-ear	Rtings
JCally AT1	in-ear	kr0mka
JH Audio 13v2 (2 o'clock)	711 in-ear	crinacle
JH Audio 13v2 (max)	711 in-ear	crinacle
JH Audio 13v2 (min)	711 in-ear	crinacle
JH Audio 16v2	GRAS RA0045 in-ear	HypetheSonics
JH Audio 16v2 (2 o'clock)	711 in-ear	crinacle
JH Audio 16v2 (max)	711 in-ear	crinacle
JH Audio 16v2 (min)	711 in-ear	crinacle
JH Audio Angie (2 o'clock)	711 in-ear	crinacle
JH Audio Angie (max)	711 in-ear	crinacle
JH Audio Angie (min)	711 in-ear	crinacle
JH Audio Billie Jean	711 in-ear	crinacle
JH Audio Contour XO (half bass)	711 in-ear	crinacle
JH Audio Contour XO (max bass)	711 in-ear	crinacle
JH Audio Contour XO (min bass)	711 in-ear	crinacle
JH Audio Diana	711 in-ear	crinacle
JH Audio JH13v2 (half bass)	711 in-ear	crinacle
JH Audio Jolene (half bass)	711 in-ear	crinacle
JH Audio Jolene (max bass)	711 in-ear	crinacle
JH Audio Jolene (min bass)	711 in-ear	crinacle
JH Audio Layla (2 o'clock)	711 in-ear	crinacle
JH Audio Layla (half bass)	711 in-ear	crinacle
JH Audio Layla (max)	711 in-ear	crinacle
JH Audio Layla (min)	711 in-ear	crinacle
JH Audio Layla AION (2 o'clock)	711 in-ear	crinacle
JH Audio Layla AION (half bass)	711 in-ear	crinacle
JH Audio Layla AION (max bass)	711 in-ear	crinacle
JH Audio Layla AION (min bass)	711 in-ear	crinacle
JH Audio Layla AION (min bass)	in-ear	Super Review
JH Audio Lola (2 o'clock)	711 in-ear	crinacle
JH Audio Lola (max)	711 in-ear	crinacle
JH Audio Lola (min)	711 in-ear	crinacle
JH Audio Roxanne (2 o'clock)	711 in-ear	crinacle
JH Audio Roxanne (max)	711 in-ear	crinacle
JH Audio Roxanne (max)	GRAS RA0045 in-ear	HypetheSonics
JH Audio Roxanne (mid)	GRAS RA0045 in-ear	HypetheSonics
JH Audio Roxanne (min)	711 in-ear	crinacle
JH Audio Roxanne (min)	GRAS RA0045 in-ear	HypetheSonics
JH Audio Sharona	GRAS RA0045 in-ear	HypetheSonics
JH Audio Sheena	GRAS RA0045 in-ear	HypetheSonics
JH Audio TriFi 10th Anniversary	in-ear	Hi End Portable
Jialai Carat	in-ear	ToneDeafMonk
JLab Audio Epic Lab Edition (JLab Signature eq)	in-ear	DHRME
JLab Audio GO Air POP	HMS II.3 in-ear	Rtings
JLab Audio JBuds Air	HMS II.3 in-ear	Rtings
JLab Audio JBuds Air ANC	HMS II.3 in-ear	Rtings
JLab Audio JBuds Air Executive	HMS II.3 in-ear	Rtings
JLab Audio JBuds ANC 3	HMS II.3 in-ear	Rtings
JM Audio Editions XTC^2.5 Closed	over-ear	Super Review
Jomo Audio Flamenco	711 in-ear	crinacle
Jomo Audio Flamenco (bass on, treble on)	711 in-ear	crinacle
Jomo Audio Flamenco (bass)	711 in-ear	crinacle
Jomo Audio Flamenco (treble)	711 in-ear	crinacle
Jomo Audio Haka	711 in-ear	crinacle
Jomo Audio Jazz	711 in-ear	crinacle
Jomo Audio Nautilus	in-ear	Jaytiss
Jomo Audio P3	Bruel & Kjaer 4620 in-ear	crinacle
Jomo Audio Quatre	711 in-ear	crinacle
Jomo Audio Quatre (black)	711 in-ear	crinacle
Jomo Audio Quatre (no filter)	711 in-ear	crinacle
Jomo Audio Quatre (white)	711 in-ear	crinacle
Jomo Audio Salsa	711 in-ear	crinacle
Jomo Audio Samba	711 in-ear	crinacle
Jomo Audio Samba (CIEM)	711 in-ear	crinacle
Jomo Audio Tango	711 in-ear	crinacle
Jomo Audio Trinity	711 in-ear	crinacle
Jomo Audio Trinity	GRAS RA0045 in-ear	HypetheSonics
Jomo Audio Trinity Brass	711 in-ear	crinacle
Joyodio Shine (off-off-off-off)	in-ear	Hi End Portable
Joyodio Shine (off-off-off-on)	in-ear	Hi End Portable
Joyodio Shine (off-off-on-on)	in-ear	Hi End Portable
Joyodio Shine (off-on-on-on)	in-ear	Hi End Portable
Joyodio Shine (on-off-off-off)	in-ear	Hi End Portable
Joyodio Shine (on-off-off-on)	in-ear	Hi End Portable
Joyodio Shine (on-off-on-off)	in-ear	Hi End Portable
Joyodio Shine (on-off-on-on)	in-ear	Hi End Portable
Joyodio Shine (on-on-off-off)	in-ear	Hi End Portable
Joyodio Shine (on-on-on-off)	in-ear	Hi End Portable
Joyodio Shine (on-on-on-on)	in-ear	Hi End Portable
JQ 4U Pro	711 in-ear	crinacle
JQ 4U Pro	Bruel & Kjaer 4620 in-ear	crinacle
JQ Audio 4U	in-ear	Harpo
JQ Hua Jiang	711 in-ear	crinacle
Just Ear Club Sound	711 in-ear	crinacle
Juzear 41T	in-ear	Bakkwatan
Juzear 41T	in-ear	Jaytiss
Juzear 41T	in-ear	Super Review
Juzear 41T	in-ear	ToneDeafMonk
Juzear 51T	in-ear	Bakkwatan
Juzear 61T	in-ear	Jaytiss
Juzear 61T	in-ear	RikudouGoku
Juzear 61T	in-ear	Super Review
Juzear 61T	in-ear	ToneDeafMonk
Juzear 81T	in-ear	Jaytiss
Juzear 81T	in-ear	Super Review
Juzear 81T	in-ear	ToneDeafMonk
Juzear Clear	in-ear	Jaytiss
Juzear Clear	in-ear	ToneDeafMonk
Juzear x Z Reviews Defiant	in-ear	Jaytiss
Juzear x Z Reviews Defiant	in-ear	Super Review
Juzear x Z Reviews Defiant	in-ear	ToneDeafMonk
JVC FD01 (modded)	711 in-ear	crinacle
JVC HA-FD01	711 in-ear	crinacle
JVC HA-FD01 (brass nozzle)	in-ear	Fahryst
JVC HA-FD01 (steel nozzle)	in-ear	Fahryst
JVC HA-FD01 (titanium nozzle)	in-ear	Fahryst
JVC HA-FD02	711 in-ear	crinacle
JVC HA-FDX1	711 in-ear	crinacle
JVC HA-FDX1	in-ear	freeryder05
JVC HA-FDX1	in-ear	Kazi
JVC HA-FDX1 (blue)	711 in-ear	crinacle
JVC HA-FDX1 (blue)	in-ear	Fahryst
JVC HA-FDX1 (blue)	in-ear	freeryder05
JVC HA-FDX1 (blue)	GRAS RA0045 in-ear	HypetheSonics
JVC HA-FDX1 (blue)	in-ear	Super Review
JVC HA-FDX1 (green)	711 in-ear	crinacle
JVC HA-FDX1 (green)	in-ear	Fahryst
JVC HA-FDX1 (green)	in-ear	freeryder05
JVC HA-FDX1 (green)	GRAS RA0045 in-ear	HypetheSonics
JVC HA-FDX1 (green)	in-ear	Super Review
JVC HA-FDX1 (white)	in-ear	Fahryst
JVC HA-FDX1 (white)	GRAS RA0045 in-ear	HypetheSonics
JVC HA-FDX1 (white)	in-ear	Super Review
JVC HA-FR15	in-ear	kr0mka
JVC HA-FR301	in-ear	Innerfidelity
JVC HA-FW01	711 in-ear	crinacle
JVC HA-FW01	in-ear	Fahryst
JVC HA-FW01	in-ear	oratory1990
JVC HA-FW02	711 in-ear	crinacle
JVC HA-FW03	711 in-ear	crinacle
JVC HA-FW10000	711 in-ear	crinacle
JVC HA-FW10000	in-ear	oratory1990
JVC HA-FW1000T	in-ear	Kazi
JVC HA-FW1500	711 in-ear	crinacle
JVC HA-FW1800	in-ear	Kazi
JVC HA-FW1800	in-ear	oratory1990
JVC HA-FWX1	in-ear	Super Review
JVC HA-FX6	in-ear	RikudouGoku
JVC HA-FX7	in-ear	oratory1990
JVC HA-FX7 Gumy	in-ear	Super Review
JVC HA-FX99X-B	711 in-ear	crinacle
JVC HA-FXT90	in-ear	Innerfidelity
JVC HA-S500-Z	over-ear	Innerfidelity
JVC XX Elation HA FR100X	in-ear	Innerfidelity
Kaiku Tone	over-ear	Kuulokenurkka
Kaiku Tone (passive)	over-ear	Kuulokenurkka
Kaiku Tone (wireless)	over-ear	Kuulokenurkka
KBEAR Believe	in-ear	Super Review
KBEAR Diamond	in-ear	Super Review
KBEar F1	Bruel & Kjaer 4620 in-ear	crinacle
KBEAR KB02	in-ear	Hi End Portable
KBEAR KB02	in-ear	Jaytiss
KBEAR KB02	in-ear	ToneDeafMonk
KBEAR KB04	in-ear	Hi End Portable
KBEAR KS1	in-ear	Regan Cipher
KBEAR KS2	in-ear	Hi End Portable
KBEAR KS2	in-ear	RikudouGoku
KBEAR KS2	in-ear	Super Review
KBEAR Lark	in-ear	Hi End Portable
KBEAR Lark	in-ear	Regan Cipher
KBEAR Neon	711 in-ear	crinacle
KBEAR Neon	Bruel & Kjaer 4620 in-ear	crinacle
KBEAR Qinglong	Bruel & Kjaer 4620 in-ear	crinacle
KBEAR Qinglong	in-ear	Fahryst
KBEAR Robin	in-ear	Hi End Portable
KBEAR Robin	in-ear	RikudouGoku
KBEAR Rosefinch	in-ear	Harpo
KBEAR Rosefinch	in-ear	Hi End Portable
KBEAR Rosefinch	in-ear	ToneDeafMonk
KBEAR Stellar	in-ear	Filk
KBEAR Stellar	in-ear	Hi End Portable
KBEAR Storm	in-ear	Kazi
KEF M200	in-ear	Innerfidelity
KEF M500	over-ear	Headphone.com Legacy
KEF M500	over-ear	Innerfidelity
KEFINE Delci	in-ear	Fahryst
KEFINE Delci	in-ear	Harpo
KEFINE Delci	in-ear	Hi End Portable
KEFINE Delci	in-ear	Jaytiss
KEFINE Delci	in-ear	Regan Cipher
KEFINE Delci	in-ear	Super Review
KEFINE Delci	in-ear	ToneDeafMonk
KEFINE Delci AE (ANC off, gold nozzle)	in-ear	Regan Cipher
KEFINE Delci AE (ANC off, silver nozzle)	in-ear	Regan Cipher
KEFINE Delci AE (gold nozzle)	in-ear	Super Review
KEFINE Delci AE (gold nozzle)	in-ear	ToneDeafMonk
KEFINE Delci AE (silver nozzle)	in-ear	Super Review
KEFINE Delci AE (silver nozzle)	in-ear	ToneDeafMonk
Kefine Klanar	in-ear	Hi End Portable
Kefine Klanar	in-ear	Jaytiss
KEFINE Klean	in-ear	Jaytiss
KEFINE Klean (ANC off, black nozzle)	in-ear	Regan Cipher
KEFINE Klean (ANC off, silver nozzle)	in-ear	Regan Cipher
KEFINE Klean (black filter)	in-ear	Fahryst
KEFINE Klean (black filter)	in-ear	Hi End Portable
KEFINE Klean (black filter)	in-ear	ToneDeafMonk
KEFINE Klean (silver filter)	in-ear	Fahryst
KEFINE Klean (silver filter)	in-ear	Hi End Portable
KEFINE Klean (silver filter)	in-ear	ToneDeafMonk
KEFINE Quatio (black nozzle)	in-ear	Jaytiss
KEFINE Quatio (black nozzle)	in-ear	Super Review
KEFINE Quatio (black nozzle)	in-ear	ToneDeafMonk
KEFINE Quatio (gold nozzle)	in-ear	Jaytiss
KEFINE Quatio (gold nozzle)	in-ear	Super Review
KEFINE Quatio (gold nozzle)	in-ear	ToneDeafMonk
KEFINE Quatio (silver nozzle)	in-ear	Jaytiss
KEFINE Quatio (silver nozzle)	in-ear	Super Review
KEFINE Quatio (silver nozzle)	in-ear	ToneDeafMonk
Kennerton Jimo	711 in-ear	crinacle
Kennerton Magister	over-ear	Innerfidelity
Kennerton Magister	over-ear	oratory1990
Kennerton Odin Bog Oak	GRAS 43AG-7 over-ear	crinacle
Kennerton Thror Bog Oak	GRAS 43AG-7 over-ear	crinacle
KFA2 SONAR-04	over-ear	Filk
KiiBOOM Allure	in-ear	Harpo
KiiBOOM Allure	in-ear	Hi End Portable
KiiBOOM Evoke	in-ear	Hi End Portable
Kinera Baldr	711 in-ear	crinacle
Kinera BD005	711 in-ear	crinacle
Kinera BD005 Pro	711 in-ear	crinacle
Kinera Celest Gumiho	in-ear	Harpo
Kinera Celest Gumiho	in-ear	Hi End Portable
Kinera Celest Pandamon	in-ear	Fahryst
Kinera Celest Pandamon	in-ear	Hi End Portable
Kinera Celest Pandamon 2.0	in-ear	Jaytiss
Kinera Celest Phoenixcall	in-ear	Jaytiss
Kinera Celest Phoenixcall	in-ear	Kazi
Kinera Celest Phoenixcall	in-ear	ToneDeafMonk
Kinera Celest Plutus Beast	in-ear	Fahryst
Kinera Celest Plutus Beast	in-ear	Jaytiss
Kinera Celest Plutus Beast	in-ear	ToneDeafMonk
Kinera Celest Relentless	in-ear	Jaytiss
Kinera Celest Rue	in-ear	Fahryst
Kinera Celest Wyvern	in-ear	Harpo
Kinera Celest Wyvern	in-ear	Kazi
Kinera Celest Wyvern Abyss	in-ear	Fahryst
Kinera Celest Wyvern Abyss	in-ear	Jaytiss
Kinera Celest Wyvern Abyss	in-ear	Super Review
Kinera Celest Wyvern Pro	in-ear	Fahryst
Kinera Celest Wyvern Pro	in-ear	Ted's Squig Hoard
Kinera Celest Wyvern Pro	in-ear	ToneDeafMonk
Kinera Celest Wyvern Qing	in-ear	Jaytiss
Kinera Celest Wyvern Qing	in-ear	Super Review
Kinera Celest Wyvern Qing	in-ear	ToneDeafMonk
Kinera Celest Yaksha	in-ear	Jaytiss
Kinera Celest Yaksha	in-ear	ToneDeafMonk
Kinera Freya	711 in-ear	crinacle
Kinera Freya	GRAS RA0045 in-ear	HypetheSonics
Kinera Freya	in-ear	RikudouGoku
Kinera Freya	in-ear	Super Review
Kinera Freya 2.0	in-ear	Fahryst
Kinera Freya 2.0	in-ear	Ted's Squig Hoard
Kinera Freya 2.0	in-ear	ToneDeafMonk
Kinera H3	Bruel & Kjaer 4620 in-ear	crinacle
Kinera Hodur	711 in-ear	crinacle
Kinera Hodur	in-ear	Ted's Squig Hoard
Kinera IDUN	711 in-ear	crinacle
Kinera IDUN Deluxe	711 in-ear	crinacle
Kinera Imperial Loki	in-ear	ToneDeafMonk
Kinera Imperial Loki Emerald	in-ear	Ted's Squig Hoard
Kinera Imperial Nanna	in-ear	Ted's Squig Hoard
Kinera Imperial Odin	in-ear	Ted's Squig Hoard
Kinera Imperial URD	in-ear	Ted's Squig Hoard
Kinera Nanna	711 in-ear	crinacle
Kinera Nanna 2.0	711 in-ear	crinacle
Kinera Norn	711 in-ear	crinacle
Kinera Norn	in-ear	Ted's Squig Hoard
Kinera Odin	711 in-ear	crinacle
Kinera SEED	711 in-ear	crinacle
Kinera SIF	711 in-ear	crinacle
Kinera SIF	in-ear	Super Review
Kinera Skuld	711 in-ear	crinacle
Kinera Skuld	in-ear	Ted's Squig Hoard
Kinera Tyr	in-ear	Kazi
Kinera Verdandi	in-ear	Jaytiss
Kinera Verdandi	in-ear	Kazi
Kinera Verdandi	in-ear	ToneDeafMonk
Kingsound KS-H04	over-ear	oratory1990
Kitsound Mini	in-ear	RikudouGoku
Kiwi Ears Aether	in-ear	Hi End Portable
Kiwi Ears Aether	in-ear	Jaytiss
Kiwi Ears Aether	in-ear	Kazi
Kiwi Ears Aether	in-ear	Super Review
Kiwi Ears Aether	in-ear	ToneDeafMonk
Kiwi Ears Airoso	in-ear	Hi End Portable
Kiwi Ears Airoso	in-ear	Jaytiss
Kiwi Ears Airoso	in-ear	ToneDeafMonk
Kiwi Ears Ardor (ANC off)	over-ear	Super Review
Kiwi Ears Ardor (ANC on)	over-ear	Super Review
Kiwi Ears Astral	in-ear	Jaytiss
Kiwi Ears Atheia	over-ear	Super Review
Kiwi Ears Aventus (ANC off)	over-ear	Super Review
Kiwi Ears Aventus (ANC off, double foam)	over-ear	Kuulokenurkka
Kiwi Ears Aventus (ANC off, thick foam)	over-ear	Kuulokenurkka
Kiwi Ears Aventus (ANC off, thin foam)	over-ear	Kuulokenurkka
Kiwi Ears Aventus (ANC on)	over-ear	Super Review
Kiwi Ears Aventus (ANC on, double foam)	over-ear	Kuulokenurkka
Kiwi Ears Aventus (ANC on, thick foam)	over-ear	Kuulokenurkka
Kiwi Ears Aventus (ANC on, thin foam)	over-ear	Kuulokenurkka
Kiwi Ears Aventus (passive, double foam)	over-ear	Kuulokenurkka
Kiwi Ears Aventus (passive, thick foam)	over-ear	Kuulokenurkka
Kiwi Ears Aventus (passive, thin foam)	over-ear	Kuulokenurkka
Kiwi Ears Cadenza	in-ear	Bakkwatan
Kiwi Ears Cadenza	in-ear	Harpo
Kiwi Ears Cadenza	in-ear	Super Review
Kiwi Ears Cadenza	in-ear	ToneDeafMonk
Kiwi Ears Canta	in-ear	Hi End Portable
Kiwi Ears Canta	in-ear	Jaytiss
Kiwi Ears Division	over-ear	Auriculares Argentina
Kiwi Ears Division	over-ear	Filk
Kiwi Ears Division	over-ear	Super Review
Kiwi Ears Dolce	in-ear	Bakkwatan
Kiwi Ears Dolce	in-ear	Harpo
Kiwi Ears Dolce	in-ear	Hi End Portable
Kiwi Ears Dolce	in-ear	Jaytiss
Kiwi Ears Dolce	in-ear	ToneDeafMonk
Kiwi Ears Ellipse	over-ear	Super Review
Kiwi Ears Etude	in-ear	Jaytiss
Kiwi Ears Forteza	in-ear	Jaytiss
Kiwi Ears Forteza	in-ear	kr0mka
Kiwi Ears Forteza	in-ear	RikudouGoku
Kiwi Ears Forteza	in-ear	ToneDeafMonk
Kiwi Ears KE4	in-ear	Auriculares Argentina
Kiwi Ears KE4	over-ear	Auriculares Argentina
Kiwi Ears KE4	in-ear	Filk
Kiwi Ears KE4	in-ear	Hi End Portable
Kiwi Ears KE4	in-ear	Jaytiss
Kiwi Ears KE4	in-ear	Kazi
Kiwi Ears KE4	in-ear	Super Review
Kiwi Ears Melody	in-ear	Hi End Portable
Kiwi Ears Melody	in-ear	Jaytiss
Kiwi Ears Melody	in-ear	Kazi
Kiwi Ears Melody	in-ear	ToneDeafMonk
Kiwi Ears Orchestra	711 in-ear	crinacle
Kiwi Ears Orchestra	Bruel & Kjaer 4620 in-ear	crinacle
Kiwi Ears Orchestra	in-ear	Super Review
Kiwi Ears Orchestra Lite	in-ear	Bakkwatan
Kiwi Ears Orchestra Lite	in-ear	Kazi
Kiwi Ears Orchestra Lite	in-ear	oratory1990
Kiwi Ears Orchestra Lite	in-ear	RikudouGoku
Kiwi Ears Orchestra Lite	in-ear	Super Review
Kiwi Ears Orchestra Lite (CIEM)	in-ear	freeryder05
Kiwi Ears Quartet (off-off)	in-ear	Bakkwatan
Kiwi Ears Quartet (off-off)	in-ear	Harpo
Kiwi Ears Quartet (off-off)	in-ear	Hi End Portable
Kiwi Ears Quartet (off-off)	in-ear	Super Review
Kiwi Ears Quartet (off-off)	in-ear	ToneDeafMonk
Kiwi Ears Quartet (off-on)	in-ear	Bakkwatan
Kiwi Ears Quartet (off-on)	in-ear	Harpo
Kiwi Ears Quartet (off-on)	in-ear	Hi End Portable
Kiwi Ears Quartet (off-on)	in-ear	Super Review
Kiwi Ears Quartet (off-on)	in-ear	ToneDeafMonk
Kiwi Ears Quartet (on-off)	in-ear	Bakkwatan
Kiwi Ears Quartet (on-off)	in-ear	Harpo
Kiwi Ears Quartet (on-off)	in-ear	Hi End Portable
Kiwi Ears Quartet (on-off)	in-ear	Super Review
Kiwi Ears Quartet (on-off)	in-ear	ToneDeafMonk
Kiwi Ears Quartet (on-on)	in-ear	Bakkwatan
Kiwi Ears Quartet (on-on)	in-ear	Harpo
Kiwi Ears Quartet (on-on)	in-ear	Hi End Portable
Kiwi Ears Quartet (on-on)	in-ear	Super Review
Kiwi Ears Quartet (on-on)	in-ear	ToneDeafMonk
Kiwi Ears Quintet	in-ear	Harpo
Kiwi Ears Quintet	in-ear	Hi End Portable
Kiwi Ears Quintet	in-ear	Jaytiss
Kiwi Ears Quintet	in-ear	Kazi
Kiwi Ears Quintet	in-ear	Regan Cipher
Kiwi Ears Quintet	in-ear	RikudouGoku
Kiwi Ears Quintet	in-ear	Super Review
Kiwi Ears Quintet	in-ear	ToneDeafMonk
Kiwi Ears Septet	in-ear	Jaytiss
Kiwi Ears Septet	in-ear	ToneDeafMonk
Kiwi Ears Singolo	in-ear	Filk
Kiwi Ears x Crinacle Singolo	in-ear	Hi End Portable
Kiwi Ears x Crinacle Singolo	in-ear	Jaytiss
Kiwi Ears x Crinacle Singolo	in-ear	Super Review
Kiwi Ears x HBB Punch	in-ear	Jaytiss
KLH Ultimate One	over-ear	oratory1990
Klipsch Heritage HP-3	EARS + 711 over-ear	crinacle
Klipsch Heritage HP-3	GRAS 43AG-7 over-ear	crinacle
Klipsch Image One	over-ear	Headphone.com Legacy
Klipsch Image One	over-ear	Innerfidelity
Klipsch Image One B	over-ear	Innerfidelity
Klipsch Image S2	in-ear	Headphone.com Legacy
Klipsch Image S4	in-ear	Headphone.com Legacy
Klipsch Image S4i	in-ear	Headphone.com Legacy
Klipsch Mode M40	over-ear	Headphone.com Legacy
Klipsch Mode M40	over-ear	Innerfidelity
Klipsch R6 II	GRAS RA0045 in-ear	HypetheSonics
Klipsch Reference On Ear	over-ear	Innerfidelity
Klipsch Reference ONE	over-ear	Headphone.com Legacy
Klipsch Reference ONE	over-ear	Innerfidelity
Klipsch S4	in-ear	RikudouGoku
Klipsch T5 II True Wireless ANC	HMS II.3 in-ear	Rtings
Klipsch T5 II True Wireless Sport	HMS II.3 in-ear	Rtings
Klipsch T5 True Wireless	711 in-ear	crinacle
Klipsch T5 True Wireless	HMS II.3 in-ear	Rtings
Klipsch X-10i	in-ear	Headphone.com Legacy
Klipsch X10	in-ear	Innerfidelity
Klipsch X12i	in-ear	Innerfidelity
Klipsch X20i	in-ear	Innerfidelity
Klipsch X6i	in-ear	Innerfidelity
Klipsch XR8i	in-ear	Innerfidelity
Kojo Technology KJB-01 Keyagu	711 in-ear	crinacle
Kontinum Ulim	in-ear	Jaytiss
Koss BT540i (wired)	over-ear	Innerfidelity
Koss BT540i (wireless)	over-ear	Innerfidelity
Koss ESP950	over-ear	Innerfidelity
Koss ESP950 (sample 1)	over-ear	Innerfidelity
Koss ESP950 (sample 2)	over-ear	Innerfidelity
Koss ESP95X	GRAS 43AG-7 over-ear	crinacle
Koss ESP95X	over-ear	oratory1990
Koss ESP95X	over-ear	Super Review
Koss ESP95X (Vesper earpads)	over-ear	Super Review
Koss KDE250	over-ear	Headphone.com Legacy
Koss KDE250	over-ear	Super Review
Koss KEB90	in-ear	Super Review
Koss KPH30i	GRAS 43AG-7 over-ear	crinacle
Koss KPH30i	over-ear	kr0mka
Koss KPH30i	over-ear	oratory1990
Koss KPH30i	over-ear	Super Review
Koss KPH30i (Grado G Cushion earpads)	over-ear	kr0mka
Koss KPH30i (Grado GS1000 earpads)	over-ear	oratory1990
Koss KPH40	GRAS 43AG-7 over-ear	crinacle
Koss KPH40	over-ear	oratory1990
Koss KPH40	over-ear	Super Review
Koss KPH7	over-ear	Filk
Koss KPH7	over-ear	Innerfidelity
Koss KSC75	GRAS 43AG-7 over-ear	crinacle
Koss KSC75	over-ear	Filk
Koss KSC75	over-ear	Headphone.com Legacy
Koss KSC75	over-ear	Innerfidelity
Koss KSC75	over-ear	kr0mka
Koss KSC75	over-ear	oratory1990
Koss KSC75	HMS II.3 over-ear	Rtings
Koss KSC75	over-ear	Super Review
Koss KSC75 (Venture Electronics earpads)	over-ear	Filk
Koss KSC75X (Yaxi earpads)	over-ear	oratory1990
Koss Porta Pro	GRAS 43AG-7 over-ear	crinacle
Koss Porta Pro	over-ear	Headphone.com Legacy
Koss Porta Pro	over-ear	Innerfidelity
Koss Porta Pro	over-ear	oratory1990
Koss Porta Pro	over-ear	Super Review
Koss Porta Pro (Dekoni earpads)	over-ear	Super Review
Koss Porta Pro (sample 1)	over-ear	Headphone.com Legacy
Koss Porta Pro (sample 2)	over-ear	Headphone.com Legacy
Koss Porta Pro (Yaxi earpads)	over-ear	Auriculares Argentina
Koss Porta Pro (Yaxi earpads)	over-ear	Kuulokenurkka
Koss Porta Pro (Yaxi earpads)	over-ear	oratory1990
Koss Porta Pro (Yaxi earpads)	over-ear	Super Review
Koss Porta Pro Aniv Ed	over-ear	Headphone.com Legacy
Koss Porta Pro KTC	HMS II.3 over-ear	Rtings
Koss Porta Pro Wireless	HMS II.3 over-ear	Rtings
Koss Porta Pro Wireless	over-ear	Super Review
Koss PRO DJ 100	over-ear	Headphone.com Legacy
Koss PRO DJ100	GRAS 43AG-7 over-ear	crinacle
Koss Pro4AA 1975	over-ear	Innerfidelity
Koss Pro4AA 2014	over-ear	Innerfidelity
Koss Pro4AAA	over-ear	Innerfidelity
Koss Pro4S	over-ear	Innerfidelity
Koss QZPro	HMS II.3 over-ear	Rtings
Koss SP330	over-ear	Innerfidelity
Koss SP540	GRAS 43AG-7 over-ear	crinacle
Koss SP540	over-ear	Innerfidelity
Koss SportaPro	over-ear	Headphone.com Legacy
Koss Tony Bennett	over-ear	Headphone.com Legacy
Koss Tony Bennett	over-ear	Innerfidelity
Koss UR 20	over-ear	Headphone.com Legacy
Koss UR 29	over-ear	Headphone.com Legacy
Koss UR20	HMS II.3 over-ear	Rtings
Kotori Vampire	in-ear	ToneDeafMonk
Kotori Zephyr	in-ear	ToneDeafMonk
KRK SYSTEMS KNS 6400	over-ear	Headphone.com Legacy
KRK SYSTEMS KNS 6400	over-ear	Innerfidelity
KRK SYSTEMS KNS 8400	over-ear	Headphone.com Legacy
KRK SYSTEMS KNS 8400	over-ear	Innerfidelity
Ks Earphone K64	earbud	Super Review
Kumitate Lab KL-Corona	711 in-ear	crinacle
Kumitate Lab KL-Focus (max bass)	711 in-ear	crinacle
Kumitate Lab KL-Focus (min bass)	711 in-ear	crinacle
Kumitate Lab KL-Focus (setting 2)	711 in-ear	crinacle
Kumitate Lab KL-Focus (setting 3)	711 in-ear	crinacle
Kumitate Lab KL-Kanon 6-Minus	711 in-ear	crinacle
Kumitate Lab KL-Kanon 6-Plus	711 in-ear	crinacle
Kumitate Lab KL-Meteo	711 in-ear	crinacle
Kumitate Lab KL-REF Type-S	711 in-ear	crinacle
Kumitate Lab KL-REF Type-S (half bass)	711 in-ear	crinacle
Kumitate Lab KL-REF Type-S (max bass)	711 in-ear	crinacle
Kumitate Lab KL-Sanka	711 in-ear	crinacle
Kumitate Lab KL-Sanka B	711 in-ear	crinacle
Kumitate Lab KL-Sanka K	711 in-ear	crinacle
Kumitate Lab KL-Sirius	711 in-ear	crinacle
Kumitate Lab KL-Sirius (CIEM)	711 in-ear	crinacle
Kumitate Lab Trio (half)	711 in-ear	crinacle
Kumitate Lab Trio (max)	711 in-ear	crinacle
Kumitate Lab Trio (min)	711 in-ear	crinacle
KZ AS06	in-ear	Super Review
KZ AS10	711 in-ear	crinacle
KZ AS10	Bruel & Kjaer 4620 in-ear	crinacle
KZ AS10	HMS II.3 in-ear	Rtings
KZ AS10	in-ear	Super Review
KZ AS16	711 in-ear	crinacle
KZ ASF	711 in-ear	crinacle
KZ ASF	Bruel & Kjaer 4620 in-ear	crinacle
KZ AST	in-ear	Harpo
KZ AST	in-ear	Super Review
KZ ASX	711 in-ear	crinacle
KZ ASX	Bruel & Kjaer 4620 in-ear	crinacle
KZ ASX	in-ear	Super Review
KZ ATE	in-ear	oratory1990
KZ ATE	in-ear	Super Review
KZ BA10	711 in-ear	crinacle
KZ BA10	in-ear	RikudouGoku
KZ Carol	in-ear	DHRME
KZ Carol (ANC off)	in-ear	Regan Cipher
KZ Carol (ANC on)	in-ear	Regan Cipher
KZ Carol Pro (ANC off)	in-ear	Regan Cipher
KZ Carol Pro (ANC on)	in-ear	Regan Cipher
KZ Castor (off-off-off-off)	in-ear	Harpo
KZ Castor (off-off-off-off)	in-ear	Super Review
KZ Castor (off-off-off-off)	in-ear	ToneDeafMonk
KZ Castor (off-off-on-off)	in-ear	Harpo
KZ Castor (off-off-on-off)	in-ear	ToneDeafMonk
KZ Castor (off-off-on-on)	in-ear	Harpo
KZ Castor (off-off-on-on)	in-ear	Super Review
KZ Castor (off-off-on-on)	in-ear	ToneDeafMonk
KZ Castor (on-n-off-off)	in-ear	Super Review
KZ Castor (on-off-off-off)	in-ear	Harpo
KZ Castor (on-off-off-off)	in-ear	ToneDeafMonk
KZ Castor (on-off-on-off)	in-ear	Harpo
KZ Castor (on-on-off-off)	in-ear	Harpo
KZ Castor (on-on-off-off)	in-ear	ToneDeafMonk
KZ Castor (on-on-on-off)	in-ear	Harpo
KZ Castor (on-on-on-on)	in-ear	Harpo
KZ Castor (on-on-on-on)	in-ear	Super Review
KZ Castor (on-on-on-on)	in-ear	ToneDeafMonk
KZ Castor Improved Bass Version (off-off-off-on)	in-ear	ToneDeafMonk
KZ Castor Improved Bass Version (off-off-on-off)	in-ear	ToneDeafMonk
KZ Castor Improved Bass Version (off-off-on-on)	in-ear	ToneDeafMonk
KZ Castor Improved Bass Version (off-on-on-on)	in-ear	ToneDeafMonk
KZ Castor Improved Bass Version (on-off-off-off)	in-ear	ToneDeafMonk
KZ Castor Improved Bass Version (on-on-off-off)	in-ear	ToneDeafMonk
KZ Castor Improved Bass Version (on-on-on-on)	in-ear	ToneDeafMonk
KZ D-FI (off-off-off-off)	in-ear	Fahryst
KZ D-FI (off-off-off-off)	in-ear	Super Review
KZ D-FI (off-off-off-off)	in-ear	ToneDeafMonk
KZ D-FI (off-off-off-on)	in-ear	Super Review
KZ D-FI (on-off-off-off)	in-ear	Fahryst
KZ D-FI (on-off-off-off)	in-ear	Super Review
KZ D-FI (on-off-off-off)	in-ear	ToneDeafMonk
KZ D-FI (on-off-off-on)	in-ear	Fahryst
KZ D-FI (on-off-on-off)	in-ear	Fahryst
KZ D-FI (on-off-on-on)	in-ear	Fahryst
KZ D-FI (on-on-off-off)	in-ear	Fahryst
KZ D-FI (on-on-off-off)	in-ear	Super Review
KZ D-FI (on-on-off-off)	in-ear	ToneDeafMonk
KZ D-FI (on-on-off-on)	in-ear	Fahryst
KZ D-FI (on-on-on-off)	in-ear	Fahryst
KZ D-FI (on-on-on-off)	in-ear	Super Review
KZ D-FI (on-on-on-off)	in-ear	ToneDeafMonk
KZ D-FI (on-on-on-on)	in-ear	Fahryst
KZ D-FI (on-on-on-on)	in-ear	Super Review
KZ D-FI (on-on-on-on)	in-ear	ToneDeafMonk
KZ DQ6	711 in-ear	crinacle
KZ DQ6	in-ear	RikudouGoku
KZ DQ6	in-ear	Super Review
KZ DQ6S	711 in-ear	crinacle
KZ DQ6S	in-ear	Harpo
KZ DQ6S	in-ear	RikudouGoku
KZ E10	711 in-ear	crinacle
KZ ED Special Edition	711 in-ear	crinacle
KZ ED16	711 in-ear	crinacle
KZ ED9 (balanced filter)	in-ear	RikudouGoku
KZ EDC Pro	in-ear	Jaytiss
KZ EDR1	in-ear	RikudouGoku
KZ EDSE	in-ear	oratory1990
KZ EDX Pro	711 in-ear	crinacle
KZ EDX Pro	in-ear	RikudouGoku
KZ EDX Pro	in-ear	Super Review
KZ EDX Ultra	in-ear	Harpo
KZ EDX Ultra	in-ear	RikudouGoku
KZ EDXS	in-ear	Fahryst
KZ EDXS	in-ear	ToneDeafMonk
KZ ES4	711 in-ear	crinacle
KZ ES4	in-ear	oratory1990
KZ ESX	in-ear	Harpo
KZ Krila	in-ear	Jaytiss
KZ Lin Long	in-ear	ToneDeafMonk
KZ PR1	711 in-ear	crinacle
KZ PR1	in-ear	Fahryst
KZ PR1 Pro	in-ear	Super Review
KZ PR1 Pro	in-ear	ToneDeafMonk
KZ PR2	in-ear	Harpo
KZ PR3	in-ear	Jaytiss
KZ PR3	in-ear	ToneDeafMonk
KZ PRX	in-ear	Jaytiss
KZ S2	711 in-ear	crinacle
KZ S4	711 in-ear	crinacle
KZ Saga	in-ear	Regan Cipher
KZ SK10	in-ear	Super Review
KZ SKS	in-ear	Regan Cipher
KZ Sonata (off-off-off-off)	in-ear	Jaytiss
KZ Sonata (off-off-on-on)	in-ear	Jaytiss
KZ Sonata (on-on-off-off)	in-ear	Jaytiss
KZ Sonata (on-on-on-on)	in-ear	Jaytiss
KZ Symphony	in-ear	Jaytiss
KZ Symphony	in-ear	ToneDeafMonk
KZ Vader Balanced (off-off-off-off)	in-ear	Harpo
KZ Vader Balanced (off-off-off-on)	in-ear	Harpo
KZ Vader Balanced (off-off-on-off)	in-ear	Harpo
KZ Vader Balanced (off-on-off-off)	in-ear	Harpo
KZ Vader Balanced (off-on-on-off)	in-ear	Harpo
KZ Vader Balanced (on-off-off-off)	in-ear	Harpo
KZ Vader Balanced (on-off-off-on)	in-ear	Harpo
KZ Vader Balanced (on-on-off-off)	in-ear	Harpo
KZ Vader Balanced (on-on-on-off)	in-ear	Harpo
KZ Vader Balanced (on-on-on-on)	in-ear	Harpo
KZ VXS	in-ear	DHRME
KZ VXS Pro	in-ear	DHRME
KZ x Crinacle CRN	711 in-ear	crinacle
KZ x Crinacle CRN	in-ear	kr0mka
KZ x Crinacle CRN	in-ear	Super Review
KZ x HBB PR2	in-ear	Bakkwatan
KZ x HBB PR2	in-ear	Super Review
KZ x HBB PR2	in-ear	ToneDeafMonk
KZ x HBB PR2 (with black mesh)	in-ear	Fahryst
KZ x HBB PR2 (without black mesh)	in-ear	Fahryst
KZ Xtra	in-ear	DHRME
KZ Xtra (ANC off)	in-ear	Regan Cipher
KZ Xtra (ANC on)	in-ear	Regan Cipher
KZ Z10 Pro 2	in-ear	Jaytiss
KZ ZA12 (off-off-off-off)	in-ear	Hi End Portable
KZ ZA12 (off-off-off-off)	in-ear	Jaytiss
KZ ZA12 (off-off-on-off)	in-ear	Hi End Portable
KZ ZA12 (off-off-on-on)	in-ear	Hi End Portable
KZ ZA12 (off-off-on-on)	in-ear	Jaytiss
KZ ZA12 (on-off-off-off)	in-ear	Hi End Portable
KZ ZA12 (on-on-off-off)	in-ear	Hi End Portable
KZ ZA12 (on-on-off-off)	in-ear	Jaytiss
KZ ZA12 (on-on-on-on)	in-ear	Hi End Portable
KZ ZA12 (on-on-on-on)	in-ear	Jaytiss
KZ ZAS	711 in-ear	crinacle
KZ ZAX	711 in-ear	crinacle
KZ ZAX	Bruel & Kjaer 4620 in-ear	crinacle
KZ Zenith (ANC off)	in-ear	Regan Cipher
KZ Zenith (on-on-off-off)	in-ear	Jaytiss
KZ ZES	in-ear	RikudouGoku
KZ ZEX	711 in-ear	crinacle
KZ ZEX	in-ear	Jaytiss
KZ ZEX	in-ear	Super Review
KZ ZEX Pro	in-ear	Filk
KZ ZEX Pro	in-ear	Jaytiss
KZ ZEX Pro	in-ear	RikudouGoku
KZ ZS10	in-ear	kr0mka
KZ ZS10	in-ear	oratory1990
KZ ZS10	HMS II.3 in-ear	Rtings
KZ ZS10	in-ear	Super Review
KZ ZS10 Pro	711 in-ear	crinacle
KZ ZS10 Pro	Bruel & Kjaer 4620 in-ear	crinacle
KZ ZS10 Pro	in-ear	Harpo
KZ ZS10 Pro	in-ear	kr0mka
KZ ZS10 Pro	in-ear	Super Review
KZ ZS10 Pro 2 (off-off-off-off)	in-ear	Hi End Portable
KZ ZS10 Pro 2 (off-off-off-on)	in-ear	Hi End Portable
KZ ZS10 Pro 2 (on-off-off-off)	in-ear	Hi End Portable
KZ ZS10 Pro 2 (on-off-off-off)	in-ear	ToneDeafMonk
KZ ZS10 Pro 2 (on-on-off-off)	in-ear	Hi End Portable
KZ ZS10 Pro 2 (on-on-off-off)	in-ear	ToneDeafMonk
KZ ZS10 Pro 2 (on-on-on-off)	in-ear	Hi End Portable
KZ ZS10 Pro 2 (on-on-on-off)	in-ear	ToneDeafMonk
KZ ZS10 Pro 2 (on-on-on-on)	in-ear	Hi End Portable
KZ ZS10 Pro 2 (on-on-on-on)	in-ear	ToneDeafMonk
KZ ZS10 Pro X	in-ear	Super Review
KZ ZS12 PRO X	in-ear	ToneDeafMonk
KZ ZS3	711 in-ear	crinacle
KZ ZS4	in-ear	RikudouGoku
KZ ZS5v1	711 in-ear	crinacle
KZ ZS5v1	in-ear	kr0mka
KZ ZS5v2	711 in-ear	crinacle
KZ ZS6	711 in-ear	crinacle
KZ ZS6	in-ear	RikudouGoku
KZ ZS7	in-ear	RikudouGoku
KZ ZS7	in-ear	Super Review
KZ ZSE	in-ear	RikudouGoku
KZ ZSN	HMS II.3 in-ear	Rtings
KZ ZSN Pro	in-ear	Auriculares Argentina
KZ ZSN Pro	711 in-ear	crinacle
KZ ZSN Pro	GRAS RA0045 in-ear	HypetheSonics
KZ ZSN Pro	in-ear	Super Review
KZ ZSN Pro X	711 in-ear	crinacle
KZ ZSN Pro X	in-ear	oratory1990
KZ ZSR	711 in-ear	crinacle
KZ ZST	711 in-ear	crinacle
KZ ZST	in-ear	oratory1990
KZ ZST	HMS II.3 in-ear	Rtings
KZ ZSX	711 in-ear	crinacle
KZ ZVX	in-ear	Fahryst
KZ ZVX	in-ear	Harpo
KZ ZVX	in-ear	ToneDeafMonk
Lafitear LM1	in-ear	Harpo
Lafitear LM2	in-ear	Harpo
LAMAX HighComfort ANC (ANC off)	over-ear	Filk
LAMAX HighComfort ANC (ANC on)	over-ear	Filk
Lark Studio LSX	711 in-ear	crinacle
Lear LCM BD4.2	711 in-ear	crinacle
Lear LUF 4C	in-ear	Innerfidelity
Lear LUF-4F	in-ear	Innerfidelity
Lear NS-U1 (all Off)	711 in-ear	crinacle
Lear NS-U1 (NS on)	711 in-ear	crinacle
Lenntek Pro Series	in-ear	Headphone.com Legacy
Lenntek Pro Series	in-ear	Innerfidelity
Lenntek Sonix 3 Headset	in-ear	Headphone.com Legacy
Lenovo Thinkplus XT98	in-ear	Harpo
LG Quadbeat HSS-F420	in-ear	Innerfidelity
LG Tone Free	711 in-ear	crinacle
LG Tone Free	GRAS RA0045 in-ear	HypetheSonics
LG Tone Ultra (ANC off)	in-ear	Super Review
LG Tone Ultra (ANC on)	in-ear	Super Review
LH Labs Verb	711 in-ear	crinacle
Libratone Track Air Plus	711 in-ear	crinacle
Life Acoustics PreKickstarter	in-ear	Innerfidelity
Light Harmonic Mera	in-ear	oratory1990
Light Harmonic Stella	711 in-ear	crinacle
Lime Ears Aether	711 in-ear	crinacle
Lime Ears Aether (bass)	711 in-ear	crinacle
Lime Ears Aether R	711 in-ear	crinacle
Lime Ears Aether R (bass)	711 in-ear	crinacle
Lime Ears Incognita	in-ear	Jaytiss
Lime Ears LE2	711 in-ear	crinacle
Lime Ears Maris	in-ear	Jaytiss
Lime Ears Maris	in-ear	Super Review
Lime Ears Model X (switch off)	711 in-ear	crinacle
Lime Ears Model X (switch on)	711 in-ear	crinacle
Lime Ears Terra	in-ear	Jaytiss
Lime Ears Terra	in-ear	Super Review
Lindy HF-100	over-ear	oratory1990
Linsoul BLD	earbud	HypetheSonics
Linsoul Lokahi	711 in-ear	crinacle
Linsoul x THOR Mjölnir MKII	in-ear	ToneDeafMonk
Lioncast X55	over-ear	oratory1990
Little Dot GYFU	GRAS 43AG-7 over-ear	crinacle
Logitech G PRO 2 (fabric earpads)	over-ear	Filk
Logitech G PRO 2 (leather earpads)	over-ear	Filk
Logitech G Pro Gaming Headset	HMS II.3 over-ear	Rtings
Logitech G Pro X	GRAS 43AG-7 over-ear	crinacle
Logitech G Pro X (3.5mm jack)	over-ear	Filk
Logitech G Pro X (USB)	over-ear	Filk
Logitech G PRO X 2 LIGHTSPEED	over-ear	Filk
Logitech G PRO X 2 LIGHTSPEED	Bruel & Kjaer 5128 over-ear	Rtings
Logitech G PRO X 2 LIGHTSPEED (fabric earpads)	over-ear	Filk
Logitech G PRO X 2 LIGHTSPEED (leather earpads)	over-ear	Filk
Logitech G Pro X Gaming Headset	HMS II.3 over-ear	Rtings
Logitech G PRO X LIGHTSPEED	HMS II.3 over-ear	Rtings
Logitech G333	HMS II.3 in-ear	Rtings
Logitech G335	HMS II.3 over-ear	Rtings
Logitech G430	HMS II.3 over-ear	Rtings
Logitech G431	GRAS 43AG-7 over-ear	crinacle
Logitech G432	HMS II.3 over-ear	Rtings
Logitech G433	over-ear	oratory1990
Logitech G433	HMS II.3 over-ear	Rtings
Logitech G435 LIGHTSPEED	HMS II.3 over-ear	Rtings
Logitech G533	HMS II.3 over-ear	Rtings
Logitech G535 LIGHTSPEED	Bruel & Kjaer 5128 over-ear	Rtings
Logitech G635	HMS II.3 over-ear	Rtings
Logitech G733 LIGHTSPEED	over-ear	Filk
Logitech G733 LIGHTSPEED	HMS II.3 over-ear	Rtings
Logitech G735	HMS II.3 over-ear	Rtings
Logitech G930	over-ear	oratory1990
Logitech G930	HMS II.3 over-ear	Rtings
Logitech G933	HMS II.3 over-ear	Rtings
Logitech G933s	GRAS 43AG-7 over-ear	crinacle
Logitech G935	HMS II.3 over-ear	Rtings
Logitech UE 6000 passive	over-ear	Innerfidelity
Logitech UE 900	in-ear	Innerfidelity
Logitech UE 9000	over-ear	Innerfidelity
Logitech UE4000 2012	over-ear	Innerfidelity
Logitech Zone Vibe 100	over-ear	Filk
Logitech Zone Wired	HMS II.3 over-ear	Rtings
LucidSound LS31	HMS II.3 over-ear	Rtings
Ludos Clamor	Bruel & Kjaer 5128 in-ear	HypetheSonics
Lypertek Bevi	711 in-ear	crinacle
Lypertek Bevi	in-ear	Hi End Portable
Lypertek PurePlay Z3 1.0	in-ear	RikudouGoku
Lypertek PurePlay Z3 2.0	711 in-ear	crinacle
Lypertek PurePlay Z7	711 in-ear	crinacle
Lypertek Tevi	711 in-ear	crinacle
LZ Hi-Fi Audio A2 Pro	711 in-ear	crinacle
LZ Hi-Fi Audio A2 Pro	in-ear	Hi End Portable
LZ Hi-Fi Audio A4 Pro (black nozzle, black vent)	711 in-ear	crinacle
LZ Hi-Fi Audio A4 Pro (black nozzle, black vent)	in-ear	Hi End Portable
LZ Hi-Fi Audio A4 Pro (black nozzle, black vent)	in-ear	RikudouGoku
LZ Hi-Fi Audio A4 Pro (black nozzle, blue vent)	711 in-ear	crinacle
LZ Hi-Fi Audio A4 Pro (black nozzle, blue vent)	in-ear	Hi End Portable
LZ Hi-Fi Audio A4 Pro (black nozzle, blue vent)	in-ear	RikudouGoku
LZ Hi-Fi Audio A4 Pro (black nozzle, red vent)	711 in-ear	crinacle
LZ Hi-Fi Audio A4 Pro (black nozzle, red vent)	in-ear	Hi End Portable
LZ Hi-Fi Audio A4 Pro (black nozzle, red vent)	in-ear	RikudouGoku
LZ Hi-Fi Audio A4 Pro (blue nozzle, black vent)	711 in-ear	crinacle
LZ Hi-Fi Audio A4 Pro (blue nozzle, black vent)	in-ear	Hi End Portable
LZ Hi-Fi Audio A4 Pro (blue nozzle, black vent)	in-ear	RikudouGoku
LZ Hi-Fi Audio A4 Pro (blue nozzle, blue vent)	in-ear	RikudouGoku
LZ Hi-Fi Audio A4 Pro (blue nozzle, red vent)	in-ear	RikudouGoku
LZ Hi-Fi Audio A4 Pro (gold nozzle, black vent)	in-ear	Hi End Portable
LZ Hi-Fi Audio A4 Pro (gold nozzle, black vent)	in-ear	RikudouGoku
LZ Hi-Fi Audio A4 Pro (gold nozzle, blue vent)	in-ear	RikudouGoku
LZ Hi-Fi Audio A4 Pro (gold nozzle, red vent)	in-ear	RikudouGoku
LZ Hi-Fi Audio A4 Pro (red nozzle, black vent)	711 in-ear	crinacle
LZ Hi-Fi Audio A4 Pro (red nozzle, black vent)	in-ear	Hi End Portable
LZ Hi-Fi Audio A4 Pro (red nozzle, black vent)	in-ear	RikudouGoku
LZ Hi-Fi Audio A4 Pro (red nozzle, blue vent)	in-ear	RikudouGoku
LZ Hi-Fi Audio A4 Pro (red nozzle, red vent)	in-ear	RikudouGoku
LZ Hi-Fi Audio A4 Pro (silver nozzle, black vent)	711 in-ear	crinacle
LZ Hi-Fi Audio A6 (black nozzle)	in-ear	RikudouGoku
LZ Hi-Fi Audio A6 (blue nozzle)	in-ear	RikudouGoku
LZ Hi-Fi Audio A6 (dark blue nozzle)	in-ear	RikudouGoku
LZ Hi-Fi Audio A6 (grey nozzle)	in-ear	RikudouGoku
LZ Hi-Fi Audio A6 (pink nozzle)	in-ear	RikudouGoku
LZ Hi-Fi Audio A6 (purple nozzle)	in-ear	RikudouGoku
LZ Hi-Fi Audio A6 (red nozzle)	in-ear	RikudouGoku
LZ Hi-Fi Audio A6 (silver nozzle)	in-ear	RikudouGoku
LZ Hi-Fi Audio A6 (yellow nozzle)	in-ear	RikudouGoku
LZ Hi-Fi Audio A6 Mini (black nozzle)	in-ear	RikudouGoku
LZ Hi-Fi Audio A6 Mini (blue nozzle)	in-ear	RikudouGoku
LZ Hi-Fi Audio A6 Mini (red nozzle)	in-ear	RikudouGoku
LZ Hi-Fi Audio A7 (monitor, black nozzle)	in-ear	RikudouGoku
LZ Hi-Fi Audio A7 (monitor, blue nozzle)	in-ear	RikudouGoku
LZ Hi-Fi Audio A7 (monitor, gold nozzle)	in-ear	RikudouGoku
LZ Hi-Fi Audio A7 (monitor, red nozzle)	in-ear	RikudouGoku
LZ Hi-Fi Audio A7 (monitor, silver nozzle)	in-ear	RikudouGoku
LZ Hi-Fi Audio A7 (pop, black nozzle)	in-ear	RikudouGoku
LZ Hi-Fi Audio A7 (pop, blue nozzle)	in-ear	RikudouGoku
LZ Hi-Fi Audio A7 (pop, gold nozzle)	in-ear	RikudouGoku
LZ Hi-Fi Audio A7 (pop, red nozzle)	in-ear	RikudouGoku
LZ Hi-Fi Audio A7 (pop, silver nozzle)	in-ear	RikudouGoku
LZ Hi-Fi Audio Z04A	in-ear	RikudouGoku
LZ Hi-Fi Audio Z05A	in-ear	oratory1990
LZ Hi-Fi Audio Z05A	in-ear	RikudouGoku
Mackie MC-250	over-ear	oratory1990
Mackie MP-360	in-ear	oratory1990
Madoo Type 711	711 in-ear	crinacle
Magaosi K3	in-ear	Super Review
Magaosi K3 (cross filter)	in-ear	Super Review
Magaosi K3 (harsh filter)	in-ear	Super Review
Magaosi K3 (no filter)	in-ear	Super Review
Magaosi K5	711 in-ear	crinacle
Magaosi K5	in-ear	Super Review
Magaosi K5 (15 ohm adapter, IEMatch, high)	in-ear	Super Review
Magaosi K5 (15 ohm adapter, iFi IEMatch, ultra)	in-ear	Super Review
Magaosi V3	in-ear	Harpo
Mangird MT4	711 in-ear	crinacle
Mangird MT4	Bruel & Kjaer 4620 in-ear	crinacle
Mangird Tea	711 in-ear	crinacle
Mangird Tea	in-ear	Jaytiss
Mangird Tea	in-ear	Super Review
Mark Levinson No 5909	over-ear	oratory1990
Marshall Major	over-ear	Headphone.com Legacy
Marshall Major II	HMS II.3 over-ear	Rtings
Marshall Major III	over-ear	kr0mka
Marshall MID ANC	HMS II.3 over-ear	Rtings
Massdrop + Grell OAE1 Signature	over-ear	Kuulokenurkka
Massdrop + Grell OAE1 Signature	over-ear	Super Review
Massdrop Nobel X	in-ear	Innerfidelity
Massdrop Panda	over-ear	oratory1990
Massdrop Panda	HMS II.3 over-ear	Rtings
Massdrop Panda	over-ear	Super Review
Massdrop Panda (active)	EARS + 711 over-ear	crinacle
Massdrop Panda (active)	GRAS 43AG-7 over-ear	crinacle
Massdrop Panda (passive)	EARS + 711 over-ear	crinacle
Massdrop Plus Universal IEM	711 in-ear	crinacle
Massdrop Plus Universal IEM	in-ear	oratory1990
Massdrop Plus Universal IEM	in-ear	Super Review
Massdrop x Noble X Universal IEMs	in-ear	freeryder05
Master & Dynamic ME05	in-ear	Innerfidelity
Master & Dynamic MH30	over-ear	Innerfidelity
Master & Dynamic MH40	GRAS 43AG-7 over-ear	crinacle
Master & Dynamic MH40	over-ear	Innerfidelity
Master & Dynamic MH40	over-ear	oratory1990
Master & Dynamic MW07	711 in-ear	crinacle
Master & Dynamic MW07 Go	711 in-ear	crinacle
Master & Dynamic MW07 Plus	711 in-ear	crinacle
Master & Dynamic MW08	in-ear	DHRME
Maximo iMetal iM-590	in-ear	Headphone.com Legacy
Maximo iMetal iM-590 White	in-ear	Headphone.com Legacy
Maximo iMetal iP-HS5	in-ear	Headphone.com Legacy
Mayflower Electronics T50RP Version 2	over-ear	Innerfidelity
Meccaudio ME04	711 in-ear	crinacle
Meccaudio ME20	711 in-ear	crinacle
MEE Audio A161P	in-ear	Innerfidelity
MEE Audio Air-Fi Matrix2 AF62 (wired)	over-ear	Innerfidelity
MEE Audio Air-Fi Matrix2 AF62 (wireless)	over-ear	Innerfidelity
MEE Audio M6 Pro	711 in-ear	crinacle
MEE Audio M6 Pro	HMS II.3 in-ear	Rtings
MEE Audio M6 Pro 2nd Generation	in-ear	Super Review
MEE Audio M9B	HMS II.3 in-ear	Rtings
MEE Audio Planamic	711 in-ear	crinacle
MEE Audio Planamic	Bruel & Kjaer 4620 in-ear	crinacle
MEE Audio Sport-Fi M6	HMS II.3 in-ear	Rtings
MEE Audio X6 Plus	HMS II.3 in-ear	Rtings
MEE Audio X7	HMS II.3 in-ear	Rtings
Meizu Live (black filter)	in-ear	Super Review
Meizu Live (blue filter)	in-ear	Super Review
Meizu Live (white filter)	in-ear	Super Review
Metal Magic Research Homunculus	711 in-ear	crinacle
Metal Magic Research Thummim	711 in-ear	crinacle
Meyer Audio SLIIVO SLT6 (off-off)	in-ear	ToneDeafMonk
Meyer Audio SLIIVO SLT6 (off-on)	in-ear	ToneDeafMonk
Meyer Audio SLIIVO SLT6 (on-off)	in-ear	ToneDeafMonk
Meyer Audio SLIIVO SLT6 (on-on)	in-ear	ToneDeafMonk
Meze 105 Aer	over-ear	Kuulokenurkka
Meze 105 Aer	over-ear	oratory1990
Meze 105 Aer	over-ear	Super Review
Meze 109 Pro	over-ear	Kuulokenurkka
Meze 109 Pro	over-ear	oratory1990
Meze 109 Pro	over-ear	Super Review
Meze 109 Pro (ZMF Acoustic Titan Mesh)	over-ear	Kuulokenurkka
Meze 11 Deco	in-ear	Innerfidelity
Meze 11 Neo	in-ear	Innerfidelity
Meze 12 Classics	711 in-ear	crinacle
Meze 12 Classics	in-ear	Innerfidelity
Meze 12 Classics V2	711 in-ear	crinacle
Meze 66 Classics	over-ear	Innerfidelity
Meze 88 Classics	over-ear	Innerfidelity
Meze 99 Classics	over-ear	Auriculares Argentina
Meze 99 Classics	GRAS 43AG-7 over-ear	crinacle
Meze 99 Classics	over-ear	Innerfidelity
Meze 99 Classics	over-ear	Kuulokenurkka
Meze 99 Classics	over-ear	oratory1990
Meze 99 Classics (Brainwavz memory foam hybrid earpads)	over-ear	oratory1990
Meze 99 Neo	over-ear	Auriculares Argentina
Meze 99 Neo	GRAS 43AG-7 over-ear	crinacle
Meze 99 Neo	over-ear	oratory1990
Meze 99 Neo (99 Classics earpads)	over-ear	Innerfidelity
Meze 99 Noir	over-ear	oratory1990
Meze Advar	GRAS RA0045 in-ear	HypetheSonics
Meze Advar	in-ear	ToneDeafMonk
Meze Alba	in-ear	Filk
Meze Alba	in-ear	Jaytiss
Meze Alba	in-ear	Kazi
Meze Alba	in-ear	Super Review
Meze Elite (alcantara earpads)	GRAS 43AG-7 over-ear	crinacle
Meze Elite (alcantara earpads)	over-ear	oratory1990
Meze Elite (hybrid earpads)	GRAS 43AG-7 over-ear	crinacle
Meze Elite (hybrid earpads)	over-ear	oratory1990
Meze Elite (leather earpads)	over-ear	Kuulokenurkka
Meze Empyrean	EARS + 711 over-ear	crinacle
Meze Empyrean	GRAS 43AG-7 over-ear	crinacle
Meze Empyrean	over-ear	HypetheSonics
Meze Empyrean	HMS II.3 over-ear	Rtings
Meze Empyrean (alcantara earpads)	over-ear	kr0mka
Meze Empyrean (alcantara earpads)	over-ear	Kuulokenurkka
Meze Empyrean (alcantara earpads)	over-ear	oratory1990
Meze Empyrean (leather earpads)	over-ear	Kuulokenurkka
Meze Empyrean (leather earpads)	over-ear	oratory1990
Meze Empyrean 2	over-ear	kr0mka
Meze Empyrean 2 (Duo earpads)	over-ear	Kuulokenurkka
Meze Empyrean 2 (Duo earpads)	over-ear	oratory1990
Meze Empyrean II (alcantara earpads)	over-ear	Kuulokenurkka
Meze Empyrean II (alcantara earpads)	over-ear	Super Review
Meze Empyrean II (duo earpads)	over-ear	Kuulokenurkka
Meze Empyrean II (duo earpads)	over-ear	Super Review
Meze Liric	GRAS 43AG-7 over-ear	crinacle
Meze Liric	over-ear	oratory1990
Meze Liric	over-ear	Super Review
Meze Liric 2	over-ear	Kuulokenurkka
Meze Liric 2	over-ear	oratory1990
Meze Liric II	over-ear	Super Review
Meze Poet	over-ear	Super Review
Meze Rai Penta	711 in-ear	crinacle
Meze Rai Penta	GRAS RA0045 in-ear	HypetheSonics
Meze Rai Penta	in-ear	oratory1990
Meze Rai Solo	711 in-ear	crinacle
Meze Rai Solo	in-ear	oratory1990
Microsoft Surface Earbuds	HMS II.3 earbud	Rtings
Microsoft Surface Headphones	over-ear	oratory1990
Microsoft Surface Headphones	HMS II.3 over-ear	Rtings
Microsoft Surface Headphones 2	HMS II.3 over-ear	Rtings
Microsoft Xbox Wireless Headset	over-ear	kr0mka
MiM Audio Dark Magician	in-ear	Bakkwatan
MiM Audio Dark Magician	711 in-ear	crinacle
MiM Audio Dark Magician	in-ear	Jaytiss
MiM Audio Dark Magician	in-ear	Super Review
MiM Audio Dark Magician (revised)	in-ear	Super Review
Mixcder E9	HMS II.3 over-ear	Rtings
MMR Gae Bolg	GRAS RA0045 in-ear	HypetheSonics
MMR Homunculus	GRAS RA0045 in-ear	HypetheSonics
MMR Thummim	GRAS RA0045 in-ear	HypetheSonics
Modhouse Audio Argon Mk3 (ZMF oval pleather earpads)	over-ear	Kuulokenurkka
Modhouse Audio T60RP Argon (Xenon suede earpads)	over-ear	Kuulokenurkka
Modhouse Audio T60RP Argon (Xenon suede earpads, baffle upgrade)	over-ear	Kuulokenurkka
Modhouse Audio Tungsten (hybrid earpads)	over-ear	Kuulokenurkka
Modhouse Audio Tungsten (hybrid earpads)	over-ear	oratory1990
Modhouse Audio Tungsten (perforated earpads)	over-ear	oratory1990
Modhouse Audio Tungsten Double Sided (ZMF Caldera hybrid earpads)	over-ear	Super Review
Modhouse Audio Tungsten Double Sided (ZMF Caldera Ultra-Perf earpads)	over-ear	Super Review
Modhouse Audio Tungsten Single Sided (ZMF Caldera Hybrid earpads)	over-ear	Super Review
Modhouse Audio Tungsten Single Sided (ZMF Caldera Ultra-Perf earpads)	over-ear	Super Review
Moe Audio SS01	in-ear	Innerfidelity
Mofasest M14 (off-off)	711 in-ear	crinacle
Mofasest M14 (off-on)	711 in-ear	crinacle
Mofasest M14 (on-off)	711 in-ear	crinacle
Mofasest M14 (on-on)	711 in-ear	crinacle
Monoprice 110010	HMS II.3 over-ear	Rtings
Monoprice 8320	in-ear	Innerfidelity
Monoprice 8323	over-ear	Innerfidelity
Monoprice M1060	over-ear	Innerfidelity
Monoprice M1060	over-ear	oratory1990
Monoprice M1570	over-ear	kr0mka
Monoprice M1570 (leather earpads)	over-ear	oratory1990
Monoprice M1570 (velour earpads)	over-ear	oratory1990
Monoprice M1570C (leather earpads)	over-ear	oratory1990
Monoprice M1570C (velours earpads)	over-ear	oratory1990
Monoprice M350	in-ear	oratory1990
Monoprice M650	over-ear	oratory1990
Monoprice Modern Retro	over-ear	oratory1990
Monoprice Modern Retro (Dekoni elite hybrid earpads)	over-ear	oratory1990
Monoprice Monolith M-TWE	711 in-ear	crinacle
Monoprice Quartet	in-ear	Super Review
Monster Clarity 101 AirLinks	HMS II.3 in-ear	Rtings
Monster DNA Pro2	over-ear	Innerfidelity
Monster Inspiration	over-ear	Innerfidelity
Monster Jamz	in-ear	Headphone.com Legacy
Monster Jamz	in-ear	Innerfidelity
Monster Lil Jamz	in-ear	Headphone.com Legacy
Monster Miles Davis Tribute	in-ear	Innerfidelity
Monster Solo	over-ear	Headphone.com Legacy
Monster Turbine	in-ear	Headphone.com Legacy
Monster Turbine	in-ear	Innerfidelity
Monster Turbine Pro	Bruel & Kjaer 5128 in-ear	HypetheSonics
Monster Turbine Pro Copper	in-ear	Innerfidelity
Monster Turbine Pro Gold	GRAS RA0045 in-ear	HypetheSonics
Monster Turbine Pro Gold	in-ear	Innerfidelity
Monster Turbine-Pro	in-ear	Headphone.com Legacy
Montblanc MB 01 (wired, ANC off)	GRAS 43AG-7 over-ear	crinacle
Montblanc MB 01 (wireless, ANC)	GRAS 43AG-7 over-ear	crinacle
Moondrop A8	711 in-ear	crinacle
Moondrop Alice (default EQ)	in-ear	Super Review
Moondrop Aria	in-ear	Bakkwatan
Moondrop Aria	Bruel & Kjaer 4620 in-ear	crinacle
Moondrop Aria	in-ear	Harpo
Moondrop Aria	in-ear	Jaytiss
Moondrop Aria	in-ear	kr0mka
Moondrop Aria	in-ear	oratory1990
Moondrop Aria	HMS II.3 in-ear	Rtings
Moondrop Aria	in-ear	Super Review
Moondrop Aria (2021)	711 in-ear	crinacle
Moondrop Aria 2	in-ear	Harpo
Moondrop Aria 2	in-ear	Jaytiss
Moondrop Aria 2	in-ear	Super Review
Moondrop Aria Elven Maiden	in-ear	Fahryst
Moondrop Aria Elven Maiden	in-ear	freeryder05
Moondrop Aria Snow Edition	in-ear	Auriculares Argentina
Moondrop Aria Snow Edition	711 in-ear	crinacle
Moondrop Aria Snow Edition	Bruel & Kjaer 4620 in-ear	crinacle
Moondrop Aria Snow Edition	in-ear	Fahryst
Moondrop Aria Snow Edition	in-ear	Super Review
Moondrop Blessing	711 in-ear	crinacle
Moondrop Blessing	Bruel & Kjaer 4620 in-ear	crinacle
Moondrop Blessing	in-ear	oratory1990
Moondrop Blessing 2	711 in-ear	crinacle
Moondrop Blessing 2	GRAS RA0045 in-ear	HypetheSonics
Moondrop Blessing 2	in-ear	oratory1990
Moondrop Blessing 2	in-ear	RikudouGoku
Moondrop Blessing 3	in-ear	Bakkwatan
Moondrop Blessing 3	711 in-ear	crinacle
Moondrop Blessing 3	Bruel & Kjaer 4620 in-ear	crinacle
Moondrop Blessing 3	in-ear	Jaytiss
Moondrop Blessing 3	Bruel & Kjaer 5128 in-ear	Rtings
Moondrop Blessing 3	in-ear	Super Review
Moondrop BLOCK	in-ear	Filk
Moondrop BLOCK	in-ear	Regan Cipher
Moondrop BLOCK	in-ear	Super Review
Moondrop Chu	711 in-ear	crinacle
Moondrop Chu	Bruel & Kjaer 4620 in-ear	crinacle
Moondrop Chu	in-ear	Filk
Moondrop Chu	in-ear	freeryder05
Moondrop Chu	in-ear	Harpo
Moondrop Chu	GRAS RA0045 in-ear	HypetheSonics
Moondrop Chu	in-ear	kr0mka
Moondrop Chu	in-ear	oratory1990
Moondrop Chu	in-ear	Regan Cipher
Moondrop Chu	in-ear	Super Review
Moondrop Chu	in-ear	Ted's Squig Hoard
Moondrop Chu	in-ear	ToneDeafMonk
Moondrop Chu 2	711 in-ear	crinacle
Moondrop Chu 2	Bruel & Kjaer 4620 in-ear	crinacle
Moondrop Chu 2	GRAS RA0045 in-ear	HypetheSonics
Moondrop Chu 2	in-ear	Kazi
Moondrop Chu 2	in-ear	Super Review
Moondrop Chu 2	in-ear	ToneDeafMonk
Moondrop Concerto	in-ear	Jaytiss
Moondrop Concerto	in-ear	Super Review
Moondrop Cosmo	over-ear	Super Review
Moondrop Crescent	711 in-ear	crinacle
Moondrop Crescent	in-ear	Kazi
Moondrop Crescent	in-ear	oratory1990
Moondrop Crescent	in-ear	Super Review
Moondrop Darksaber	in-ear	Jaytiss
Moondrop Darksaber	in-ear	Super Review
Moondrop Droplet	in-ear	Fahryst
Moondrop Droplet	in-ear	Super Review
Moondrop Edge (ANC on, reference)	over-ear	Regan Cipher
Moondrop Golden Ages (basshead)	in-ear	kr0mka
Moondrop Golden Ages (monitor eq)	in-ear	DHRME
Moondrop Golden Ages (monitor eq)	in-ear	kr0mka
Moondrop Golden Ages (monitor eq)	in-ear	Super Review
Moondrop Golden Ages (monitor)	in-ear	kr0mka
Moondrop Golden Ages (reference)	in-ear	kr0mka
Moondrop Golden Ages (secret)	in-ear	kr0mka
Moondrop Harmon	in-ear	Jaytiss
Moondrop Harmon	in-ear	Super Review
Moondrop Horizon	over-ear	Super Review
Moondrop Illumination	in-ear	Super Review
Moondrop ILLUSTRIOUS	in-ear	Jaytiss
Moondrop ILLUSTRIOUS	in-ear	Super Review
Moondrop Jiu	in-ear	Filk
Moondrop Jiu	in-ear	Kazi
Moondrop Jiu	in-ear	Super Review
Moondrop Joker	over-ear	Filk
Moondrop Joker	over-ear	Kuulokenurkka
Moondrop Joker	over-ear	Super Review
Moondrop Kadenz	in-ear	Jaytiss
Moondrop Kadenz (long nozzle)	in-ear	Super Review
Moondrop Kadenz (medium nozzle)	in-ear	Super Review
Moondrop Kadenz (short nozzle)	in-ear	Super Review
Moondrop Kanas Pro	711 in-ear	crinacle
Moondrop Kanas Pro	in-ear	Hi End Portable
Moondrop Kanas Pro	in-ear	Super Review
Moondrop KATO	HMS II.3 in-ear	Rtings
Moondrop Kato (brass nozzle)	711 in-ear	crinacle
Moondrop Kato (brass nozzle)	in-ear	Fahryst
Moondrop Kato (gold nozzle)	in-ear	RikudouGoku
Moondrop Kato (gold nozzle)	in-ear	Super Review
Moondrop Kato (silver nozzle)	in-ear	RikudouGoku
Moondrop Kato (silver nozzle)	in-ear	Super Review
Moondrop Kato (steel nozzle)	711 in-ear	crinacle
Moondrop Kato (steel nozzle)	in-ear	Fahryst
Moondrop KXXS	711 in-ear	crinacle
Moondrop KXXS	in-ear	kr0mka
Moondrop KXXS	in-ear	RikudouGoku
Moondrop KXXS	in-ear	Super Review
Moondrop KXXX	GRAS RA0045 in-ear	HypetheSonics
Moondrop KXXX	in-ear	Super Review
Moondrop LAN	Bruel & Kjaer 4620 in-ear	crinacle
Moondrop LAN	in-ear	Jaytiss
Moondrop LAN	in-ear	kr0mka
Moondrop LAN	in-ear	Super Review
Moondrop May	in-ear	Jaytiss
Moondrop May	in-ear	Super Review
Moondrop May (3.5 mm)	in-ear	Fahryst
Moondrop May (3.5 mm)	in-ear	Super Review
Moondrop Meteor	in-ear	Jaytiss
Moondrop Meteor	in-ear	Super Review
Moondrop Meteor (wide bore eartips)	in-ear	Super Review
Moondrop Moca (ANC off, reference)	in-ear	Regan Cipher
Moondrop MOCA (ANC off, standard EQ)	in-ear	Filk
Moondrop Moca (ANC on, reference)	in-ear	Regan Cipher
Moondrop MOCA (ANC on, standard EQ)	in-ear	Filk
Moondrop Moca (reference)	in-ear	Super Review
Moondrop Moca (standard)	in-ear	Super Review
Moondrop Nekocake	711 in-ear	crinacle
Moondrop Nekocake (ANC off)	in-ear	Super Review
Moondrop Nekocake (ANC on)	in-ear	Super Review
Moondrop Para	GRAS 43AG-7 over-ear	crinacle
Moondrop Para	over-ear	oratory1990
Moondrop Para (fenestrated PU earpads)	over-ear	kr0mka
Moondrop Para (fenestrated PU earpads)	over-ear	Super Review
Moondrop Para (hybrid earpads)	over-ear	kr0mka
Moondrop Para (hybrid earpads)	over-ear	Super Review
Moondrop Para (ZMF Auteur perforated lambskin earpads)	over-ear	kr0mka
Moondrop Para (ZMF Eikon perforated suede earpads)	over-ear	kr0mka
Moondrop Para (ZMF Universeperforated suede earpads)	over-ear	kr0mka
Moondrop Para II	over-ear	Super Review
Moondrop Pavane (donut foams)	earbud	Super Review
Moondrop Pavane (no foamd)	earbud	Super Review
Moondrop Pavane (white foams)	earbud	Super Review
Moondrop Quark 2	in-ear	Filk
Moondrop Quark 2	in-ear	Super Review
Moondrop Quarks	711 in-ear	crinacle
Moondrop Quarks	Bruel & Kjaer 4620 in-ear	crinacle
Moondrop Quarks	in-ear	Fahryst
Moondrop Quarks	in-ear	freeryder05
Moondrop Quarks	in-ear	oratory1990
Moondrop Quarks	in-ear	RikudouGoku
Moondrop Quarks	in-ear	Super Review
Moondrop Quarks	in-ear	Ted's Squig Hoard
Moondrop Quarks DSP	in-ear	Bakkwatan
Moondrop Quarks DSP	in-ear	Harpo
Moondrop Quarks DSP	in-ear	oratory1990
Moondrop Quarks DSP	in-ear	Super Review
Moondrop Rays	in-ear	Super Review
Moondrop Rays (analog)	in-ear	Super Review
Moondrop S8	711 in-ear	crinacle
Moondrop S8	GRAS RA0045 in-ear	HypetheSonics
Moondrop S8	in-ear	Super Review
Moondrop Solis	in-ear	Super Review
Moondrop Solis 2	in-ear	Super Review
Moondrop Space Travel	in-ear	Filk
Moondrop Space Travel	in-ear	Kazi
Moondrop Space Travel	in-ear	Regan Cipher
Moondrop Space Travel (basshead mode)	in-ear	DHRME
Moondrop Space Travel (basshead mode)	in-ear	kr0mka
Moondrop Space Travel (monitor mode)	in-ear	DHRME
Moondrop Space Travel (monitor mode)	in-ear	kr0mka
Moondrop Space Travel (reference mode)	in-ear	DHRME
Moondrop Space Travel (reference mode)	in-ear	Fahryst
Moondrop Space Travel (reference mode)	in-ear	Filk
Moondrop Space Travel (reference mode)	in-ear	kr0mka
Moondrop Space Travel 2	in-ear	Super Review
Moondrop Space Travel 2 (ANC off)	in-ear	Super Review
Moondrop Space Travel 2 (ANC on)	in-ear	Regan Cipher
Moondrop Spaceship	711 in-ear	crinacle
Moondrop Spaceship	in-ear	RikudouGoku
Moondrop Spaceship	in-ear	Super Review
Moondrop Sparks	711 in-ear	crinacle
Moondrop Sparks	in-ear	Super Review
Moondrop SSP	711 in-ear	crinacle
Moondrop SSP	Bruel & Kjaer 4620 in-ear	crinacle
Moondrop SSP	in-ear	Hi End Portable
Moondrop SSP	GRAS RA0045 in-ear	HypetheSonics
Moondrop SSP	in-ear	Super Review
Moondrop SSR	711 in-ear	crinacle
Moondrop SSR	in-ear	Filk
Moondrop SSR	in-ear	freeryder05
Moondrop SSR	in-ear	Harpo
Moondrop SSR	in-ear	Hi End Portable
Moondrop SSR	GRAS RA0045 in-ear	HypetheSonics
Moondrop SSR	in-ear	Super Review
Moondrop SSR (Ostry 0S100 eartips)	in-ear	Super Review
Moondrop SSR (Ostry 0S200 eartips)	in-ear	Super Review
Moondrop SSR (Ostry 0S300 eartips)	in-ear	Super Review
Moondrop Stardust	in-ear	Super Review
Moondrop Starfield	711 in-ear	crinacle
Moondrop Starfield	Bruel & Kjaer 4620 in-ear	crinacle
Moondrop Starfield	GRAS RA0045 in-ear	HypetheSonics
Moondrop Starfield	in-ear	oratory1990
Moondrop Starfield	in-ear	Super Review
Moondrop Starfield 2	in-ear	Jaytiss
Moondrop Starfield 2	in-ear	Super Review
Moondrop Starfield 2 (bass plug)	in-ear	Super Review
Moondrop Starfield 2 (gray foam dampers)	in-ear	Kazi
Moondrop Starfield 2 (Spinfit CP-145 eartips)	in-ear	Super Review
Moondrop Starfield 2 (tuning mesh 500)	in-ear	Kazi
Moondrop Stellaris	Bruel & Kjaer 4620 in-ear	crinacle
Moondrop Stellaris	in-ear	Jaytiss
Moondrop Stellaris	in-ear	Super Review
Moondrop U-2	earbud	kr0mka
Moondrop U-2	earbud	Super Review
Moondrop U2 (foams)	earbud	Super Review
Moondrop Ultrasonic (ANC on, reference)	in-ear	Regan Cipher
Moondrop Ultrasonic (reference EQ)	in-ear	Filk
Moondrop Ultrasonic (reference EQ)	in-ear	Super Review
Moondrop Variations	711 in-ear	crinacle
Moondrop Variations	Bruel & Kjaer 4620 in-ear	crinacle
Moondrop Variations	in-ear	Fahryst
Moondrop Variations	in-ear	Harpo
Moondrop Variations	in-ear	Jaytiss
Moondrop Variations	in-ear	oratory1990
Moondrop Variations	in-ear	Super Review
Moondrop Venus	GRAS 43AG-7 over-ear	crinacle
Moondrop Venus	over-ear	kr0mka
Moondrop Venus	over-ear	Kuulokenurkka
Moondrop Venus	over-ear	oratory1990
Moondrop Venus	over-ear	Super Review
Moondrop Void	GRAS 43AG-7 over-ear	crinacle
Moondrop Void	over-ear	kr0mka
Moondrop Void	over-ear	Super Review
Moondrop Void (Poyatu hybrid perforated fabric earpads)	over-ear	kr0mka
Moondrop Voyager	in-ear	Super Review
Moondrop x Crinacle Blessing2 Dusk	in-ear	Bakkwatan
Moondrop x Crinacle Blessing2 Dusk	711 in-ear	crinacle
Moondrop x Crinacle Blessing2 Dusk	Bruel & Kjaer 4620 in-ear	crinacle
Moondrop x Crinacle Blessing2 Dusk	in-ear	Hi End Portable
Moondrop x Crinacle Blessing2 Dusk	in-ear	Jaytiss
Moondrop x Crinacle Blessing2 Dusk	in-ear	kr0mka
Moondrop x Crinacle Blessing2 Dusk	in-ear	oratory1990
Moondrop x Crinacle Blessing2 Dusk	in-ear	Super Review
Moondrop x Crinacle DUSK	in-ear	Jaytiss
Moondrop x Crinacle DUSK	Bruel & Kjaer 5128 in-ear	Rtings
Moondrop x Crinacle DUSK	in-ear	Super Review
Moondrop x Crinacle DUSK (analog)	Bruel & Kjaer 4620 in-ear	crinacle
Moondrop x Crinacle DUSK (analog)	in-ear	DHRME
Moondrop x Crinacle DUSK (Bass+ DSP)	711 in-ear	crinacle
Moondrop x Crinacle DUSK (Bass+ DSP)	Bruel & Kjaer 4620 in-ear	crinacle
Moondrop x Crinacle DUSK (Bass+ DSP)	in-ear	DHRME
Moondrop x Crinacle DUSK (Default DSP)	711 in-ear	crinacle
Moondrop x Crinacle DUSK (Default DSP)	Bruel & Kjaer 4620 in-ear	crinacle
Moondrop x Crinacle DUSK (Default DSP)	in-ear	DHRME
Moondrop x Crinacle DUSK (Diffuse-tilted DSP)	711 in-ear	crinacle
Moondrop x Crinacle DUSK (Diffuse-tilted DSP)	Bruel & Kjaer 4620 in-ear	crinacle
Moondrop x Crinacle DUSK (Diffuse-tilted DSP)	in-ear	DHRME
Moondrop x Crinacle DUSK (Harman DSP)	711 in-ear	crinacle
Moondrop x Crinacle DUSK (Harman DSP)	Bruel & Kjaer 4620 in-ear	crinacle
Moondrop x Crinacle DUSK (Harman DSP)	in-ear	DHRME
Moondrop x Crinacle DUSK (V DSP)	711 in-ear	crinacle
Moondrop x Crinacle DUSK (V DSP)	Bruel & Kjaer 4620 in-ear	crinacle
Moondrop x Crinacle DUSK (V DSP)	in-ear	DHRME
Moondrop x Singer Edge (ANC off)	over-ear	Kuulokenurkka
Moondrop x Singer Edge (ANC on)	over-ear	Kuulokenurkka
Moritz Dragon	in-ear	Fahryst
Moritz Dragon	in-ear	Jaytiss
Moritz Paradise	in-ear	Jaytiss
Moritz Paradise (off-off-off)	in-ear	Jaytiss
Moritz Paradise (off-off-on)	in-ear	Jaytiss
Moritz Paradise (off-on-off)	in-ear	Jaytiss
Moritz Paradise (off-on-on)	in-ear	Jaytiss
Moritz Paradise (on-off-off)	in-ear	Jaytiss
Moritz Paradise (on-off-on)	in-ear	Jaytiss
Moritz Paradise (on-on-off)	in-ear	Jaytiss
Moritz Paradise (on-on-on)	in-ear	Jaytiss
Motorola Moto Buds Plus	in-ear	DHRME
Motorola Moto Buds Plus (ANC on)	in-ear	Filk
Motorola Squads 200	HMS II.3 over-ear	Rtings
Mpow 059	HMS II.3 over-ear	Rtings
Mpow CH1	HMS II.3 over-ear	Rtings
Mpow CH6	HMS II.3 over-ear	Rtings
Mpow CH9	HMS II.3 over-ear	Rtings
Mpow EM12	HMS II.3 in-ear	Rtings
Mpow Flame Pro	HMS II.3 in-ear	Rtings
Mpow H10	HMS II.3 over-ear	Rtings
Mpow H5	HMS II.3 over-ear	Rtings
Mpow HC6	over-ear	kr0mka
Mpow Jaws (4.1)	HMS II.3 in-ear	Rtings
Mpow M30	HMS II.3 in-ear	Rtings
Mpow MDots	HMS II.3 in-ear	Rtings
Mpow Pro Trucker	HMS II.3 over-ear	Rtings
Mpow X3	HMS II.3 in-ear	Rtings
Mpow X5	HMS II.3 in-ear	Rtings
Mpow X6	HMS II.3 in-ear	Rtings
MUNITIO Billets	711 in-ear	crinacle
MUNITIO Bullet In-Ear	711 in-ear	crinacle
MUNITIO Pro40	over-ear	Innerfidelity
Muse HiFi Power	711 in-ear	crinacle
Music Hall Audio DeBe	over-ear	Innerfidelity
Musical Fidelity MF100	over-ear	Innerfidelity
Musical Fidelity MF200	over-ear	Innerfidelity
MYER-AUDIO CKLVX CK2V	in-ear	ToneDeafMonk
MYER-AUDIO CKLVX D41	in-ear	ToneDeafMonk
MYER-AUDIO CKLVX D62	in-ear	Jaytiss
MYER-AUDIO CKLVX D62	in-ear	Kazi
MYER-AUDIO CKLVX D62	in-ear	Super Review
MYER-AUDIO CKLVX D62	in-ear	ToneDeafMonk
MYER-AUDIO CKLVX SLIIVO SLT6 (off-off)	in-ear	Jaytiss
MYER-AUDIO CKLVX SLIIVO SLT6 (off-on)	in-ear	Jaytiss
MYER-AUDIO CKLVX SLIIVO SLT6 (on-off)	in-ear	Jaytiss
MYER-AUDIO CKLVX SLIIVO SLT6 (on-on)	in-ear	Jaytiss
MYER-AUDIO SLIIVO SL224	in-ear	ToneDeafMonk
MYER-AUDIO SLIIVO SL41	in-ear	ToneDeafMonk
MYER-AUDIO SLIIVO SL41 MKII	in-ear	ToneDeafMonk
MYER-AUDIO SLIIVO SLA3	in-ear	ToneDeafMonk
MYER-AUDIO SLIIVO SLT6 (off-off)	in-ear	ToneDeafMonk
MYER-AUDIO SLIIVO SLT6 (off-on)	in-ear	ToneDeafMonk
MYER-AUDIO SLIIVO SLT6 (on-off)	in-ear	ToneDeafMonk
MYER-AUDIO SLIIVO SLT6 (on-on)	in-ear	ToneDeafMonk
MySphere 3.2	GRAS 43AG-7 over-ear	crinacle
MyST IzoPhones-60	over-ear	Innerfidelity
NAD RP18 Bass Light Version	over-ear	Innerfidelity
NAD VISO HP50	over-ear	Headphone.com Legacy
NAD VISO HP50	over-ear	Innerfidelity
NAD VISO HP50	over-ear	oratory1990
NAD VISO HP50	HMS II.3 over-ear	Rtings
Nan-6 Nan-6	GRAS 43AG-7 over-ear	crinacle
NarMoo B2M	in-ear	Innerfidelity
NarMoo R1M (black ports)	in-ear	Innerfidelity
NarMoo R1M (gunmetal ports)	in-ear	Innerfidelity
NarMoo R1M (silver ports)	in-ear	Innerfidelity
NarMoo S1	in-ear	Innerfidelity
NarMoo W1M	in-ear	Innerfidelity
nb Audio SkeLeTon	in-ear	Filk
NCM Bella	711 in-ear	crinacle
ND 001 Nano	in-ear	Jaytiss
ND Planet	in-ear	Jaytiss
ND Planet	in-ear	ToneDeafMonk
ND Venus	in-ear	ToneDeafMonk
ND X12	in-ear	Jaytiss
Nectar Hive	GRAS 43AG-7 over-ear	crinacle
Nectar Hive	over-ear	oratory1990
Neumann NDH20	over-ear	Auriculares Argentina
Neumann NDH20	EARS + 711 over-ear	crinacle
Neumann NDH20	GRAS 43AG-7 over-ear	crinacle
Neumann NDH20	over-ear	oratory1990
Neumann NDH30	over-ear	Auriculares Argentina
Neumann NDH30	over-ear	oratory1990
Neusonik direm E3	711 in-ear	crinacle
Neusonik direm PRO	711 in-ear	crinacle
NF ACOUS NA1	in-ear	Hi End Portable
NF ACOUS NA2+	in-ear	Hi End Portable
NF ACOUS NA2+	in-ear	Kazi
NF ACOUS NA2+ (Atmosphere eartips)	in-ear	Super Review
NF ACOUS NA2+ (Balanced eartips)	in-ear	Super Review
NF ACOUS NA2+ (Final Audio Type E eartips	in-ear	Super Review
NF ACOUS NA20	in-ear	ToneDeafMonk
NF ACOUS NE4 (clear faceplate)	in-ear	ToneDeafMonk
NF ACOUS NE4 (grey faceplate)	in-ear	ToneDeafMonk
NF ACOUS NE4 (red faceplate)	in-ear	ToneDeafMonk
NF ACOUS NE4 (transparent blue faceplate)	in-ear	ToneDeafMonk
NF ACOUS NF2u	in-ear	ToneDeafMonk
NF ACOUS NM2	in-ear	Hi End Portable
NF ACOUS NM2	in-ear	Kazi
NF ACOUS NM2	in-ear	Super Review
NF ACOUS NM20	in-ear	Hi End Portable
NF ACOUS NM20	in-ear	Jaytiss
NF ACOUS NM20	in-ear	ToneDeafMonk
NF ACOUS RA05	in-ear	Jaytiss
NF ACOUS RA15 (gold nozzle)	in-ear	Jaytiss
NF ACOUS RA15 (gold nozzle)	in-ear	Super Review
NF ACOUS RA15 (gold nozzle)	in-ear	ToneDeafMonk
NF ACOUS RA15 (silver nozzle)	in-ear	Jaytiss
NF ACOUS RA15 (silver nozzle)	in-ear	Super Review
NF ACOUS RA15 (silver nozzle)	in-ear	ToneDeafMonk
NF ACOUS RG15	in-ear	ToneDeafMonk
NF ACOUS RG15 x Assassin's Creed Mirage	in-ear	Jaytiss
NF Audio NA2	in-ear	Hi End Portable
NF Audio NA2+	in-ear	Jaytiss
NF Audio NA20	in-ear	Jaytiss
NF Audio NM2+	Bruel & Kjaer 4620 in-ear	crinacle
NF Audio RA15 (gold nozzle)	in-ear	Hi End Portable
NF Audio RA15 (silver nozzle)	in-ear	Hi End Portable
NF Audio RG15 (analog)	in-ear	Fahryst
NF Audio RG15 (USB)	in-ear	Fahryst
NHT Super Buds	in-ear	Innerfidelity
NiceHCK DB1	in-ear	Hi End Portable
NiceHCK DB2	in-ear	Hi End Portable
NiceHCK DB2	in-ear	Jaytiss
NiceHCK DB2	in-ear	ToneDeafMonk
NiceHCK DB3	in-ear	Hi End Portable
NiceHCK EB2S	in-ear	Hi End Portable
NiceHCK EB2S Pro (foams)	earbud	Super Review
NiceHCK EB2S Pro (no foams)	earbud	Super Review
NiceHCK EBX21	earbud	Super Review
NiceHCK F1 (black filter)	in-ear	Hi End Portable
NiceHCK F1 (gold filter)	in-ear	Hi End Portable
NiceHCK F1 (silver filter)	in-ear	Hi End Portable
NiceHCK F1 Pro	in-ear	Hi End Portable
NiceHCK F1 Pro	in-ear	Jaytiss
NiceHCK F1 Pro	in-ear	Kazi
NiceHCK F1 Pro	in-ear	ToneDeafMonk
NiceHCK Himalaya (black filter)	in-ear	ToneDeafMonk
NiceHCK Himalaya (blue filter)	in-ear	Hi End Portable
NiceHCK Himalaya (blue filter)	in-ear	ToneDeafMonk
NiceHCK Himalaya (brass filter)	in-ear	ToneDeafMonk
NiceHCK Himalaya (gold filter)	in-ear	Hi End Portable
NiceHCK Himalaya (grey filter)	in-ear	Hi End Portable
NiceHCK JIALAI Carat	in-ear	Fahryst
NiceHCK JIALAI Carat	in-ear	Hi End Portable
NiceHCK Lofty	in-ear	Hi End Portable
NiceHCK M5 (blue filter)	in-ear	Hi End Portable
NiceHCK M5 (grey filter)	in-ear	Hi End Portable
NiceHCK M5 (red filter)	in-ear	Hi End Portable
NiceHCK NX7 Mk3 (black)	711 in-ear	crinacle
NiceHCK NX7 Mk3 (blue)	711 in-ear	crinacle
NiceHCK NX7 Mk3 (red)	711 in-ear	crinacle
NiceHCK NX7 MK4 (black filter)	in-ear	Hi End Portable
NiceHCK NX7 MK4 (gold filter)	in-ear	Hi End Portable
NiceHCK NX7 MK4 (red filter)	in-ear	Hi End Portable
NiceHCK NX7 Pro (blue)	711 in-ear	crinacle
NiceHCK NX7 Pro (red)	711 in-ear	crinacle
NiceHCK NX7 Pro (stock)	711 in-ear	crinacle
NiceHCK NX8	in-ear	Hi End Portable
NiceHCK NX8	in-ear	Jaytiss
NiceHCK NX8	in-ear	Super Review
NiceHCK NX8	in-ear	ToneDeafMonk
NiceHCK PK2	earbud	HypetheSonics
NiceHCK Topguy	in-ear	Hi End Portable
NiceHCK Topguy	in-ear	Super Review
NiceHCK Traceless	in-ear	Hi End Portable
Night Oblivion Butastur (off-off)	in-ear	kr0mka
Night Oblivion Butastur (off-off)	in-ear	Super Review
Night Oblivion Butastur (off-on)	in-ear	kr0mka
Night Oblivion Butastur (off-on)	in-ear	Super Review
Night Oblivion Butastur (on-off)	in-ear	Jaytiss
Night Oblivion Butastur (on-off)	in-ear	kr0mka
Night Oblivion Butastur (on-off)	in-ear	Super Review
Night Oblivion Butastur (on-on)	in-ear	kr0mka
Night Oblivion Butastur (on-on)	in-ear	Super Review
Nightjar Duality	in-ear	Jaytiss
Nightjar Duality (switch back)	in-ear	Jaytiss
Nightjar Singularity	in-ear	freeryder05
Nightjar Singularity	in-ear	Super Review
Nintendo Switch stock earbuds	earbud	Kazi
Nixon RPM	over-ear	Innerfidelity
Noble Audio Chronicle	in-ear	Jaytiss
Noble Audio Django	711 in-ear	crinacle
Noble Audio Dulce Bass	711 in-ear	crinacle
Noble Audio Falcon	711 in-ear	crinacle
Noble Audio Fokus Apollo (ANC off)	over-ear	Kuulokenurkka
Noble Audio Fokus Apollo (ANC on)	over-ear	Kuulokenurkka
Noble Audio Fokus Apollo (ANC on, review eq)	over-ear	Kuulokenurkka
Noble Audio Fokus Apollo (passive)	over-ear	Kuulokenurkka
Noble Audio Fokus Mystique	in-ear	DHRME
Noble Audio Fokus Mystique (double flange)	in-ear	DHRME
Noble Audio Fokus Mystique (single flange)	in-ear	DHRME
Noble Audio Fokus Pro	GRAS RA0045 in-ear	HypetheSonics
Noble Audio K10	711 in-ear	crinacle
Noble Audio K10	in-ear	freeryder05
Noble Audio K10 CIEM	in-ear	oratory1990
Noble Audio K10 Encore	711 in-ear	crinacle
Noble Audio Kadence	711 in-ear	crinacle
Noble Audio Katana	711 in-ear	crinacle
Noble Audio Khan	711 in-ear	crinacle
Noble Audio Khan	GRAS RA0045 in-ear	HypetheSonics
Noble Audio Knight	in-ear	Jaytiss
Noble Audio Knight	in-ear	ToneDeafMonk
Noble Audio Kublai Khan	711 in-ear	crinacle
Noble Audio Kublai Khan	GRAS RA0045 in-ear	HypetheSonics
Noble Audio M3	711 in-ear	crinacle
Noble Audio PR P Tuning	in-ear	Innerfidelity
Noble Audio PR R Tuning	in-ear	Innerfidelity
Noble Audio Sage	711 in-ear	crinacle
Noble Audio Savanna	711 in-ear	crinacle
Noble Audio Savant 2	711 in-ear	crinacle
Noble Audio Sultan	711 in-ear	crinacle
Noble Audio Sultan	GRAS RA0045 in-ear	HypetheSonics
Noble Audio Sultan SE	GRAS RA0045 in-ear	HypetheSonics
Noble Audio Trident	711 in-ear	crinacle
Noble Audio Trident	Bruel & Kjaer 4620 in-ear	crinacle
Noble Audio Tux 5	711 in-ear	crinacle
Noble Audio Viking Ragnar	GRAS RA0045 in-ear	HypetheSonics
Noble Audio XM-1	in-ear	oratory1990
Nocs NS 400	in-ear	Headphone.com Legacy
Nocs NS 400	in-ear	Innerfidelity
Nocs NS200	in-ear	Headphone.com Legacy
Nocs NS200	in-ear	Innerfidelity
Nocs NS300	over-ear	Innerfidelity
Nocs NS700	in-ear	Headphone.com Legacy
Nocs NS700	over-ear	Innerfidelity
Nocs NS800	in-ear	Headphone.com Legacy
Nocs NS800	in-ear	Innerfidelity
NocturnaL Audio Atlantis	711 in-ear	crinacle
NocturnaL Audio Avalon	711 in-ear	crinacle
NocturnaL Audio Eden	711 in-ear	crinacle
NocturnaL Audio Gorham	711 in-ear	crinacle
Noontec Hammo S	over-ear	Innerfidelity
Noontec Rio	in-ear	Innerfidelity
Noontec Zoro	over-ear	Headphone.com Legacy
Noontec Zoro	over-ear	Innerfidelity
Noontec Zoro HD	over-ear	Innerfidelity
Noontec Zoro II HD	over-ear	Innerfidelity
Noontec Zoro II Wireless (active)	over-ear	Innerfidelity
Noontec Zoro II Wireless (passive)	over-ear	Innerfidelity
Nostalgia Audio Benbulbin	711 in-ear	crinacle
Nothing ear	in-ear	DHRME
Nothing ear	Bruel & Kjaer 5128 in-ear	Rtings
Nothing ear (1)	in-ear	DHRME
Nothing ear (1)	HMS II.3 in-ear	Rtings
Nothing ear (2)	HMS II.3 in-ear	Rtings
Nothing ear (2)	in-ear	Super Review
Nothing ear (a)	in-ear	DHRME
Nothing ear (a)	Bruel & Kjaer 5128 in-ear	Rtings
Nothing ear (stick)	HMS II.3 in-ear	Rtings
NS Audio NS3	in-ear	Hi End Portable
NS Audio NS3	in-ear	oratory1990
NS Audio NS5 MKII Extra Bass	in-ear	Hi End Portable
Nuarl NT01	711 in-ear	crinacle
Nuarl NT100	711 in-ear	crinacle
Nuarl NT110	711 in-ear	crinacle
NuForce EDC3	711 in-ear	crinacle
NuForce EDC3	in-ear	Filk
NuForce EDC3	in-ear	kr0mka
NuForce EDC3	in-ear	oratory1990
NuForce Every Day Car	in-ear	Innerfidelity
NuForce HEM1	711 in-ear	crinacle
NuForce HEM8	in-ear	Innerfidelity
NuForce HP-800	over-ear	Innerfidelity
NuForce NE-600X	in-ear	Innerfidelity
NuForce NE-700M	in-ear	Innerfidelity
NuForce Primo 8	711 in-ear	crinacle
NuForce Primo 8	in-ear	Innerfidelity
NuForce Stride	in-ear	oratory1990
Nura NuraLoop	HMS II.3 in-ear	Rtings
Nura Nuraphone	HMS II.3 over-ear	Rtings
NVX EX10S	in-ear	Innerfidelity
NVX XPT100	over-ear	Innerfidelity
NVX XPT100 (flat earpads)	over-ear	Innerfidelity
NXEars Basso	711 in-ear	crinacle
NXEars Opera	711 in-ear	crinacle
NXEars Sonata	711 in-ear	crinacle
oBravo Cupid	711 in-ear	crinacle
oBravo Cupid	Bruel & Kjaer 4620 in-ear	crinacle
oBravo HAMT1	over-ear	Innerfidelity
oBravo Ra 21 C	711 in-ear	crinacle
oBravo Ra C-Cu	711 in-ear	crinacle
Ocharaku Co-Donguri Shizuku	711 in-ear	crinacle
Ocharaku Donguri Keyaki	711 in-ear	crinacle
Ocharaku Donguri Ti Plus	711 in-ear	crinacle
Ocharaku Flat-4 Akakeyaki	711 in-ear	crinacle
Ocharaku Flat-4 Akazakura	711 in-ear	crinacle
Ocharaku Flat-4 Kaede Type 1	711 in-ear	crinacle
Ocharaku Flat-4 Kaede Type 2	711 in-ear	crinacle
Ocharaku Flat-4 Kuro Type II	in-ear	Innerfidelity
Ocharaku Flat-4 Ti Plus	711 in-ear	crinacle
Oladance OWS Sport (ANC off)	earbud	Regan Cipher
Ollo Audio S5X	over-ear	Kuulokenurkka
OLLO S4R	over-ear	oratory1990
OLLO S4R 1.1	over-ear	oratory1990
OneOdio A10	over-ear	Regan Cipher
OneOdio A71D	over-ear	Filk
OneOdio OpenRock Pro	earbud	Regan Cipher
OneOdio OpenRock S	earbud	Regan Cipher
OneOdio OpenRock X	earbud	Regan Cipher
OneOdio OpenRock X (ANC off)	earbud	Regan Cipher
OnePlus Buds	HMS II.3 in-ear	Rtings
OnePlus Buds 3	in-ear	DHRME
OnePlus Buds 3	in-ear	Regan Cipher
OnePlus Buds 3	Bruel & Kjaer 5128 in-ear	Rtings
OnePlus Buds 3 (ANC on)	in-ear	Regan Cipher
OnePlus Buds Pro	in-ear	Regan Cipher
OnePlus Buds Pro	HMS II.3 in-ear	Rtings
OnePlus Buds Pro 2	HMS II.3 in-ear	Rtings
OnePlus Buds Z	HMS II.3 in-ear	Rtings
Onkyo A800	over-ear	oratory1990
Onkyo E900	711 in-ear	crinacle
Onkyo ES-FC300	over-ear	Innerfidelity
Onkyo IE-HF300S	in-ear	Innerfidelity
OpenAudio Mercury	711 in-ear	crinacle
OpenAudio Mercury	Bruel & Kjaer 4620 in-ear	crinacle
OpenAudio Mercury	in-ear	Super Review
OpenAudio Siren	in-ear	Super Review
Oppo Enco Air3	earbud	Regan Cipher
Oppo Enco X	in-ear	oratory1990
Oppo Enco X2	in-ear	oratory1990
Oppo Enco X2	in-ear	Regan Cipher
Oppo Enco X2 (Enco classic preset)	in-ear	DHRME
Oppo Enco X2 (Enco classic preset)	in-ear	Harpo
Oppo Enco X3i	in-ear	DHRME
Oppo PM1	over-ear	Headphone.com Legacy
Oppo PM1	over-ear	Innerfidelity
Oppo PM1 (alternative earpads)	over-ear	Innerfidelity
Oppo PM1 (PM2 earpads)	over-ear	Innerfidelity
Oppo PM1 (velour earpads)	over-ear	Innerfidelity
Oppo PM2	over-ear	Innerfidelity
Oppo PM2	over-ear	oratory1990
Oppo PM2 (PM1 alternative earpads)	over-ear	Innerfidelity
Oppo PM2 (PM1 leather earpads)	over-ear	Innerfidelity
Oppo PM2 (PM1 velour pads)	over-ear	Innerfidelity
Oppo PM3	GRAS 43AG-7 over-ear	crinacle
Oppo PM3	over-ear	Innerfidelity
Oppo PM3	over-ear	oratory1990
Oppo PM3	HMS II.3 over-ear	Rtings
Oppo PM3 (Aliexpress earpads)	over-ear	oratory1990
Oppo PM3 (Aliexpress leather earpads)	over-ear	oratory1990
Oppo PM3 (sample A)	over-ear	Innerfidelity
Oppo PM3 (sample C)	over-ear	Innerfidelity
ORA GrapheneQ	over-ear	oratory1990
ORB CF-IEM Stella	711 in-ear	crinacle
Origami Audio Silver	711 in-ear	crinacle
Oriolus Finschi	711 in-ear	crinacle
Oriolus Finschi	in-ear	Hi End Portable
Oriolus Finschi Hifi	711 in-ear	crinacle
Oriolus Forsteni	711 in-ear	crinacle
Oriolus Isabellae	711 in-ear	crinacle
Oriolus Isabellae	in-ear	Jaytiss
Oriolus Mellianus	711 in-ear	crinacle
Oriolus Mk2	711 in-ear	crinacle
Oriolus Mk2	in-ear	Super Review
Oriolus Monachaa	in-ear	Jaytiss
Oriolus Percivali	711 in-ear	crinacle
Oriolus Szalayi	in-ear	ToneDeafMonk
Oriolus Traillii	711 in-ear	crinacle
Oriolus Traillii	in-ear	Super Review
Oriveti Basic	711 in-ear	crinacle
Oriveti bleqk Dynabird	in-ear	Super Review
Oriveti bleqk Lowmaster	in-ear	Jaytiss
Oriveti bleqk Lowmaster	in-ear	ToneDeafMonk
Oriveti Dynabird	in-ear	Jaytiss
Oriveti Dynabird	in-ear	ToneDeafMonk
Oriveti New Primacy	711 in-ear	crinacle
Oriveti OD100	in-ear	Jaytiss
Oriveti OD100	in-ear	ToneDeafMonk
Oriveti OD200	in-ear	Jaytiss
Oriveti OD200 (black nozzle)	in-ear	ToneDeafMonk
Oriveti OD200 (silver nozzle)	in-ear	ToneDeafMonk
Oriveti OH300	711 in-ear	crinacle
Oriveti OH500	711 in-ear	crinacle
Oriveti OH700VB (bass switch off)	in-ear	Jaytiss
Oriveti OH700VB (bass switch off)	in-ear	ToneDeafMonk
Oriveti OH700VB (bass switch on)	in-ear	Jaytiss
Oriveti OH700VB (bass switch on)	in-ear	ToneDeafMonk
Ortofon 0-One	over-ear	Innerfidelity
Ortofon 1	over-ear	Headphone.com Legacy
Ortofon 2	over-ear	Headphone.com Legacy
Ostry KC06	in-ear	Innerfidelity
Ostry KC06A	in-ear	Hi End Portable
Ourart Wine	in-ear	Hi End Portable
Ovidius RX-100	711 in-ear	crinacle
Ovidius RX-100	Bruel & Kjaer 4620 in-ear	crinacle
Ovidius TX-901	GRAS 43AG-7 over-ear	crinacle
Padsmith In Ear Monitors	in-ear	Jaytiss
Pai Audio DM2A	711 in-ear	crinacle
Pai Audio DR2	in-ear	Hi End Portable
Palma DHS-1 (closed)	over-ear	Kuulokenurkka
Palma DHS-1 (open)	over-ear	Kuulokenurkka
Panasonic RP HT600 S	over-ear	Innerfidelity
Panasonic RP-HC101	HMS II.3 over-ear	Rtings
Panasonic RP-HC800	HMS II.3 over-ear	Rtings
Panasonic RP-HJE120	in-ear	Innerfidelity
Panasonic RP-HJE120	in-ear	oratory1990
Panasonic RP-HJE120	HMS II.3 in-ear	Rtings
Panasonic RP-HJE125E	in-ear	kr0mka
Panasonic RP-HJE270E	in-ear	kr0mka
Paradigm Shift E1	in-ear	Innerfidelity
Paradigm Shift E3m	in-ear	Innerfidelity
Parrot Zik 2.0	over-ear	Innerfidelity
Parrot Zik 2.0	HMS II.3 over-ear	Rtings
Parrot Zik 3.0	HMS II.3 over-ear	Rtings
Peacock Audio P1	in-ear	RikudouGoku
PEARS SH2	711 in-ear	crinacle
PEARS SH3	711 in-ear	crinacle
PEARS SH3 (CIEM)	711 in-ear	crinacle
Peerless MB PMB 85 Double Action	over-ear	oratory1990
Pendulumic Stance S1 Bluetooth	over-ear	Innerfidelity
Penon 10th Anniversary IEM	in-ear	ToneDeafMonk
Penon DOME	in-ear	ToneDeafMonk
Penon Fan	in-ear	Hi End Portable
Penon Fan 2	in-ear	Harpo
Penon Fan 2	in-ear	Jaytiss
Penon Fan 2	in-ear	ToneDeafMonk
Penon Fan 3 (off)	in-ear	Super Review
Penon Fan 3 (on)	in-ear	Super Review
Penon Globe	in-ear	Hi End Portable
Penon IMPACT	in-ear	ToneDeafMonk
Penon Orb	in-ear	Harpo
Penon Orb	in-ear	Hi End Portable
Penon QUATTRO	in-ear	ToneDeafMonk
Penon Serial	in-ear	Harpo
Penon Serial	in-ear	Jaytiss
Penon Sphere	in-ear	Hi End Portable
Penon Turbo (off, off-off-on)	in-ear	ToneDeafMonk
Penon Turbo (off, off-on-off)	in-ear	ToneDeafMonk
Penon Turbo (off, off-on-on)	in-ear	ToneDeafMonk
Penon Turbo (off, on-off-off)	in-ear	ToneDeafMonk
Penon Turbo (off, on-off-on)	in-ear	ToneDeafMonk
Penon Turbo (off, on-on-off)	in-ear	ToneDeafMonk
Penon Turbo (off, on-on-on)	in-ear	ToneDeafMonk
Penon Turbo (on, off-off-off)	in-ear	ToneDeafMonk
Penon Turbo (on, off-off-on)	in-ear	ToneDeafMonk
Penon Turbo (on, off-on-on)	in-ear	ToneDeafMonk
Penon Turbo (on, on-off-off)	in-ear	ToneDeafMonk
Penon Turbo (on, on-off-on)	in-ear	ToneDeafMonk
Penon Turbo (on, on-on-off)	in-ear	ToneDeafMonk
Penon Turbo (on, on-on-on)	in-ear	ToneDeafMonk
Penon Vortex	in-ear	Harpo
Penon Vortex	in-ear	Jaytiss
Periodic Audio Be	711 in-ear	crinacle
Periodic Audio Be	GRAS RA0045 in-ear	HypetheSonics
Periodic Audio Be	in-ear	oratory1990
Periodic Audio Be	in-ear	RikudouGoku
Periodic Audio Beryllium V3	GRAS RA0045 in-ear	HypetheSonics
Periodic Audio Carbon	in-ear	oratory1990
Periodic Audio Carbon V3	GRAS RA0045 in-ear	HypetheSonics
Periodic Audio Magnesium V3	GRAS RA0045 in-ear	HypetheSonics
Periodic Audio Mg	711 in-ear	crinacle
Periodic Audio Ti	711 in-ear	crinacle
Periodic Audio Titanium V3	GRAS RA0045 in-ear	HypetheSonics
Phiaton Bridge MS 500	over-ear	Headphone.com Legacy
Phiaton Bridge MS 500	over-ear	Innerfidelity
Phiaton Chord MS 530	over-ear	Innerfidelity
Phiaton Chord MS 530 (ANC on)	over-ear	Innerfidelity
Phiaton Chord MS 530 (wireless)	over-ear	Innerfidelity
Phiaton Moderna MS200	in-ear	Innerfidelity
Phiaton MS 100 BA	in-ear	Innerfidelity
Phiaton MS 300	over-ear	Headphone.com Legacy
Phiaton MS 300	over-ear	Innerfidelity
Phiaton MS 400	over-ear	Headphone.com Legacy
Phiaton PS 20	in-ear	Innerfidelity
Phiaton PS 200	in-ear	Headphone.com Legacy
Phiaton PS 200	in-ear	Innerfidelity
Phiaton PS 210	in-ear	Headphone.com Legacy
Phiaton PS 210	in-ear	Innerfidelity
Phiaton PS 300 NC	over-ear	Headphone.com Legacy
Phiaton PS 320	over-ear	Headphone.com Legacy
Phiaton PS 320	over-ear	Innerfidelity
Phiaton PS 500	over-ear	Headphone.com Legacy
Phiaton PS 500	over-ear	Innerfidelity
Philips ActionFit SHQ5200	over-ear	Innerfidelity
Philips Cityscape Downtown	over-ear	Innerfidelity
Philips Construct	over-ear	Innerfidelity
Philips Fidelio L1	over-ear	Innerfidelity
Philips Fidelio L2	over-ear	oratory1990
Philips Fidelio M1	over-ear	Innerfidelity
Philips Fidelio M1	over-ear	oratory1990
Philips Fidelio M2L	over-ear	oratory1990
Philips Fidelio NC1	over-ear	oratory1990
Philips Fidelio NC1	HMS II.3 over-ear	Rtings
Philips Fidelio S1 Early 2013	in-ear	Innerfidelity
Philips Fidelio S2 (2013)	in-ear	Innerfidelity
Philips Fidelio S2 (early 2013)	in-ear	Innerfidelity
Philips Fidelio X1	over-ear	Innerfidelity
Philips Fidelio X2	over-ear	Innerfidelity
Philips Fidelio X2HR	over-ear	Auriculares Argentina
Philips Fidelio X2HR	over-ear	oratory1990
Philips Fidelio X2HR	Bruel & Kjaer 5128 over-ear	Rtings
Philips Fidelio X2HR	over-ear	Super Review
Philips Fidelio X3	over-ear	oratory1990
Philips Fidelio X3	HMS II.3 over-ear	Rtings
Philips L2	over-ear	Innerfidelity
Philips O'Neil Bend	over-ear	Innerfidelity
Philips O'Neil Crash	over-ear	Innerfidelity
Philips SBC HP910	over-ear	Innerfidelity
Philips SHE3590	in-ear	Innerfidelity
Philips SHE3590PK28	in-ear	Super Review
Philips SHE3855	in-ear	oratory1990
Philips SHP9500	over-ear	Auriculares Argentina
Philips SHP9500	GRAS 43AG-7 over-ear	crinacle
Philips SHP9500	over-ear	oratory1990
Philips SHP9500	Bruel & Kjaer 5128 over-ear	Rtings
Philips SHP9500	over-ear	Super Review
Philips SHP9600	HMS II.3 over-ear	Rtings
Philips SHS8000	in-ear	oratory1990
Philips SME3580	in-ear	Innerfidelity
Philips TAE1105	in-ear	kr0mka
Philips TAH2005BK00	over-ear	Filk
Philips TX1	in-ear	Innerfidelity
Philips TX2	in-ear	Innerfidelity
Phonak PFE 112	in-ear	Super Review
Phonak PFE 121 (black filter)	in-ear	Innerfidelity
Phonak PFE 121 (gray filter)	in-ear	Innerfidelity
Phonak PFE 121 (green filter)	in-ear	Innerfidelity
Phonak PFE 232	711 in-ear	crinacle
Phonak PFE 232	in-ear	Innerfidelity
Phonon SMB2	over-ear	Innerfidelity
Pioneer DJ HDJ-CUE1BT	HMS II.3 over-ear	Rtings
Pioneer HDJ-1000	over-ear	Headphone.com Legacy
Pioneer HDJ-1000	over-ear	Innerfidelity
Pioneer HDJ-1000 Gold	over-ear	Headphone.com Legacy
Pioneer HDJ-2000	over-ear	Headphone.com Legacy
Pioneer HDJ-2000	over-ear	Innerfidelity
Pioneer HDJ-500	over-ear	Headphone.com Legacy
Pioneer HDJ-500	over-ear	Innerfidelity
Pioneer Monitor 10	GRAS 43AG-7 over-ear	crinacle
Pioneer Monitor 10 II	over-ear	Innerfidelity
Pioneer Monitor 10 II (sample 1)	over-ear	Innerfidelity
Pioneer Monitor 10 II (sample 2)	over-ear	Innerfidelity
Pioneer SE-2P	GRAS 43AG-7 over-ear	crinacle
Pioneer SE-A1000	over-ear	Innerfidelity
Pioneer SE-CX9	711 in-ear	crinacle
Pioneer SE-M290	over-ear	Innerfidelity
Pioneer SE-Master1	GRAS 43AG-7 over-ear	crinacle
Pioneer SE-Master1	over-ear	Innerfidelity
Pioneer SE-MJ31	over-ear	Innerfidelity
Plantronics 325T	over-ear	oratory1990
Plantronics BackBeat 500 (wired)	over-ear	Innerfidelity
Plantronics BackBeat Fit	HMS II.3 earbud	Rtings
Plantronics BackBeat Go 600	HMS II.3 over-ear	Rtings
Plantronics BackBeat Go 600 (wired, pad swap)	over-ear	Super Review
Plantronics BackBeat Go 600 (wireless, pad swap)	over-ear	Super Review
Plantronics Backbeat Go 810	HMS II.3 over-ear	Rtings
Plantronics Backbeat Pro	HMS II.3 over-ear	Rtings
Plantronics BackBeat Pro 2	HMS II.3 over-ear	Rtings
Plantronics RIG 800LX	HMS II.3 over-ear	Rtings
Plantronics Voyager 3200	HMS II.3 earbud	Rtings
Plantronics Voyager 5200	HMS II.3 earbud	Rtings
Plantronics Voyager Legend	HMS II.3 earbud	Rtings
Ploopy Ploopy Headphones	over-ear	oratory1990
Plugged Crown	over-ear	Innerfidelity
Plunge Audio Unity IEM	in-ear	Jaytiss
Plunge Audio Unity IEM	in-ear	ToneDeafMonk
PlusSound Sonora	in-ear	freeryder05
PlusSound Sonora	in-ear	Jaytiss
PlusSound Volta	in-ear	freeryder05
PlusSound Volta	in-ear	Jaytiss
PMG Audio Apx SE	in-ear	Super Review
PNY Midtown	in-ear	Innerfidelity
PNY Uptown	in-ear	Innerfidelity
Polk Audio Buckle	over-ear	Innerfidelity
Polk Audio Buckle	HMS II.3 over-ear	Rtings
Polk Audio Hinge	over-ear	Innerfidelity
Polk Audio Melee	over-ear	Innerfidelity
Polk Audio UltraFit 1000	earbud	Headphone.com Legacy
Polk Audio UltraFit 1000	earbud	Innerfidelity
Polk Audio UltraFit 2000	over-ear	Headphone.com Legacy
Polk Audio UltraFit 2000	over-ear	Innerfidelity
Polk Audio UltraFit 2000 (sample A)	over-ear	Headphone.com Legacy
Polk Audio UltraFit 2000 (sample A)	over-ear	Innerfidelity
Polk Audio UltraFit 2000 (sample B)	over-ear	Headphone.com Legacy
Polk Audio UltraFit 2000 (sample B)	over-ear	Innerfidelity
Polk Audio UltraFit 300	in-ear	Innerfidelity
Polk Audio UltraFit 3000	in-ear	Headphone.com Legacy
Polk Audio UltraFit 3000	in-ear	Innerfidelity
Polk Audio UltraFit 3000 (sample A)	in-ear	Headphone.com Legacy
Polk Audio UltraFit 3000 (sample B)	in-ear	Headphone.com Legacy
Polk Audio UltraFit 500	earbud	Headphone.com Legacy
Polk Audio UltraFit 500	earbud	Innerfidelity
Polk Audio UltraFit 500 (sample 1)	earbud	Headphone.com Legacy
Polk Audio UltraFit 500 (sample 2)	earbud	Headphone.com Legacy
Polk Audio UltraFocus 8000	over-ear	Innerfidelity
Polk Audio UltraFocus 8000	HMS II.3 over-ear	Rtings
Polk Audio UltraFocus 8000 NC	over-ear	Headphone.com Legacy
PopClik EVOLO	in-ear	Innerfidelity
PopClik String	in-ear	Innerfidelity
Precide ERGO 2	GRAS 43AG-7 over-ear	crinacle
Prisma Audio Azul	711 in-ear	crinacle
Prisma Audio Azul	Bruel & Kjaer 4620 in-ear	crinacle
Prisma Audio Azul	in-ear	Jaytiss
Prisma Audio Azul	in-ear	Super Review
Prisma Audio Azul (AZLA Sedna eartips)	in-ear	Super Review
Prisma Audio Azul (Final Audio Type E eartips)	in-ear	Super Review
Prisma Audio Azul (JVC Spiral Dot eartips)	in-ear	Super Review
Prisma Audio Azul (SpinFit eartips)	in-ear	Super Review
PSB M4U 1	over-ear	Innerfidelity
PSB M4U 2	over-ear	Innerfidelity
PSB M4U 2 (passive)	over-ear	Innerfidelity
PSB M4U 4	in-ear	Innerfidelity
PSB M4U 8	over-ear	oratory1990
PSB M4U 8 (wired, passive)	over-ear	Innerfidelity
PULA Anvil 114	in-ear	Jaytiss
PULA Anvil 114	in-ear	Super Review
PULA Anvil 114	in-ear	ToneDeafMonk
PULA PA01	in-ear	ToneDeafMonk
PULA PA02	in-ear	Harpo
PULA PA02	in-ear	Jaytiss
PULA PA02	in-ear	ToneDeafMonk
Pump Audio Earphones	in-ear	Innerfidelity
Punch Audio Martilo	in-ear	Jaytiss
Punch Audio Martilo	in-ear	ToneDeafMonk
PureSound Clarity One	in-ear	Innerfidelity
Puro JuniorJams	HMS II.3 over-ear	Rtings
QCY Crossky C30	earbud	Regan Cipher
QCY G1	in-ear	Regan Cipher
QCY H3	over-ear	Regan Cipher
QCY H3 (ANC on)	over-ear	Regan Cipher
QCY H3 Pro (ANC off)	over-ear	Regan Cipher
QCY H3 Pro (ANC on)	over-ear	Regan Cipher
QCY HT05 Melobuds	in-ear	Regan Cipher
QCY HT05 Melobuds (ANC off)	in-ear	Regan Cipher
QCY HT05 Melobuds (ANC on)	in-ear	Regan Cipher
QCY HT07 Arcbuds	in-ear	Regan Cipher
QCY HT10 AilyBuds Pro+ (ANC off)	in-ear	Regan Cipher
QCY HT10 AilyBuds Pro+ (ANC on)	in-ear	Regan Cipher
QCY MeloBuds Pro	in-ear	DHRME
QCY Melobuds Pro (ANC off)	in-ear	Regan Cipher
QCY Melobuds Pro (ANC on)	in-ear	Regan Cipher
QCY T12 ANC2	in-ear	Filk
QCY T13	in-ear	Regan Cipher
QCY T13 ANC2 (ANC on)	in-ear	Filk
QCY T16	in-ear	Regan Cipher
QCY T17	in-ear	Regan Cipher
QCY T18	in-ear	Harpo
QCY T18	in-ear	Regan Cipher
QCY T20	in-ear	Regan Cipher
QCY T5	711 in-ear	crinacle
QCY T5	Bruel & Kjaer 4620 in-ear	crinacle
qdc 3SH	711 in-ear	crinacle
qdc 4SS	711 in-ear	crinacle
qdc 5SH	711 in-ear	crinacle
qdc 8CL (CIEM)	711 in-ear	crinacle
qdc 8SH	711 in-ear	crinacle
qdc 8SL	711 in-ear	crinacle
qdc 8SS	711 in-ear	crinacle
qdc Anole V14 (off-off-off-off)	711 in-ear	crinacle
qdc Anole V14 (off-off-off-off)	in-ear	Super Review
qdc Anole V14 (off-off-off-on)	711 in-ear	crinacle
qdc Anole V14 (off-off-off-on)	in-ear	Super Review
qdc Anole V14 (off-off-on-off)	711 in-ear	crinacle
qdc Anole V14 (off-off-on-off)	in-ear	Super Review
qdc Anole V14 (off-on-off-off)	711 in-ear	crinacle
qdc Anole V14 (off-on-off-off)	in-ear	Super Review
qdc Anole V14 (on-off-off-off)	711 in-ear	crinacle
qdc Anole V14 (on-off-off-off)	in-ear	Super Review
qdc Anole V14 (on-on-on-on)	711 in-ear	crinacle
qdc Anole V3	711 in-ear	crinacle
qdc Anole V3 (bass)	711 in-ear	crinacle
qdc Anole V3 (bass, treble)	711 in-ear	crinacle
qdc Anole V3 (treble)	711 in-ear	crinacle
qdc Anole V6	711 in-ear	crinacle
qdc Anole V6 (bass)	711 in-ear	crinacle
qdc Anole V6 (bass, mids)	711 in-ear	crinacle
qdc Anole V6 (mids)	711 in-ear	crinacle
qdc Anole VX	711 in-ear	crinacle
qdc Anole VX (all)	711 in-ear	crinacle
qdc Anole VX (bass)	711 in-ear	crinacle
qdc Anole VX (mids)	711 in-ear	crinacle
qdc Anole VX (off-off-off)	in-ear	Super Review
qdc Anole VX (off-off-on)	in-ear	Super Review
qdc Anole VX (off-on-off)	in-ear	Super Review
qdc Anole VX (on-off-off)	in-ear	Super Review
qdc Anole VX (treble)	711 in-ear	crinacle
qdc Dmagic	711 in-ear	crinacle
qdc Gemini	711 in-ear	crinacle
qdc Gemini (bass)	711 in-ear	crinacle
qdc Neptune	711 in-ear	crinacle
qdc Neptune	in-ear	Super Review
qdc Tiger	711 in-ear	crinacle
qdc Uranus	711 in-ear	crinacle
qdc Uranus	in-ear	Super Review
QianYun Qian39	earbud	kr0mka
QKZ AK6	711 in-ear	crinacle
QKZ VK4	in-ear	oratory1990
QKZ VK4 (pre-revision)	711 in-ear	crinacle
QKZ VK4 (revised)	711 in-ear	crinacle
QKZ x HBB	711 in-ear	crinacle
QKZ x HBB	in-ear	Super Review
QKZ x HBB Hades	in-ear	Hi End Portable
QKZ x HBB Hades	in-ear	Super Review
QKZ x HBB Khan	in-ear	Harpo
QKZ x HBB Khan	in-ear	Hi End Portable
QKZ x HBB Khan	in-ear	ToneDeafMonk
QKZ ZXD	711 in-ear	crinacle
QKZ ZXD	Bruel & Kjaer 4620 in-ear	crinacle
QKZ ZXD	in-ear	Harpo
QKZ ZXN	711 in-ear	crinacle
QKZ ZXN	Bruel & Kjaer 4620 in-ear	crinacle
QUAD Era-1	GRAS 43AG-7 over-ear	crinacle
QUAD Era-1	over-ear	Kuulokenurkka
QUAD Era-1	over-ear	oratory1990
QUAD ERA-1 (angled leather earpads)	over-ear	Kuulokenurkka
QUAD ERA-1 (hybrid earpads)	over-ear	Kuulokenurkka
Qudelix Qx-over	711 in-ear	crinacle
Qudelix Qx-over	in-ear	oratory1990
Queen of Audio Adonis	711 in-ear	crinacle
Queen of Audio Adonix New	in-ear	Fahryst
Queen of Audio Aviation	in-ear	ToneDeafMonk
Queen of Audio Gimlet	in-ear	Fahryst
Queen of Audio Mimosa	in-ear	Kazi
Queen of Audio Mimosa	in-ear	ToneDeafMonk
Queen of Audio Mojito	711 in-ear	crinacle
Queen of Audio Pink Lady	711 in-ear	crinacle
Queen of Audio QM50	711 in-ear	crinacle
Queen of Audio Vesper	711 in-ear	crinacle
Questyle NHB12	GRAS RA0045 in-ear	HypetheSonics
RAAL CA1a (open earpads)	over-ear	oratory1990
RAAL SR1a	GRAS 43AG-7 over-ear	crinacle
RAAL SR1a	over-ear	oratory1990
RAAL SR1a (ear contact, OBC off)	over-ear	Kuulokenurkka
RAAL SR1a (ear contact, OBC on)	over-ear	Kuulokenurkka
RAAL SR1a (no ear contact)	GRAS 43AG-7 over-ear	crinacle
RAAL SR1a (no ear contact, OBC off)	over-ear	Kuulokenurkka
RAAL SR1a (no ear contact, OBC on)	over-ear	Kuulokenurkka
Radius HP-NEF11	in-ear	Super Review
Radius HP-NHA11	in-ear	Innerfidelity
Radius HP-NHR11	in-ear	Innerfidelity
Radius HP-NHR11	in-ear	Kazi
Radius HP-TWF31	in-ear	Innerfidelity
Radius HP-TWF41	711 in-ear	crinacle
Radius HP-TWF41	in-ear	Innerfidelity
Raptgo Hook	in-ear	Super Review
Raptgo Hook-X	711 in-ear	crinacle
Raptgo Hook-X	in-ear	oratory1990
Raptgo Leaf D01	711 in-ear	crinacle
Raycon E100	HMS II.3 in-ear	Rtings
Raycon E25	711 in-ear	crinacle
Raycon E25	HMS II.3 in-ear	Rtings
Raycon E50	HMS II.3 in-ear	Rtings
Raycon E55	HMS II.3 in-ear	Rtings
Raycon The Fitness Earbuds (2021 Edition)	HMS II.3 in-ear	Rtings
Razer Barracuda	HMS II.3 over-ear	Rtings
Razer Barracuda Pro	HMS II.3 over-ear	Rtings
Razer Barracuda X	GRAS 43AG-7 over-ear	crinacle
Razer Barracuda X (2021)	HMS II.3 over-ear	Rtings
Razer Barracuda X (2022)	over-ear	Filk
Razer BlackShark V2	over-ear	Filk
Razer BlackShark V2	HMS II.3 over-ear	Rtings
Razer BlackShark V2 HyperSpeed	Bruel & Kjaer 5128 over-ear	Rtings
Razer BlackShark V2 Pro	GRAS 43AG-7 over-ear	crinacle
Razer BlackShark V2 Pro	HMS II.3 over-ear	Rtings
Razer BlackShark V2 Pro 2023	HMS II.3 over-ear	Rtings
Razer BlackShark V2 X	GRAS 43AG-7 over-ear	crinacle
Razer BlackShark V2 X	HMS II.3 over-ear	Rtings
Razer Hammerhead Pro HyperSpeed	HMS II.3 in-ear	Rtings
Razer Hammerhead True Wireless (2019)	HMS II.3 in-ear	Rtings
Razer Hammerhead True Wireless (2021)	HMS II.3 in-ear	Rtings
Razer Hammerhead True Wireless Pro	HMS II.3 in-ear	Rtings
Razer Hammerhead USB-C ANC	HMS II.3 in-ear	Rtings
Razer Kaira Pro	HMS II.3 over-ear	Rtings
Razer Kaira X	HMS II.3 over-ear	Rtings
Razer Kraken Pro V2	HMS II.3 over-ear	Rtings
Razer Kraken Tournament Edition	HMS II.3 over-ear	Rtings
Razer Kraken Ultimate	HMS II.3 over-ear	Rtings
Razer Kraken USB	HMS II.3 over-ear	Rtings
Razer Kraken V3	HMS II.3 over-ear	Rtings
Razer Kraken V3 HyperSense	HMS II.3 over-ear	Rtings
Razer Kraken V3 Pro	GRAS 43AG-7 over-ear	crinacle
Razer Kraken V3 Pro	over-ear	Filk
Razer Kraken V3 Pro	HMS II.3 over-ear	Rtings
Razer Kraken V3 X	HMS II.3 over-ear	Rtings
Razer Kraken X	HMS II.3 over-ear	Rtings
Razer Man O'War	HMS II.3 over-ear	Rtings
Razer Moray	Bruel & Kjaer 4620 in-ear	crinacle
Razer Moray	HMS II.3 in-ear	Rtings
Razer Nari Ultimate	HMS II.3 over-ear	Rtings
Razer Opus 2020	HMS II.3 over-ear	Rtings
Razer Opus 2020 (ANC off)	over-ear	Filk
Razer Opus 2020 (ANC on)	over-ear	Filk
Razer Opus 2020 (passive)	over-ear	Filk
Razer Opus 2021	HMS II.3 over-ear	Rtings
Razer Opus X	HMS II.3 over-ear	Rtings
RBH EP1	in-ear	Innerfidelity
RBH EP2	Bruel & Kjaer 5128 in-ear	HypetheSonics
RBH EP3	in-ear	Innerfidelity
realme Buds Air 3S	in-ear	Regan Cipher
realme Buds Air 5 Pro	in-ear	Filk
realme Buds Air 5 Pro	in-ear	Regan Cipher
realme Buds Air 5 Pro (ANC on)	in-ear	Regan Cipher
realme Buds Air 5 Pro (original sound effect mode)	in-ear	Harpo
realme Buds Air 6 Pro (ANC on)	in-ear	Regan Cipher
realme Buds Air 7 Pro (ANC off)	in-ear	Regan Cipher
realme Buds Air 7 Pro (ANC on)	in-ear	Regan Cipher
realme Buds Air6 Pro	in-ear	Filk
realme Buds Air6 Pro (Nature Balance eq)	in-ear	DHRME
Redmi Buds 6 Pro (ANC off)	in-ear	Regan Cipher
Redmi Buds 6 Pro (ANC on)	in-ear	Regan Cipher
Redmi Buds 6 Pro (Transparency)	in-ear	Regan Cipher
Redragon Arrow H858	over-ear	Filk
Redragon Diomedes H386	over-ear	Filk
Redragon H510 Zeus Pro	over-ear	Filk
Redragon H510 Zeus-X	over-ear	Filk
Redragon H848 IRE PRO	over-ear	Filk
Reecho SG-01	in-ear	Hi End Portable
Reecho SG-01 OVA	in-ear	Hi End Portable
Reecho SG-03	in-ear	Hi End Portable
Reecho Summer	in-ear	kr0mka
RevoNext QT2	in-ear	Hi End Portable
RevoNext RH-213 Plus	in-ear	ToneDeafMonk
RHA CL1	711 in-ear	crinacle
RHA CL2	711 in-ear	crinacle
RHA CL2	GRAS RA0045 in-ear	HypetheSonics
RHA CL750	711 in-ear	crinacle
RHA MA-350	in-ear	Innerfidelity
RHA MA450i	in-ear	Innerfidelity
RHA MA600	in-ear	Innerfidelity
RHA MA750	711 in-ear	crinacle
RHA MA750	in-ear	Innerfidelity
RHA S500i	in-ear	Innerfidelity
RHA SA-850	over-ear	Innerfidelity
RHA SA950i	over-ear	Innerfidelity
RHA T10i (bass filter)	in-ear	Innerfidelity
RHA T10i (reference filter)	in-ear	Innerfidelity
RHA T10i (treble filter)	in-ear	Innerfidelity
RHA T20 (bass filter)	in-ear	Innerfidelity
RHA T20 (reference filter)	in-ear	Innerfidelity
RHA T20 (treble filter)	in-ear	Innerfidelity
RHA T20i	711 in-ear	crinacle
RHA TrueConnect	711 in-ear	crinacle
RHA TrueConnect	HMS II.3 in-ear	Rtings
Rhapsodio Clipper	711 in-ear	crinacle
Rhapsodio Infinity Mk1	711 in-ear	crinacle
Rhapsodio Infinity Mk2	711 in-ear	crinacle
Rhapsodio Return	in-ear	Jaytiss
Rikubuds Alter Rider 3	earbud	Super Review
Ritmix RH-508	over-ear	oratory1990
ROCCAT Elo 7.1 Air	HMS II.3 over-ear	Rtings
ROCCAT Syn Pro Air	HMS II.3 over-ear	Rtings
Rock Jaw Alpha Genus (black filter)	in-ear	Innerfidelity
Rock Jaw Alpha Genus (silver filters)	in-ear	Innerfidelity
Rock Zircon	in-ear	oratory1990
RockIt Sounds R30	in-ear	Innerfidelity
RockIt Sounds R50	in-ear	Innerfidelity
Rose BR5 Mk2	711 in-ear	crinacle
Rose Ceramics	in-ear	Hi End Portable
Rose Ceramics (HiFi)	in-ear	Hi End Portable
Rose Ceramics (Pop)	in-ear	Hi End Portable
Rose Ceramics (Rock)	in-ear	Hi End Portable
Rose Ceramics X (HiFi)	in-ear	Hi End Portable
Rose EARFREE-i5 (HiFi)	in-ear	Hi End Portable
Rose Mini2	711 in-ear	crinacle
Rose Mini2 MKII 2.0	in-ear	Hi End Portable
Rose QT9 MK2	in-ear	Hi End Portable
Rose QT9 MK2s	in-ear	Hi End Portable
Rose QT9 MK3	in-ear	Hi End Portable
Rose QuietSea	in-ear	Hi End Portable
Rose Star City 5 Pro	in-ear	Hi End Portable
Rose Technics Aurora Ultra	in-ear	Jaytiss
Rose Technics Aurora Ultra	in-ear	ToneDeafMonk
Rose Technics Ceramics-X (ANC off, Hifi)	in-ear	Regan Cipher
Rose Technics Ceramics-X (ANC on, Hifi)	in-ear	Regan Cipher
Rose Technics North Forest	over-ear	Auriculares Argentina
Rose Technics OpenFree (ANC off, balanced)	in-ear	Regan Cipher
Rose Technics QuietSea	in-ear	Harpo
Rose Technics QuietSea	in-ear	Jaytiss
Rose Technics Star City 5	in-ear	Jaytiss
Rosson Audio Design RAD-0	GRAS 43AG-7 over-ear	crinacle
Rosson Audio Design RAD-0	over-ear	oratory1990
RUNMUS RGB K1 Gaming Headset	HMS II.3 over-ear	Rtings
RØDE NTH-100	over-ear	Kuulokenurkka
RØDE NTH-100	over-ear	oratory1990
RØDE NTH-100 (front dampening removed)	over-ear	Kuulokenurkka
RØDE NTH-100M	over-ear	Filk
RØDE NTH-100M	HMS II.3 over-ear	Rtings
Sabbat E12	HMS II.3 in-ear	Rtings
Samson SR850	HMS II.3 over-ear	Rtings
Samsung AKG EO-IG955	711 in-ear	crinacle
Samsung AKG EO-IG955	GRAS RA0045 in-ear	HypetheSonics
Samsung AKG EO-IG955	in-ear	oratory1990
Samsung AKG EO-IG955 Type-C	HMS II.3 in-ear	Rtings
Samsung Earphones Tuned by AKG	in-ear	Super Review
Samsung Earphones Tuned by AKG (2019)	in-ear	Super Review
Samsung EO-IC100 Type-C	in-ear	kr0mka
Samsung EO-IC500 ANC Type-C	in-ear	oratory1990
Samsung Galaxy Buds	711 in-ear	crinacle
Samsung Galaxy Buds	in-ear	oratory1990
Samsung Galaxy Buds	HMS II.3 in-ear	Rtings
Samsung Galaxy Buds 3 (ANC off)	earbud	Regan Cipher
Samsung Galaxy Buds 3 (ANC on)	earbud	Regan Cipher
Samsung Galaxy Buds FE	in-ear	DHRME
Samsung Galaxy Buds FE	in-ear	Regan Cipher
Samsung Galaxy Buds FE	Bruel & Kjaer 5128 in-ear	Rtings
Samsung Galaxy Buds FE (ANC on, balanced)	in-ear	Regan Cipher
Samsung Galaxy Buds Live	earbud	HypetheSonics
Samsung Galaxy Buds Live	earbud	Regan Cipher
Samsung Galaxy Buds Live	HMS II.3 earbud	Rtings
Samsung Galaxy Buds Plus	711 in-ear	crinacle
Samsung Galaxy Buds Plus	HMS II.3 in-ear	Rtings
Samsung Galaxy Buds Plus	in-ear	Super Review
Samsung Galaxy Buds Pro	711 in-ear	crinacle
Samsung Galaxy Buds Pro	GRAS RA0045 in-ear	HypetheSonics
Samsung Galaxy Buds Pro	in-ear	kr0mka
Samsung Galaxy Buds Pro	in-ear	oratory1990
Samsung Galaxy Buds Pro	in-ear	RikudouGoku
Samsung Galaxy Buds Pro	HMS II.3 in-ear	Rtings
Samsung Galaxy Buds2	711 in-ear	crinacle
Samsung Galaxy Buds2	in-ear	Kazi
Samsung Galaxy Buds2	in-ear	oratory1990
Samsung Galaxy Buds2	HMS II.3 in-ear	Rtings
Samsung Galaxy Buds2 Pro	711 in-ear	crinacle
Samsung Galaxy Buds2 Pro	GRAS RA0045 in-ear	HypetheSonics
Samsung Galaxy Buds2 Pro	in-ear	oratory1990
Samsung Galaxy Buds2 Pro	Bruel & Kjaer 5128 in-ear	Rtings
Samsung Galaxy Buds2 Pro	in-ear	Super Review
Samsung Galaxy Buds2 Pro (Ambient mode)	711 in-ear	crinacle
Samsung Galaxy Buds2 Pro (ANC mode)	711 in-ear	crinacle
Samsung Galaxy Buds2 Pro (Passive mode)	711 in-ear	crinacle
Samsung Galaxy Buds3	Bruel & Kjaer 5128 in-ear	Rtings
Samsung Galaxy Buds3 Pro	in-ear	DHRME
Samsung Galaxy Buds3 Pro	Bruel & Kjaer 5128 in-ear	Rtings
Samsung Gear IconX	HMS II.3 over-ear	Rtings
Samsung Level On	over-ear	Innerfidelity
Samsung Level On Wireless	HMS II.3 over-ear	Rtings
Samsung Level Over Wireless	HMS II.3 over-ear	Rtings
Samsung Level U Pro	HMS II.3 in-ear	Rtings
Samsung U Flex	HMS II.3 in-ear	Rtings
Sansui SS10	GRAS 43AG-7 over-ear	crinacle
Sansui SS100	over-ear	Innerfidelity
Sansui SS35	over-ear	Innerfidelity
Santa Cruz Audio SC1000 (active)	in-ear	Innerfidelity
Santa Cruz Audio SC1000 (passive)	in-ear	Innerfidelity
Sash Tres 45	over-ear	Kuulokenurkka
Sash Tres 45 (closed back, leather earpads)	over-ear	oratory1990
Sash Tres 45 (open back, leather earpads)	over-ear	oratory1990
Sash Tres 45 (perforated leather earpads)	over-ear	oratory1990
Sash Tres 45 (velour earpads)	over-ear	oratory1990
Sash Tres SE Exclusive (leather earpads)	over-ear	Kuulokenurkka
Sash Tres Second Edition (closed cups, hybrid earpads)	over-ear	Kuulokenurkka
Sash Tres Second Edition (closed cups, leather earpads)	over-ear	Kuulokenurkka
Sash Tres Second Edition (closed cups, suede earpads)	over-ear	Kuulokenurkka
Sash Tres Second Edition (honeycomb grill)	over-ear	Kuulokenurkka
Sash Tres Second Edition (hybrid earpads)	over-ear	Kuulokenurkka
Sash Tres Second Edition (leather earpads)	over-ear	Kuulokenurkka
Sash Tres Second Edition (S-style grill)	over-ear	Kuulokenurkka
Sash Tres Second Edition (suede earpads)	over-ear	Kuulokenurkka
SATOLEX Tubomi DH298-A1Bk	711 in-ear	crinacle
SATOLEX Tubomi DH302-A1Bs	711 in-ear	crinacle
SATOLEX Tubomi DH310-A1SS	711 in-ear	crinacle
SATOLEX Tumuri DH303-A1	711 in-ear	crinacle
Scosche RH1060 Bluetooth	over-ear	Innerfidelity
Seahf AWK-009	711 in-ear	crinacle
SeeAudio Bravery	711 in-ear	crinacle
SeeAudio Bravery	Bruel & Kjaer 4620 in-ear	crinacle
SeeAudio Bravery	in-ear	RikudouGoku
SeeAudio Bravery	in-ear	Super Review
SeeAudio Bravery AE	in-ear	Jaytiss
SeeAudio Kaguya	711 in-ear	crinacle
SeeAudio MIU	711 in-ear	crinacle
SeeAudio Neo	711 in-ear	crinacle
SeeAudio x Crinacle Yume Midnight	711 in-ear	crinacle
SeeAudio x Crinacle Yume Midnight	Bruel & Kjaer 4620 in-ear	crinacle
SeeAudio x Crinacle Yume Midnight	in-ear	Jaytiss
SeeAudio x Crinacle Yume Midnight	in-ear	Super Review
SeeAudio Yume	711 in-ear	crinacle
SeeAudio Yume	GRAS RA0045 in-ear	HypetheSonics
SeeAudio Yume	in-ear	Super Review
SeeAudio Yume 2	in-ear	Harpo
Seek Real Audio Airship	711 in-ear	crinacle
Seek Real Audio Airship	Bruel & Kjaer 4620 in-ear	crinacle
Sendy Aiva	over-ear	Auriculares Argentina
Sendy Aiva	EARS + 711 over-ear	crinacle
Sendy Aiva	GRAS 43AG-7 over-ear	crinacle
Sendy Aiva	over-ear	oratory1990
Sendy Aiva	over-ear	Super Review
Sendy Aiya	711 in-ear	crinacle
Sendy Peacock	GRAS 43AG-7 over-ear	crinacle
Sendy Peacock	over-ear	oratory1990
Senfer DT6	711 in-ear	crinacle
Senfer DT6	Bruel & Kjaer 4620 in-ear	crinacle
Sennheiser ACCENTUM	over-ear	Filk
Sennheiser ACCENTUM	over-ear	oratory1990
Sennheiser ACCENTUM	Bruel & Kjaer 5128 over-ear	Rtings
Sennheiser ACCENTUM Plus	over-ear	oratory1990
Sennheiser ACCENTUM Plus	Bruel & Kjaer 5128 over-ear	Rtings
Sennheiser Accentum TWS	in-ear	DHRME
Sennheiser AMBEO Smart Headset	HMS II.3 in-ear	Rtings
Sennheiser Amperior	GRAS 43AG-7 over-ear	crinacle
Sennheiser Amperior	over-ear	Headphone.com Legacy
Sennheiser Amperior	over-ear	Innerfidelity
Sennheiser CX 1.00	in-ear	Innerfidelity
Sennheiser CX 2.00	in-ear	Innerfidelity
Sennheiser CX 2.00	in-ear	oratory1990
Sennheiser CX 3.00	in-ear	oratory1990
Sennheiser CX 300-II	in-ear	Headphone.com Legacy
Sennheiser CX 400BT	in-ear	oratory1990
Sennheiser CX 400BT	in-ear	RikudouGoku
Sennheiser CX 400BT	HMS II.3 over-ear	Rtings
Sennheiser CX 500	in-ear	Headphone.com Legacy
Sennheiser CX 680	in-ear	Headphone.com Legacy
Sennheiser CX 880	in-ear	Headphone.com Legacy
Sennheiser CX Plus True Wireless	in-ear	DHRME
Sennheiser CX Plus True Wireless	HMS II.3 in-ear	Rtings
Sennheiser CX True Wireless	HMS II.3 in-ear	Rtings
Sennheiser CXC-700	HMS II.3 in-ear	Rtings
Sennheiser EH 150	over-ear	Headphone.com Legacy
Sennheiser EH 250	over-ear	Headphone.com Legacy
Sennheiser EH 350	over-ear	Headphone.com Legacy
Sennheiser GAME ONE	over-ear	oratory1990
Sennheiser GAME ONE	HMS II.3 over-ear	Rtings
Sennheiser HD 201	over-ear	Headphone.com Legacy
Sennheiser HD 201	over-ear	Innerfidelity
Sennheiser HD 201	over-ear	kr0mka
Sennheiser HD 201	HMS II.3 over-ear	Rtings
Sennheiser HD 202	over-ear	Headphone.com Legacy
Sennheiser HD 202	over-ear	Innerfidelity
Sennheiser HD 203	over-ear	Headphone.com Legacy
Sennheiser HD 205	over-ear	Headphone.com Legacy
Sennheiser HD 205 II	over-ear	Headphone.com Legacy
Sennheiser HD 212 PRO	over-ear	Headphone.com Legacy
Sennheiser HD 218	over-ear	Headphone.com Legacy
Sennheiser HD 218	over-ear	Innerfidelity
Sennheiser HD 219	over-ear	Headphone.com Legacy
Sennheiser HD 219	over-ear	Innerfidelity
Sennheiser HD 228	over-ear	Headphone.com Legacy
Sennheiser HD 228	over-ear	Innerfidelity
Sennheiser HD 229	over-ear	Innerfidelity
Sennheiser HD 229 Black	over-ear	Headphone.com Legacy
Sennheiser HD 238	over-ear	Headphone.com Legacy
Sennheiser HD 238	over-ear	Innerfidelity
Sennheiser HD 239	over-ear	Headphone.com Legacy
Sennheiser HD 239	over-ear	Innerfidelity
Sennheiser HD 25	Bruel & Kjaer 5128 over-ear	Rtings
Sennheiser HD 25 Aluminium	GRAS 43AG-7 over-ear	crinacle
Sennheiser HD 25 Aluminum	over-ear	Innerfidelity
Sennheiser HD 25 Plus	GRAS 43AG-7 over-ear	crinacle
Sennheiser HD 25-1	over-ear	Headphone.com Legacy
Sennheiser HD 25-1	over-ear	Innerfidelity
Sennheiser HD 25-1 II	over-ear	Innerfidelity
Sennheiser HD 25-1 II B (2012)	over-ear	Innerfidelity
Sennheiser HD 25-SP	over-ear	Headphone.com Legacy
Sennheiser HD 250 II	over-ear	Innerfidelity
Sennheiser HD 250BT	GRAS 43AG-7 over-ear	crinacle
Sennheiser HD 280 Pro	over-ear	Auriculares Argentina
Sennheiser HD 280 Pro	over-ear	Filk
Sennheiser HD 280 Pro	over-ear	Headphone.com Legacy
Sennheiser HD 280 Pro	over-ear	Innerfidelity
Sennheiser HD 280 Pro	over-ear	oratory1990
Sennheiser HD 280 Pro	HMS II.3 over-ear	Rtings
Sennheiser HD 280 Pro (SPC Gear velour earpads)	over-ear	Filk
Sennheiser HD 380 Pro	over-ear	Innerfidelity
Sennheiser HD 4	over-ear	Innerfidelity
Sennheiser HD 4.40BT	HMS II.3 over-ear	Rtings
Sennheiser HD 4.50 BTNC	over-ear	oratory1990
Sennheiser HD 4.50 BTNC	HMS II.3 over-ear	Rtings
Sennheiser HD 400 Pro	over-ear	Auriculares Argentina
Sennheiser HD 400 S	GRAS 43AG-7 over-ear	crinacle
Sennheiser HD 414	over-ear	Innerfidelity
Sennheiser HD 419	over-ear	Headphone.com Legacy
Sennheiser HD 419	over-ear	Innerfidelity
Sennheiser HD 424	over-ear	Filk
Sennheiser HD 424	over-ear	Innerfidelity
Sennheiser HD 424-X	over-ear	Filk
Sennheiser HD 428	over-ear	Headphone.com Legacy
Sennheiser HD 429	over-ear	Headphone.com Legacy
Sennheiser HD 429	over-ear	Innerfidelity
Sennheiser HD 438	over-ear	Headphone.com Legacy
Sennheiser HD 439	over-ear	Headphone.com Legacy
Sennheiser HD 439	over-ear	Innerfidelity
Sennheiser HD 448	over-ear	Headphone.com Legacy
Sennheiser HD 448	over-ear	Innerfidelity
Sennheiser HD 449	over-ear	Headphone.com Legacy
Sennheiser HD 449	over-ear	Innerfidelity
Sennheiser HD 450BT	over-ear	oratory1990
Sennheiser HD 450BT	HMS II.3 over-ear	Rtings
Sennheiser HD 471i	over-ear	Innerfidelity
Sennheiser HD 490 Pro	Bruel & Kjaer 5128 over-ear	Rtings
Sennheiser HD 490 Pro (mixing earpads)	over-ear	Super Review
Sennheiser HD 490 Pro (producing earpads)	over-ear	Super Review
Sennheiser HD 505	over-ear	oratory1990
Sennheiser HD 505	over-ear	Super Review
Sennheiser HD 505 Copper Edition	over-ear	Kuulokenurkka
Sennheiser HD 515	over-ear	oratory1990
Sennheiser HD 518	over-ear	Headphone.com Legacy
Sennheiser HD 518	over-ear	oratory1990
Sennheiser HD 518	HMS II.3 over-ear	Rtings
Sennheiser HD 540 reference-II	over-ear	oratory1990
Sennheiser HD 545 Reference	over-ear	Filk
Sennheiser HD 550	over-ear	oratory1990
Sennheiser HD 550	over-ear	Super Review
Sennheiser HD 555	over-ear	Headphone.com Legacy
Sennheiser HD 555	over-ear	oratory1990
Sennheiser HD 558	over-ear	Auriculares Argentina
Sennheiser HD 558	over-ear	Headphone.com Legacy
Sennheiser HD 559	GRAS 43AG-7 over-ear	crinacle
Sennheiser HD 559	over-ear	oratory1990
Sennheiser HD 560 Ovation II	over-ear	Innerfidelity
Sennheiser HD 560S	over-ear	Auriculares Argentina
Sennheiser HD 560S	GRAS 43AG-7 over-ear	crinacle
Sennheiser HD 560S	over-ear	HypetheSonics
Sennheiser HD 560S	over-ear	Kuulokenurkka
Sennheiser HD 560S	over-ear	oratory1990
Sennheiser HD 560S	Bruel & Kjaer 5128 over-ear	Rtings
Sennheiser HD 560S	over-ear	Super Review
Sennheiser HD 560S (worn earpads)	over-ear	Filk
Sennheiser HD 565 Ovation	over-ear	Innerfidelity
Sennheiser HD 569	over-ear	Innerfidelity
Sennheiser HD 569	over-ear	oratory1990
Sennheiser HD 575	over-ear	Innerfidelity
Sennheiser HD 579	GRAS 43AG-7 over-ear	crinacle
Sennheiser HD 580	over-ear	Innerfidelity
Sennheiser HD 580 (black paper)	GRAS 43AG-7 over-ear	crinacle
Sennheiser HD 580 (black silk)	GRAS 43AG-7 over-ear	crinacle
Sennheiser HD 580 (silver screen)	GRAS 43AG-7 over-ear	crinacle
Sennheiser HD 580 (white paper)	GRAS 43AG-7 over-ear	crinacle
Sennheiser HD 580 precision	over-ear	kr0mka
Sennheiser HD 580 precision	over-ear	Kuulokenurkka
Sennheiser HD 580 precision	over-ear	oratory1990
Sennheiser HD 58X	over-ear	Auriculares Argentina
Sennheiser HD 58X	GRAS 43AG-7 over-ear	crinacle
Sennheiser HD 58X	over-ear	oratory1990
Sennheiser HD 58X	HMS II.3 over-ear	Rtings
Sennheiser HD 58X	over-ear	Super Review
Sennheiser HD 58X (Brainwavz microsuede oval earpads)	over-ear	oratory1990
Sennheiser HD 595	over-ear	Headphone.com Legacy
Sennheiser HD 595	over-ear	Innerfidelity
Sennheiser HD 598	over-ear	Headphone.com Legacy
Sennheiser HD 598	over-ear	Innerfidelity
Sennheiser HD 598	over-ear	oratory1990
Sennheiser HD 598	HMS II.3 over-ear	Rtings
Sennheiser HD 598 CS	over-ear	oratory1990
Sennheiser HD 598 CS	HMS II.3 over-ear	Rtings
Sennheiser HD 599	EARS + 711 over-ear	crinacle
Sennheiser HD 599	GRAS 43AG-7 over-ear	crinacle
Sennheiser HD 599	over-ear	oratory1990
Sennheiser HD 599	HMS II.3 over-ear	Rtings
Sennheiser HD 600	over-ear	Auriculares Argentina
Sennheiser HD 600	GRAS 43AG-7 over-ear	crinacle
Sennheiser HD 600	over-ear	Filk
Sennheiser HD 600	over-ear	Headphone.com Legacy
Sennheiser HD 600	over-ear	Innerfidelity
Sennheiser HD 600	over-ear	oratory1990
Sennheiser HD 600	Bruel & Kjaer 5128 over-ear	Rtings
Sennheiser HD 600	over-ear	Super Review
Sennheiser HD 600 (2020)	GRAS 43AG-7 over-ear	crinacle
Sennheiser HD 600 (2020)	over-ear	Kuulokenurkka
Sennheiser HD 600 (2020, worn earpads)	GRAS 43AG-7 over-ear	crinacle
Sennheiser HD 600 (pre-2020, semi-worn earpads)	GRAS 43AG-7 over-ear	crinacle
Sennheiser HD 600 (pre-2020, worn earpads)	GRAS 43AG-7 over-ear	crinacle
Sennheiser HD 620S	over-ear	Kuulokenurkka
Sennheiser HD 620S	over-ear	oratory1990
Sennheiser HD 620S	Bruel & Kjaer 5128 over-ear	Rtings
Sennheiser HD 630VB	over-ear	oratory1990
Sennheiser HD 650	over-ear	Auriculares Argentina
Sennheiser HD 650	GRAS 43AG-7 over-ear	crinacle
Sennheiser HD 650	over-ear	Headphone.com Legacy
Sennheiser HD 650	over-ear	Innerfidelity
Sennheiser HD 650	over-ear	Kuulokenurkka
Sennheiser HD 650	over-ear	oratory1990
Sennheiser HD 650	HMS II.3 over-ear	Rtings
Sennheiser HD 650 (2020)	GRAS 43AG-7 over-ear	crinacle
Sennheiser HD 650 (2020, worn earpads)	GRAS 43AG-7 over-ear	crinacle
Sennheiser HD 650 (balanced)	over-ear	Headphone.com Legacy
Sennheiser HD 650 (pre-2020, semi-worn earpads)	GRAS 43AG-7 over-ear	crinacle
Sennheiser HD 650 (pre-2020, worn earpads)	GRAS 43AG-7 over-ear	crinacle
Sennheiser HD 660 S	EARS + 711 over-ear	crinacle
Sennheiser HD 660 S	GRAS 43AG-7 over-ear	crinacle
Sennheiser HD 660 S	over-ear	HypetheSonics
Sennheiser HD 660 S	over-ear	Innerfidelity
Sennheiser HD 660 S	over-ear	oratory1990
Sennheiser HD 660 S	HMS II.3 over-ear	Rtings
Sennheiser HD 660 S	over-ear	Super Review
Sennheiser HD 660S (Dekoni Fenestrated Sheepskin Earpads)	over-ear	oratory1990
Sennheiser HD 660S2	over-ear	Filk
Sennheiser HD 660S2	over-ear	Kuulokenurkka
Sennheiser HD 660S2	over-ear	oratory1990
Sennheiser HD 660S2	HMS II.3 over-ear	Rtings
Sennheiser HD 6XX	over-ear	Auriculares Argentina
Sennheiser HD 6XX	over-ear	Innerfidelity
Sennheiser HD 6XX	over-ear	Kuulokenurkka
Sennheiser HD 6XX	over-ear	oratory1990
Sennheiser HD 6XX	HMS II.3 over-ear	Rtings
Sennheiser HD 6XX	over-ear	Super Review
Sennheiser HD 700	over-ear	Headphone.com Legacy
Sennheiser HD 700	over-ear	Innerfidelity
Sennheiser HD 700	over-ear	oratory1990
Sennheiser HD 700	HMS II.3 over-ear	Rtings
Sennheiser HD 700 (Dekoni elite velours earpads)	over-ear	oratory1990
Sennheiser HD 800	GRAS 43AG-7 over-ear	crinacle
Sennheiser HD 800	over-ear	Headphone.com Legacy
Sennheiser HD 800	over-ear	Innerfidelity
Sennheiser HD 800	over-ear	oratory1990
Sennheiser HD 800	over-ear	Super Review
Sennheiser HD 800 (sample 1)	over-ear	Headphone.com Legacy
Sennheiser HD 800 (sample 2)	over-ear	Headphone.com Legacy
Sennheiser HD 800 (SDR mod)	EARS + 711 over-ear	crinacle
Sennheiser HD 800 (SDR mod)	over-ear	Kuulokenurkka
Sennheiser HD 800 (SDR mod)	over-ear	oratory1990
Sennheiser HD 800 (SDR mod, Dekoni fenestrated sheepskin earpads)	over-ear	oratory1990
Sennheiser HD 800 S	over-ear	Auriculares Argentina
Sennheiser HD 800 S	EARS + 711 over-ear	crinacle
Sennheiser HD 800 S	GRAS 43AG-7 over-ear	crinacle
Sennheiser HD 800 S	over-ear	HypetheSonics
Sennheiser HD 800 S	over-ear	Innerfidelity
Sennheiser HD 800 S	over-ear	kr0mka
Sennheiser HD 800 S	over-ear	oratory1990
Sennheiser HD 800 S	Bruel & Kjaer 5128 over-ear	Rtings
Sennheiser HD 800 S (Dekoni fenestrated sheepskin earpads)	over-ear	oratory1990
Sennheiser HD 800 S (sample 1)	over-ear	Innerfidelity
Sennheiser HD 800 S (serial number 01067)	over-ear	Innerfidelity
Sennheiser HD 800 S (serial number 01070)	over-ear	Innerfidelity
Sennheiser HD 800 S (ZMF sheepskin earpads)	over-ear	oratory1990
Sennheiser HD 820	EARS + 711 over-ear	crinacle
Sennheiser HD 820	GRAS 43AG-7 over-ear	crinacle
Sennheiser HD 820	over-ear	HypetheSonics
Sennheiser HD 820	over-ear	oratory1990
Sennheiser HD 820	HMS II.3 over-ear	Rtings
Sennheiser HD 820	over-ear	Super Review
Sennheiser HD 8XX	GRAS 43AG-7 over-ear	crinacle
Sennheiser HD 8XX	over-ear	oratory1990
Sennheiser HD 8XX	HMS II.3 over-ear	Rtings
Sennheiser HD R 130	over-ear	Headphone.com Legacy
Sennheiser HD1 In-Ear	HMS II.3 in-ear	Rtings
Sennheiser HD1 In-Ear Wireless	HMS II.3 in-ear	Rtings
Sennheiser HD1 On-Ear	HMS II.3 over-ear	Rtings
Sennheiser HD1 Over-Ear	HMS II.3 over-ear	Rtings
Sennheiser HD1 Wireless	HMS II.3 over-ear	Rtings
Sennheiser HD25-1 II	over-ear	oratory1990
Sennheiser HD25-1 II (bad seal)	over-ear	oratory1990
Sennheiser HD490 Pro (mixing earpads)	over-ear	Filk
Sennheiser HD490 Pro (mixing earpads)	over-ear	kr0mka
Sennheiser HD490 Pro (mixing earpads)	over-ear	oratory1990
Sennheiser HD490 Pro (producing earpads)	over-ear	Filk
Sennheiser HD490 Pro (producing earpads)	over-ear	kr0mka
Sennheiser HD490 Pro (producing earpads)	over-ear	oratory1990
Sennheiser HD600 (2020)	GRAS 43AG-7 over-ear	crinacle
Sennheiser HD800	GRAS 43AG-7 over-ear	crinacle
Sennheiser HD800 (SDR mod)	GRAS 43AG-7 over-ear	crinacle
Sennheiser HE 1 Orpheus 2	GRAS 43AG-7 over-ear	crinacle
Sennheiser HE 1 Orpheus 2	over-ear	oratory1990
Sennheiser HE 1 Orpheus 2 (semi-worn earpads)	GRAS 43AG-7 over-ear	crinacle
Sennheiser HE 60	over-ear	Innerfidelity
Sennheiser HE 90 Orpheus	over-ear	oratory1990
Sennheiser IE 200	in-ear	Bakkwatan
Sennheiser IE 200	Bruel & Kjaer 4620 in-ear	crinacle
Sennheiser IE 200	in-ear	Fahryst
Sennheiser IE 200	in-ear	Jaytiss
Sennheiser IE 200	in-ear	oratory1990
Sennheiser IE 200	Bruel & Kjaer 5128 in-ear	Rtings
Sennheiser IE 200 (AZLA Max eartips)	in-ear	Super Review
Sennheiser IE 200 (JVC Spiral Dot++ eartips)	in-ear	Super Review
Sennheiser IE 200 (long nozzle)	711 in-ear	crinacle
Sennheiser IE 200 (long nozzle)	Bruel & Kjaer 4620 in-ear	crinacle
Sennheiser IE 200 (long nozzle)	in-ear	freeryder05
Sennheiser IE 200 (long nozzle)	in-ear	Kazi
Sennheiser IE 200 (long nozzle)	in-ear	Super Review
Sennheiser IE 200 (short nozzle)	711 in-ear	crinacle
Sennheiser IE 200 (short nozzle)	in-ear	freeryder05
Sennheiser IE 200 (short nozzle)	in-ear	Kazi
Sennheiser IE 200 (short nozzle)	in-ear	Super Review
Sennheiser IE 200 (SoftEars UC eartips)	in-ear	Super Review
Sennheiser IE 300	711 in-ear	crinacle
Sennheiser IE 300	Bruel & Kjaer 4620 in-ear	crinacle
Sennheiser IE 300	GRAS RA0045 in-ear	HypetheSonics
Sennheiser IE 300	in-ear	Kazi
Sennheiser IE 300	in-ear	Super Review
Sennheiser IE 300 (AZLA Sedna Light eartips)	in-ear	Super Review
Sennheiser IE 300 (Final Audio Type E eartips)	in-ear	Super Review
Sennheiser IE 4	in-ear	oratory1990
Sennheiser IE 40 Pro	711 in-ear	crinacle
Sennheiser IE 40 Pro	in-ear	oratory1990
Sennheiser IE 40 Pro	HMS II.3 in-ear	Rtings
Sennheiser IE 40 Pro	in-ear	Super Review
Sennheiser IE 400 Pro	711 in-ear	crinacle
Sennheiser IE 400 Pro	in-ear	oratory1990
Sennheiser IE 500 Pro	711 in-ear	crinacle
Sennheiser IE 6	in-ear	Innerfidelity
Sennheiser IE 600	711 in-ear	crinacle
Sennheiser IE 600	in-ear	Fahryst
Sennheiser IE 600	in-ear	freeryder05
Sennheiser IE 600	in-ear	Jaytiss
Sennheiser IE 600	in-ear	Kazi
Sennheiser IE 600	in-ear	oratory1990
Sennheiser IE 600 (AZLA Sedna eartips)	in-ear	Super Review
Sennheiser IE 600 (Final Audio Type E eartips)	in-ear	Super Review
Sennheiser IE 600 (foam eartips)	GRAS RA0045 in-ear	HypetheSonics
Sennheiser IE 600 (foam eartips)	in-ear	Super Review
Sennheiser IE 600 (Moondrop Spring eartips)	in-ear	Super Review
Sennheiser IE 600 (silicone eartips)	GRAS RA0045 in-ear	HypetheSonics
Sennheiser IE 600 (silicone eartips)	in-ear	Super Review
Sennheiser IE 600 (Spinfit eartips)	in-ear	Super Review
Sennheiser IE 8	in-ear	Headphone.com Legacy
Sennheiser IE 80 (half)	711 in-ear	crinacle
Sennheiser IE 80 (max)	711 in-ear	crinacle
Sennheiser IE 80 (min)	711 in-ear	crinacle
Sennheiser IE 80 S	in-ear	oratory1990
Sennheiser IE 80 S (half)	711 in-ear	crinacle
Sennheiser IE 80 S (max)	711 in-ear	crinacle
Sennheiser IE 80 S (min)	711 in-ear	crinacle
Sennheiser IE 800	711 in-ear	crinacle
Sennheiser IE 800	in-ear	Innerfidelity
Sennheiser IE 800	in-ear	oratory1990
Sennheiser IE 800 (sample A)	in-ear	Innerfidelity
Sennheiser IE 800 (sample B)	in-ear	Innerfidelity
Sennheiser IE 800 (sample C)	in-ear	Innerfidelity
Sennheiser IE 800 S	711 in-ear	crinacle
Sennheiser IE 800 S	GRAS RA0045 in-ear	HypetheSonics
Sennheiser IE 800 S	in-ear	oratory1990
Sennheiser IE 900	711 in-ear	crinacle
Sennheiser IE 900	in-ear	freeryder05
Sennheiser IE 900	in-ear	Kazi
Sennheiser IE 900	in-ear	oratory1990
Sennheiser IE 900	in-ear	Super Review
Sennheiser IE 900 (Final Audio Type E eartips)	in-ear	Super Review
Sennheiser IE 900 (foam eartips)	GRAS RA0045 in-ear	HypetheSonics
Sennheiser IE 900 (silicone eartips)	GRAS RA0045 in-ear	HypetheSonics
Sennheiser MM 50 iP	in-ear	Headphone.com Legacy
Sennheiser MM 550	over-ear	Headphone.com Legacy
Sennheiser Momentum	over-ear	Headphone.com Legacy
Sennheiser Momentum	over-ear	Innerfidelity
Sennheiser Momentum 2.0	over-ear	Innerfidelity
Sennheiser Momentum 2.0 (wired, active)	over-ear	Innerfidelity
Sennheiser Momentum 2.0 (wired, passive)	over-ear	Innerfidelity
Sennheiser Momentum 2.0 (wireless)	over-ear	Innerfidelity
Sennheiser Momentum 2.0 (wireless)	over-ear	oratory1990
Sennheiser Momentum 2.0 Wireless	GRAS 43AG-7 over-ear	crinacle
Sennheiser Momentum 3 Wireless	GRAS 43AG-7 over-ear	crinacle
Sennheiser Momentum 3 Wireless	over-ear	oratory1990
Sennheiser Momentum 3 Wireless	HMS II.3 over-ear	Rtings
Sennheiser Momentum 4 Wireless	GRAS 43AG-7 over-ear	crinacle
Sennheiser Momentum 4 Wireless	over-ear	Kuulokenurkka
Sennheiser Momentum 4 Wireless	over-ear	oratory1990
Sennheiser Momentum 4 Wireless	Bruel & Kjaer 5128 over-ear	Rtings
Sennheiser Momentum 4 Wireless (passive)	GRAS 43AG-7 over-ear	crinacle
Sennheiser Momentum 4 Wireless (passive)	over-ear	Kuulokenurkka
Sennheiser Momentum In-Ear	711 in-ear	crinacle
Sennheiser Momentum In-Ear	in-ear	Innerfidelity
Sennheiser Momentum In-Ear	in-ear	oratory1990
Sennheiser Momentum On-Ear	over-ear	Headphone.com Legacy
Sennheiser Momentum On-Ear	over-ear	Innerfidelity
Sennheiser MOMENTUM Sport	Bruel & Kjaer 5128 in-ear	Rtings
Sennheiser Momentum True Wireless	711 in-ear	crinacle
Sennheiser Momentum True Wireless	in-ear	oratory1990
Sennheiser Momentum True Wireless	HMS II.3 in-ear	Rtings
Sennheiser Momentum True Wireless 2	711 in-ear	crinacle
Sennheiser Momentum True Wireless 2	GRAS RA0045 in-ear	HypetheSonics
Sennheiser Momentum True Wireless 2	in-ear	oratory1990
Sennheiser Momentum True Wireless 2	HMS II.3 in-ear	Rtings
Sennheiser Momentum True Wireless 2	in-ear	Super Review
Sennheiser Momentum True Wireless 3	711 in-ear	crinacle
Sennheiser Momentum True Wireless 3	GRAS RA0045 in-ear	HypetheSonics
Sennheiser Momentum True Wireless 3	in-ear	oratory1990
Sennheiser Momentum True Wireless 3	HMS II.3 in-ear	Rtings
Sennheiser Momentum True Wireless 3	in-ear	Super Review
Sennheiser Momentum True Wireless 3 (ANC off)	in-ear	DHRME
Sennheiser Momentum True Wireless 3 (ANC on)	in-ear	DHRME
Sennheiser MOMENTUM True Wireless 4	in-ear	oratory1990
Sennheiser MOMENTUM True Wireless 4	Bruel & Kjaer 5128 in-ear	Rtings
Sennheiser Momentum True Wireless 4 (ANC Off)	in-ear	DHRME
Sennheiser Momentum True Wireless 4 (ANC On)	in-ear	DHRME
Sennheiser Momentum Wireless (wired, active)	over-ear	Innerfidelity
Sennheiser Momentum Wireless (wired, passive)	over-ear	Innerfidelity
Sennheiser Momentum Wireless (wireless)	over-ear	Innerfidelity
Sennheiser MX 560	earbud	Headphone.com Legacy
Sennheiser MX 560	earbud	Innerfidelity
Sennheiser MX 680	earbud	Innerfidelity
Sennheiser OCX 685	in-ear	oratory1990
Sennheiser OMX 680	earbud	Headphone.com Legacy
Sennheiser PC 373D	over-ear	oratory1990
Sennheiser PC37X	over-ear	oratory1990
Sennheiser PC38X	GRAS 43AG-7 over-ear	crinacle
Sennheiser PC38X	over-ear	oratory1990
Sennheiser PC38X	Bruel & Kjaer 5128 over-ear	Rtings
Sennheiser PC38X (velour earpads)	over-ear	Filk
Sennheiser PC38X (velour earpads)	over-ear	oratory1990
Sennheiser PMX 100	over-ear	Headphone.com Legacy
Sennheiser PMX 680	earbud	Headphone.com Legacy
Sennheiser PX 100	over-ear	Innerfidelity
Sennheiser PX 100 II	over-ear	Headphone.com Legacy
Sennheiser PX 100 II	over-ear	oratory1990
Sennheiser PX 100-IIi	over-ear	Innerfidelity
Sennheiser PX 200	over-ear	Headphone.com Legacy
Sennheiser PX 200	over-ear	Innerfidelity
Sennheiser PX 200 II	over-ear	Headphone.com Legacy
Sennheiser PX 200-IIi	over-ear	Innerfidelity
Sennheiser PX 360	over-ear	Headphone.com Legacy
Sennheiser PX 360	over-ear	Innerfidelity
Sennheiser PXC 150	over-ear	Headphone.com Legacy
Sennheiser PXC 250 II	HMS II.3 over-ear	Rtings
Sennheiser PXC 300	over-ear	Headphone.com Legacy
Sennheiser PXC 350	over-ear	Headphone.com Legacy
Sennheiser PXC 450	over-ear	Headphone.com Legacy
Sennheiser PXC 550 Wireless	HMS II.3 over-ear	Rtings
Sennheiser PXC 550 Wireless (wired, ANC on)	over-ear	Innerfidelity
Sennheiser PXC 550 Wireless (wired, power on)	over-ear	Innerfidelity
Sennheiser PXC 550 Wireless (wireless, ANC on)	over-ear	Innerfidelity
Sennheiser PXC 550-II Wireless	over-ear	oratory1990
Sennheiser PXC 550-II Wireless	HMS II.3 over-ear	Rtings
Sennheiser RS 130	over-ear	Headphone.com Legacy
Sennheiser RS 160	over-ear	Headphone.com Legacy
Sennheiser RS 165	HMS II.3 over-ear	Rtings
Sennheiser RS 170	over-ear	Headphone.com Legacy
Sennheiser RS 175	over-ear	Filk
Sennheiser RS 175	HMS II.3 over-ear	Rtings
Sennheiser RS 180	over-ear	Headphone.com Legacy
Sennheiser RS 185	HMS II.3 over-ear	Rtings
Sennheiser RS 195	HMS II.3 over-ear	Rtings
Sennheiser RS 220	over-ear	Headphone.com Legacy
Sennheiser RS 220	over-ear	Innerfidelity
Sennheiser SC 160 USB-C	HMS II.3 over-ear	Rtings
Sennheiser Urbanite	over-ear	Innerfidelity
Sennheiser Urbanite XL	over-ear	Innerfidelity
SENSO ActivBuds S-250	HMS II.3 in-ear	Rtings
SGOR Venus	in-ear	Fahryst
Shanling ME100	711 in-ear	crinacle
Shanling ME100	Bruel & Kjaer 4620 in-ear	crinacle
Shanling ME200	711 in-ear	crinacle
Shanling ME500	711 in-ear	crinacle
Shanling ME600 (black nozzle)	in-ear	ToneDeafMonk
Shanling ME600 (clear nozzle)	in-ear	ToneDeafMonk
Shanling ME600 (red nozzle)	in-ear	ToneDeafMonk
Shanling ME700	711 in-ear	crinacle
Shanling ME700 Lite	711 in-ear	crinacle
Shanling ME700 Lite	Bruel & Kjaer 4620 in-ear	crinacle
Shanling ME700 Lite	in-ear	Super Review
Shanling ME800 (off-off)	711 in-ear	crinacle
Shanling ME800 (off-off)	Bruel & Kjaer 4620 in-ear	crinacle
Shanling ME800 (off-on)	711 in-ear	crinacle
Shanling ME800 (off-on)	Bruel & Kjaer 4620 in-ear	crinacle
Shanling ME800 (on-off)	711 in-ear	crinacle
Shanling ME800 (on-off)	Bruel & Kjaer 4620 in-ear	crinacle
Shanling ME800 (on-on)	711 in-ear	crinacle
Shanling ME800 (on-on)	Bruel & Kjaer 4620 in-ear	crinacle
Shanling MG100 (red nozzle)	in-ear	Harpo
Shanling MG100 (silver nozzle)	in-ear	Harpo
Shanling MG600	711 in-ear	crinacle
Shanling MG600	Bruel & Kjaer 4620 in-ear	crinacle
Shanling MTW200	711 in-ear	crinacle
Shanling Sono	in-ear	Harpo
Shanling Sono (black nozzle)	in-ear	Harpo
Shanling TINO (analog cable)	in-ear	ToneDeafMonk
Shanling TINO (USB cable)	in-ear	ToneDeafMonk
Shokz OpenFit	HMS II.3 in-ear	Rtings
Shokz OpenFit Air	Bruel & Kjaer 5128 earbud	Rtings
Shokz OpenFit Air (ANC off)	earbud	Regan Cipher
Shokz OpenRun	HMS II.3 earbud	Rtings
Shokz OpenRun Pro	HMS II.3 earbud	Rtings
Shokz OpenRun Pro 2 Bone Conduction	Bruel & Kjaer 5128 earbud	Rtings
Shortbus Audio Fat Earth	in-ear	Jaytiss
Shortbus Audio Glamdring	in-ear	Jaytiss
Shozy & Neo BG	Bruel & Kjaer 4620 in-ear	crinacle
Shozy & Neo BG	in-ear	Hi End Portable
Shozy & Neo CP	711 in-ear	crinacle
Shozy & Neo CP	in-ear	Super Review
Shozy B2	711 in-ear	crinacle
Shozy BG	711 in-ear	crinacle
Shozy BG Blue Limited Edition	711 in-ear	crinacle
Shozy Black Hole	711 in-ear	crinacle
Shozy Black Hole Mini	711 in-ear	crinacle
Shozy Black Hole Mini	Bruel & Kjaer 4620 in-ear	crinacle
Shozy Ceres	711 in-ear	crinacle
Shozy Cygnus	earbud	HypetheSonics
Shozy Elsa	711 in-ear	crinacle
Shozy Form 1.1	711 in-ear	crinacle
Shozy Form 1.1	in-ear	Harpo
Shozy Form 1.1	in-ear	RikudouGoku
Shozy Magma	in-ear	Harpo
Shozy P20	in-ear	Hi End Portable
Shozy P20	in-ear	Jaytiss
Shozy Rouge	711 in-ear	crinacle
Shozy Rouge	in-ear	Super Review
Shozy Stardust (bK)	earbud	HypetheSonics
Shozy T1	in-ear	Fahryst
Shozy V33	711 in-ear	crinacle
Shozy V33	in-ear	Fahryst
Shozy V33	in-ear	Hi End Portable
Shozy x AAW Hibiki	711 in-ear	crinacle
Shozy x AAW Hibiki	Bruel & Kjaer 5128 in-ear	HypetheSonics
Shozy x AAW Hibiki SE	711 in-ear	crinacle
Shozy x AAW Pola	711 in-ear	crinacle
Shozy x AAW POLA39	Bruel & Kjaer 5128 in-ear	HypetheSonics
Shuoer Aoshida E20 (narrow bore eartips)	in-ear	kr0mka
Shuoer Aoshida E20 (wide bore eartips)	in-ear	kr0mka
Shuoer Cadenza	in-ear	Super Review
Shuoer Cadenza 12	GRAS RA0045 in-ear	HypetheSonics
Shuoer Cadenza 12	in-ear	kr0mka
Shuoer Cadenza 12	in-ear	Super Review
Shuoer Cadenza 12	in-ear	ToneDeafMonk
Shuoer Cadenza 12 2024	in-ear	Jaytiss
Shuoer Cadenza 12 2025 Edition	in-ear	ToneDeafMonk
Shuoer Cadenza 4	in-ear	Hi End Portable
Shuoer Cadenza 4	in-ear	Jaytiss
Shuoer Cadenza 4	in-ear	Super Review
Shuoer Cadenza 4	in-ear	ToneDeafMonk
Shuoer Conductor	in-ear	ToneDeafMonk
Shuoer D13 (gold nozzle)	711 in-ear	crinacle
Shuoer D13 (gold nozzle)	in-ear	Harpo
Shuoer D13 (gold nozzle)	in-ear	Hi End Portable
Shuoer D13 (gold nozzle)	in-ear	Super Review
Shuoer D13 (silver nozzle)	711 in-ear	crinacle
Shuoer D13 (silver nozzle)	in-ear	Harpo
Shuoer D13 (silver nozzle)	in-ear	Hi End Portable
Shuoer D13 (silver nozzle)	in-ear	Super Review
Shuoer Dx1	in-ear	Jaytiss
Shuoer Dx1	in-ear	Kazi
Shuoer Dx1	in-ear	Super Review
Shuoer Dx1	in-ear	ToneDeafMonk
Shuoer DZ4	in-ear	Fahryst
Shuoer DZ4	in-ear	Hi End Portable
Shuoer DZ4	in-ear	Super Review
Shuoer DZ4	in-ear	ToneDeafMonk
Shuoer EJ07	711 in-ear	crinacle
Shuoer EJ07	in-ear	Harpo
Shuoer EJ07	in-ear	Jaytiss
Shuoer EJ07	in-ear	ToneDeafMonk
Shuoer EJ07M	711 in-ear	crinacle
Shuoer EJ07M	Bruel & Kjaer 4620 in-ear	crinacle
Shuoer EJ07M	in-ear	Harpo
Shuoer EJ07M	in-ear	kr0mka
Shuoer EJ07M	in-ear	RikudouGoku
Shuoer EJ07M	in-ear	Super Review
Shuoer EJ07M	in-ear	ToneDeafMonk
Shuoer EJ07M (CIEM)	in-ear	kr0mka
Shuoer EJ07M Kinda Lava Edition	in-ear	Bakkwatan
Shuoer EJ07M Kinda Lava Edition	711 in-ear	crinacle
Shuoer EJ07M Kinda Lava Edition	in-ear	Harpo
Shuoer EJ07M Kinda Lava Edition	in-ear	Kazi
Shuoer EJ07M Kinda Lava Edition	in-ear	Super Review
Shuoer EJ09	in-ear	ToneDeafMonk
Shuoer Galileo	in-ear	Bakkwatan
Shuoer Galileo	Bruel & Kjaer 4620 in-ear	crinacle
Shuoer Galileo	in-ear	Fahryst
Shuoer Galileo	in-ear	Super Review
Shuoer Galileo	in-ear	ToneDeafMonk
Shuoer H27	Bruel & Kjaer 4620 in-ear	crinacle
Shuoer Mystic 8	in-ear	Hi End Portable
Shuoer Mystic 8	in-ear	Jaytiss
Shuoer Mystic 8	in-ear	Kazi
Shuoer Mystic 8	in-ear	ToneDeafMonk
Shuoer Mystic 8 (black eartips)	in-ear	Super Review
Shuoer Mystic 8 (clear eartips)	in-ear	Super Review
Shuoer Mystic 8 (wide eartips)	in-ear	Super Review
Shuoer S08	in-ear	Fahryst
Shuoer S08	in-ear	Hi End Portable
Shuoer S08	in-ear	Jaytiss
Shuoer S08	in-ear	Super Review
Shuoer S08	in-ear	ToneDeafMonk
Shuoer S12	711 in-ear	crinacle
Shuoer S12	in-ear	Fahryst
Shuoer S12	in-ear	Harpo
Shuoer S12	in-ear	Hi End Portable
Shuoer S12	in-ear	oratory1990
Shuoer S12	in-ear	Super Review
Shuoer S12	in-ear	ToneDeafMonk
Shuoer S12 2024	in-ear	Hi End Portable
Shuoer S12 2024	in-ear	Jaytiss
Shuoer S12 2024 Special Edition	in-ear	ToneDeafMonk
Shuoer S12 Pro	Bruel & Kjaer 4620 in-ear	crinacle
Shuoer S12 Pro	in-ear	Hi End Portable
Shuoer S12 Pro	in-ear	Jaytiss
Shuoer S12 Pro	in-ear	Kazi
Shuoer S12 Pro	in-ear	oratory1990
Shuoer S15	in-ear	Hi End Portable
Shuoer S15	in-ear	Jaytiss
Shuoer S15	in-ear	Super Review
Shuoer Singer	in-ear	Super Review
Shuoer Soloist	in-ear	ToneDeafMonk
Shuoer Tape	711 in-ear	crinacle
Shuoer Tape	in-ear	oratory1990
Shuoer Tape	in-ear	RikudouGoku
Shuoer Tape Pro	711 in-ear	crinacle
Shuoer Tape Pro	Bruel & Kjaer 4620 in-ear	crinacle
Shuoer Tape Pro	in-ear	RikudouGoku
Shure Aonic 3	711 in-ear	crinacle
Shure Aonic 4	711 in-ear	crinacle
Shure Aonic 5 (bright filter)	711 in-ear	crinacle
Shure Aonic 5 (default filter)	711 in-ear	crinacle
Shure Aonic 5 (warm filter)	711 in-ear	crinacle
Shure AONIC 50	GRAS 43AG-7 over-ear	crinacle
Shure AONIC 50	over-ear	oratory1990
Shure AONIC 50	HMS II.3 over-ear	Rtings
Shure AONIC 50	over-ear	Super Review
Shure AONIC 50 Gen 2	HMS II.3 over-ear	Rtings
Shure KSE1200	711 in-ear	crinacle
Shure KSE1200	in-ear	oratory1990
Shure KSE1500	Bruel & Kjaer 5128 in-ear	HypetheSonics
Shure KSE1500	in-ear	oratory1990
Shure SE110	in-ear	Headphone.com Legacy
Shure SE112	in-ear	oratory1990
Shure SE210	in-ear	Headphone.com Legacy
Shure SE215	711 in-ear	crinacle
Shure SE215	in-ear	Headphone.com Legacy
Shure SE215	in-ear	Innerfidelity
Shure SE215	in-ear	oratory1990
Shure SE215	HMS II.3 in-ear	Rtings
Shure SE215	in-ear	Super Review
Shure SE215 Ltd	711 in-ear	crinacle
Shure SE310	in-ear	Headphone.com Legacy
Shure SE315	711 in-ear	crinacle
Shure SE315	in-ear	Headphone.com Legacy
Shure SE315	in-ear	Innerfidelity
Shure SE315	HMS II.3 in-ear	Rtings
Shure SE420	in-ear	Headphone.com Legacy
Shure SE425	711 in-ear	crinacle
Shure SE425	in-ear	Headphone.com Legacy
Shure SE425	in-ear	Innerfidelity
Shure SE425	HMS II.3 in-ear	Rtings
Shure SE530	in-ear	Headphone.com Legacy
Shure SE530	in-ear	Innerfidelity
Shure SE535	711 in-ear	crinacle
Shure SE535	in-ear	Headphone.com Legacy
Shure SE535	in-ear	Innerfidelity
Shure SE535	in-ear	oratory1990
Shure SE846	in-ear	oratory1990
Shure SE846 (black)	711 in-ear	crinacle
Shure SE846 (black)	in-ear	Headphone.com Legacy
Shure SE846 (black)	in-ear	Innerfidelity
Shure SE846 (blue)	711 in-ear	crinacle
Shure SE846 (blue)	in-ear	Headphone.com Legacy
Shure SE846 (blue)	in-ear	Innerfidelity
Shure SE846 (white)	711 in-ear	crinacle
Shure SE846 (white)	in-ear	Headphone.com Legacy
Shure SE846 (white)	in-ear	Innerfidelity
Shure SE846 (white)	in-ear	oratory1990
Shure SRH1440	over-ear	Headphone.com Legacy
Shure SRH1440	over-ear	Innerfidelity
Shure SRH1540	GRAS 43AG-7 over-ear	crinacle
Shure SRH1540	over-ear	Headphone.com Legacy
Shure SRH1540	over-ear	Innerfidelity
Shure SRH1540	over-ear	oratory1990
Shure SRH1840	over-ear	Auriculares Argentina
Shure SRH1840	over-ear	Headphone.com Legacy
Shure SRH1840	over-ear	Innerfidelity
Shure SRH1840	over-ear	oratory1990
Shure SRH240	over-ear	Headphone.com Legacy
Shure SRH240	HMS II.3 over-ear	Rtings
Shure SRH240A	GRAS 43AG-7 over-ear	crinacle
Shure SRH440	over-ear	Auriculares Argentina
Shure SRH440	GRAS 43AG-7 over-ear	crinacle
Shure SRH440	over-ear	Filk
Shure SRH440	over-ear	Headphone.com Legacy
Shure SRH440	over-ear	Innerfidelity
Shure SRH440	over-ear	oratory1990
Shure SRH440	HMS II.3 over-ear	Rtings
Shure SRH440A	over-ear	oratory1990
Shure SRH750DJ	over-ear	Headphone.com Legacy
Shure SRH750DJ	over-ear	Innerfidelity
Shure SRH840	GRAS 43AG-7 over-ear	crinacle
Shure SRH840	over-ear	Headphone.com Legacy
Shure SRH840	over-ear	Innerfidelity
Shure SRH840	over-ear	oratory1990
Shure SRH840A	over-ear	oratory1990
Shure SRH940	over-ear	Headphone.com Legacy
Shure SRH940	over-ear	Innerfidelity
Signature Acoustics Elements C12	in-ear	Innerfidelity
Silver Monkey Arago	over-ear	Filk
Simgot Audio EA1000 (black nozzle)	711 in-ear	crinacle
Simgot Audio EA1000 (black nozzle)	in-ear	Hi End Portable
Simgot Audio EA1000 (black nozzle)	in-ear	Jaytiss
Simgot Audio EA1000 (black nozzle)	in-ear	Kazi
Simgot Audio EA1000 (black nozzle)	in-ear	RikudouGoku
Simgot Audio EA1000 (black nozzle)	in-ear	Super Review
Simgot Audio EA1000 (black nozzle)	in-ear	ToneDeafMonk
Simgot Audio EA1000 (blue nozzle)	in-ear	Regan Cipher
Simgot Audio EA1000 (gold nozzle)	in-ear	Fahryst
Simgot Audio EA1000 (gold nozzle)	in-ear	Hi End Portable
Simgot Audio EA1000 (gold nozzle)	in-ear	Jaytiss
Simgot Audio EA1000 (gold nozzle)	in-ear	Kazi
Simgot Audio EA1000 (gold nozzle)	in-ear	Regan Cipher
Simgot Audio EA1000 (gold nozzle)	in-ear	RikudouGoku
Simgot Audio EA1000 (gold nozzle)	in-ear	ToneDeafMonk
Simgot Audio EA1000 (red nozzle)	711 in-ear	crinacle
Simgot Audio EA1000 (red nozzle)	in-ear	Hi End Portable
Simgot Audio EA1000 (red nozzle)	in-ear	Jaytiss
Simgot Audio EA1000 (red nozzle)	in-ear	Kazi
Simgot Audio EA1000 (red nozzle)	in-ear	Regan Cipher
Simgot Audio EA1000 (red nozzle)	in-ear	RikudouGoku
Simgot Audio EA1000 (red nozzle)	in-ear	Super Review
Simgot Audio EA1000 (red nozzle)	in-ear	ToneDeafMonk
Simgot Audio EA1000 (silver black nozzle)	in-ear	Fahryst
Simgot Audio EA1000 (silver red nozzle)	in-ear	Fahryst
Simgot Audio EA1000 (white nozzle)	711 in-ear	crinacle
Simgot Audio EA1000 (white nozzle)	in-ear	Super Review
Simgot Audio EA500	in-ear	Harpo
Simgot Audio EA500 (black nozzle)	in-ear	Auriculares Argentina
Simgot Audio EA500 (black nozzle)	711 in-ear	crinacle
Simgot Audio EA500 (black nozzle)	in-ear	Fahryst
Simgot Audio EA500 (black nozzle)	in-ear	Hi End Portable
Simgot Audio EA500 (black nozzle)	in-ear	Kazi
Simgot Audio EA500 (black nozzle)	in-ear	RikudouGoku
Simgot Audio EA500 (black nozzle)	in-ear	Super Review
Simgot Audio EA500 (Moondrop Kato brass nozzle)	in-ear	Fahryst
Simgot Audio EA500 (Moondrop Kato steel nozzle)	in-ear	Fahryst
Simgot Audio EA500 (red nozzle)	711 in-ear	crinacle
Simgot Audio EA500 (red nozzle)	in-ear	Fahryst
Simgot Audio EA500 (red nozzle)	in-ear	Hi End Portable
Simgot Audio EA500 (red nozzle)	in-ear	Kazi
Simgot Audio EA500 (red nozzle)	in-ear	RikudouGoku
Simgot Audio EA500 (red nozzle)	in-ear	Super Review
Simgot Audio EA500 (red nozzle)	in-ear	ToneDeafMonk
Simgot Audio EA500LM	in-ear	Jaytiss
Simgot Audio EA500LM (black nozzle)	711 in-ear	crinacle
Simgot Audio EA500LM (black nozzle)	in-ear	Fahryst
Simgot Audio EA500LM (black nozzle)	in-ear	Harpo
Simgot Audio EA500LM (black nozzle)	in-ear	Hi End Portable
Simgot Audio EA500LM (black nozzle)	in-ear	Kazi
Simgot Audio EA500LM (black nozzle)	in-ear	Regan Cipher
Simgot Audio EA500LM (black nozzle)	in-ear	RikudouGoku
Simgot Audio EA500LM (black nozzle)	in-ear	ToneDeafMonk
Simgot Audio EA500LM (bronze nozzle)	in-ear	Harpo
Simgot Audio EA500LM (gold nozzle)	in-ear	Fahryst
Simgot Audio EA500LM (gold nozzle)	in-ear	Hi End Portable
Simgot Audio EA500LM (gold nozzle)	in-ear	Kazi
Simgot Audio EA500LM (gold nozzle)	in-ear	Regan Cipher
Simgot Audio EA500LM (gold nozzle)	in-ear	RikudouGoku
Simgot Audio EA500LM (gold nozzle)	in-ear	Super Review
Simgot Audio EA500LM (red nozzle)	711 in-ear	crinacle
Simgot Audio EA500LM (red nozzle)	in-ear	Fahryst
Simgot Audio EA500LM (red nozzle)	in-ear	Harpo
Simgot Audio EA500LM (red nozzle)	in-ear	Hi End Portable
Simgot Audio EA500LM (red nozzle)	in-ear	Kazi
Simgot Audio EA500LM (red nozzle)	in-ear	Regan Cipher
Simgot Audio EA500LM (red nozzle)	in-ear	RikudouGoku
Simgot Audio EA500LM (red nozzle)	in-ear	ToneDeafMonk
Simgot Audio EK3 (off-off)	711 in-ear	crinacle
Simgot Audio EK3 (off-on)	711 in-ear	crinacle
Simgot Audio EK3 (on-off)	711 in-ear	crinacle
Simgot Audio EK3 (on-on)	711 in-ear	crinacle
Simgot Audio EM10	in-ear	Jaytiss
Simgot Audio EM10	in-ear	Kazi
Simgot Audio EM10	in-ear	ToneDeafMonk
Simgot Audio EM2	711 in-ear	crinacle
Simgot Audio EM5	711 in-ear	crinacle
Simgot Audio EM5H	711 in-ear	crinacle
Simgot Audio EM6L	in-ear	Auriculares Argentina
Simgot Audio EM6L	711 in-ear	crinacle
Simgot Audio EM6L	in-ear	Fahryst
Simgot Audio EM6L	in-ear	Harpo
Simgot Audio EM6L	in-ear	Hi End Portable
Simgot Audio EM6L	in-ear	Jaytiss
Simgot Audio EM6L	in-ear	Kazi
Simgot Audio EM6L	in-ear	Regan Cipher
Simgot Audio EM6L	in-ear	RikudouGoku
Simgot Audio EM6L	in-ear	Super Review
Simgot Audio EM6L	in-ear	ToneDeafMonk
Simgot Audio EN1000 (black plug)	in-ear	Kazi
Simgot Audio EN1000 (blue plug)	in-ear	Kazi
Simgot Audio EN1000 (red plug)	in-ear	Kazi
Simgot Audio EN700	711 in-ear	crinacle
Simgot Audio EN700 Pro	711 in-ear	crinacle
Simgot Audio EN700 Pro	GRAS RA0045 in-ear	HypetheSonics
Simgot Audio EN700 Pro	in-ear	Super Review
Simgot Audio EP5	over-ear	Super Review
Simgot Audio ET 142 (short black nozzle)	in-ear	Jaytiss
Simgot Audio ET142 (black circle nozzle)	in-ear	Hi End Portable
Simgot Audio ET142 (black circle nozzle)	in-ear	Kazi
Simgot Audio ET142 (blazed titanium transparent nozzle)	in-ear	Hi End Portable
Simgot Audio ET142 (blazed titanium transparent nozzle)	in-ear	Kazi
Simgot Audio ET142 (red circle nozzle)	in-ear	Hi End Portable
Simgot Audio ET142 (red circle nozzle)	in-ear	Jaytiss
Simgot Audio ET142 (red circle nozzle)	in-ear	Kazi
Simgot Audio ET142 (yellow ring nozzle)	in-ear	Hi End Portable
Simgot Audio EW100	in-ear	Kazi
Simgot Audio EW100P	711 in-ear	crinacle
Simgot Audio EW100P	in-ear	Harpo
Simgot Audio EW100P	in-ear	Hi End Portable
Simgot Audio EW100P	in-ear	Kazi
Simgot Audio EW100P	in-ear	oratory1990
Simgot Audio EW100P	in-ear	ToneDeafMonk
Simgot Audio EW200	711 in-ear	crinacle
Simgot Audio EW200	in-ear	Fahryst
Simgot Audio EW200	in-ear	Harpo
Simgot Audio EW200	in-ear	Hi End Portable
Simgot Audio EW200	in-ear	Jaytiss
Simgot Audio EW200	in-ear	Kazi
Simgot Audio EW200	in-ear	Regan Cipher
Simgot Audio EW200	in-ear	RikudouGoku
Simgot Audio EW200	in-ear	ToneDeafMonk
Simgot Audio EW300	in-ear	Kazi
Simgot Audio EW300 (gold)	in-ear	Fahryst
Simgot Audio EW300 (gold)	in-ear	Filk
Simgot Audio EW300 (gold)	in-ear	Hi End Portable
Simgot Audio EW300 (gold)	in-ear	RikudouGoku
Simgot Audio EW300 (silver)	in-ear	Fahryst
Simgot Audio EW300 (silver)	in-ear	Filk
Simgot Audio EW300 (silver)	in-ear	Hi End Portable
Simgot Audio EW300 (silver)	in-ear	RikudouGoku
Simgot Audio EW300 DSP	in-ear	Jaytiss
Simgot Audio EW300 DSP	in-ear	Kazi
Simgot Audio FLD100	earbud	kr0mka
Simgot Audio SuperMix 4	in-ear	Fahryst
Simgot Audio SuperMix 4	in-ear	Hi End Portable
Simgot Audio SuperMix 4	in-ear	Jaytiss
Simgot Audio SuperMix 4	in-ear	Kazi
Simgot Audio SuperMix 4	in-ear	Regan Cipher
Simgot Audio SuperMix 4	in-ear	Super Review
Simgot Audio SuperMix 4	in-ear	ToneDeafMonk
Simphonio RX10	711 in-ear	crinacle
Simphonio RX10	Bruel & Kjaer 4620 in-ear	crinacle
Simphonio VR1	711 in-ear	crinacle
Sineaptic SE-1 (passive, pleather earpads)	over-ear	Kuulokenurkka
Sineaptic SE-1 (wireless, pleather earpads)	over-ear	Kuulokenurkka
Singapore Airlines complimentary earphones	711 in-ear	crinacle
Sivga Anser	over-ear	Auriculares Argentina
Sivga Anser	over-ear	Super Review
Sivga Audio Phoenix	GRAS 43AG-7 over-ear	crinacle
Sivga Audio Phoenix	over-ear	oratory1990
Sivga Audio Robin	over-ear	Auriculares Argentina
Sivga Audio Robin	GRAS 43AG-7 over-ear	crinacle
Sivga Audio Robin	over-ear	oratory1990
Sivga Luan	over-ear	Auriculares Argentina
Sivga Luan	over-ear	oratory1990
Sivga Luan	over-ear	Super Review
Sivga Nightingale	in-ear	Hi End Portable
Sivga Nightingale	in-ear	Super Review
Sivga Oriole	over-ear	Auriculares Argentina
Sivga Oriole	over-ear	oratory1990
Sivga P2 Pro	over-ear	Auriculares Argentina
Sivga Que	in-ear	Jaytiss
Sivga Que	in-ear	Super Review
Sivga Que	in-ear	ToneDeafMonk
Sivga Que UTG	in-ear	ToneDeafMonk
Skullcandy Aviators	over-ear	Headphone.com Legacy
Skullcandy Aviators no Lens	over-ear	Innerfidelity
Skullcandy Crusher	over-ear	Innerfidelity
Skullcandy Crusher	HMS II.3 over-ear	Rtings
Skullcandy Crusher 360	HMS II.3 over-ear	Rtings
Skullcandy Crusher Evo	HMS II.3 over-ear	Rtings
Skullcandy Crusher Wireless	over-ear	Auriculares Argentina
Skullcandy Crusher Wireless	HMS II.3 over-ear	Rtings
Skullcandy Crusher Wireless (bass boost)	over-ear	Auriculares Argentina
Skullcandy Crusher Wireless (wired, sub off)	over-ear	Innerfidelity
Skullcandy Dime	HMS II.3 in-ear	Rtings
Skullcandy Dime 2	HMS II.3 in-ear	Rtings
Skullcandy Dime 3	Bruel & Kjaer 5128 in-ear	Rtings
Skullcandy Grind	over-ear	Innerfidelity
Skullcandy Grind	HMS II.3 over-ear	Rtings
Skullcandy Grind Fuel	HMS II.3 in-ear	Rtings
Skullcandy Grind Wireless	over-ear	oratory1990
Skullcandy Hesh	over-ear	Headphone.com Legacy
Skullcandy Hesh 2	over-ear	Innerfidelity
Skullcandy Hesh 2	HMS II.3 over-ear	Rtings
Skullcandy Hesh 3	HMS II.3 over-ear	Rtings
Skullcandy Hesh ANC	HMS II.3 over-ear	Rtings
Skullcandy Hesh Evo	HMS II.3 over-ear	Rtings
Skullcandy Hesh NBA	over-ear	Headphone.com Legacy
Skullcandy Holua	in-ear	Headphone.com Legacy
Skullcandy Holua	in-ear	Innerfidelity
Skullcandy Indy	HMS II.3 in-ear	Rtings
Skullcandy Indy ANC	HMS II.3 in-ear	Rtings
Skullcandy Indy Evo	HMS II.3 in-ear	Rtings
Skullcandy Indy Fuel	HMS II.3 in-ear	Rtings
Skullcandy Inkd 2.0	in-ear	kr0mka
Skullcandy Jib	HMS II.3 in-ear	Rtings
Skullcandy Jib True	HMS II.3 in-ear	Rtings
Skullcandy Mix Master	over-ear	Headphone.com Legacy
Skullcandy Mix Master	over-ear	Innerfidelity
Skullcandy Navigator	over-ear	Innerfidelity
Skullcandy Push	HMS II.3 in-ear	Rtings
Skullcandy Push Active	HMS II.3 in-ear	Rtings
Skullcandy Push Ultra	HMS II.3 in-ear	Rtings
Skullcandy Riff Wireless 2	HMS II.3 over-ear	Rtings
Skullcandy Roc Nation Aviator	over-ear	Innerfidelity
Skullcandy Sesh	HMS II.3 in-ear	Rtings
Skullcandy Sesh ANC	HMS II.3 in-ear	Rtings
Skullcandy Sesh Evo	HMS II.3 in-ear	Rtings
Skullcandy SkullCrushers Max Bass	over-ear	Headphone.com Legacy
Skullcandy Smokin Buds	in-ear	Headphone.com Legacy
Skullcandy Smokin Buds	HMS II.3 in-ear	Rtings
Skullcandy Smokin Buds 2	GRAS RA0045 in-ear	HypetheSonics
Skullcandy Smokin Buds- Mic'd	in-ear	Headphone.com Legacy
Skullcandy Spoke	HMS II.3 in-ear	Rtings
Skullcandy Venue	HMS II.3 over-ear	Rtings
Sleek SA1	in-ear	Headphone.com Legacy
Sleek SA6	in-ear	Headphone.com Legacy
Smabat M0	in-ear	Hi End Portable
Smabat M0 + Super Point	in-ear	Hi End Portable
Smabat M2 Pro	in-ear	Hi End Portable
Smabat M2s (gold driver)	in-ear	Hi End Portable
Smabat M2s Pro	in-ear	Hi End Portable
Smabat M4 (balanced armature driver)	in-ear	Hi End Portable
Smabat ST-10S	in-ear	Hi End Portable
Smabat X1 (H switch down)	in-ear	Hi End Portable
Smabat X1 (H switch up)	in-ear	Hi End Portable
SMS Audio DJ Pro	over-ear	Innerfidelity
SMS Audio Over Ear ANC	over-ear	Innerfidelity
SMS Audio Street by 50 Cent	over-ear	Innerfidelity
SMS Audio Sync by 50 Cent	over-ear	Innerfidelity
Snab Overtone EP-101M	in-ear	Filk
SoftEars Cerberus	711 in-ear	crinacle
SoftEars Enigma	in-ear	Super Review
SoftEars RS10	711 in-ear	crinacle
SoftEars RS10	Bruel & Kjaer 4620 in-ear	crinacle
SoftEars RS10	in-ear	Jaytiss
SoftEars RSV	711 in-ear	crinacle
SoftEars RSV	in-ear	Jaytiss
SoftEars RSV	in-ear	Super Review
SoftEars Studio 2	in-ear	Jaytiss
SoftEars Studio 2	in-ear	Super Review
SoftEars Studio 4	in-ear	Harpo
SoftEars Studio 4	in-ear	Jaytiss
SoftEars Studio 4	in-ear	Super Review
SoftEars Studio4 Starry Version	in-ear	Super Review
SoftEars Turii	711 in-ear	crinacle
SoftEars Turii	Bruel & Kjaer 4620 in-ear	crinacle
SoftEars Turii	in-ear	Kazi
SoftEars Turii Ti	in-ear	Kazi
SoftEars Twilight	711 in-ear	crinacle
SoftEars Twilight	in-ear	Fahryst
SoftEars Twilight	in-ear	Harpo
SoftEars Twilight	in-ear	Jaytiss
SoftEars Twilight	in-ear	ToneDeafMonk
SoftEars Volume	711 in-ear	crinacle
SoftEars Volume	Bruel & Kjaer 4620 in-ear	crinacle
SoftEars Volume	in-ear	Harpo
SoftEars Volume	in-ear	Jaytiss
SoftEars Volume	in-ear	RikudouGoku
SoftEars Volume	in-ear	Super Review
SoftEars Volume S	in-ear	Jaytiss
SoftEars Volume S (high impedance)	in-ear	Super Review
SoftEars Volume S (high impedance)	in-ear	ToneDeafMonk
SoftEars Volume S (low impedance)	in-ear	Super Review
SoftEars Volume S (low impedance)	in-ear	ToneDeafMonk
SOL REPUBLIC Master Tracks XC	over-ear	Innerfidelity
SOL REPUBLIC Tracks	over-ear	Innerfidelity
SOL REPUBLIC Tracks B	over-ear	Innerfidelity
Somic V2	over-ear	Filk
Soncie Meory SW500H	in-ear	Super Review
Sonic Sonic	711 in-ear	crinacle
Sonos Ace	Bruel & Kjaer 5128 over-ear	Rtings
Sonos Ace (ANC off)	over-ear	Kuulokenurkka
Sonos Ace (ANC on)	over-ear	Kuulokenurkka
Sonos Ace (ANC on, loudness on)	over-ear	Kuulokenurkka
Sony DR-Z7	over-ear	Innerfidelity
Sony Float Run	HMS II.3 earbud	Rtings
Sony h.ear on	HMS II.3 over-ear	Rtings
Sony IER-M7	711 in-ear	crinacle
Sony IER-M7	in-ear	oratory1990
Sony IER-M7 Q	711 in-ear	crinacle
Sony IER-M9	711 in-ear	crinacle
Sony IER-M9	in-ear	freeryder05
Sony IER-M9	GRAS RA0045 in-ear	HypetheSonics
Sony IER-M9	in-ear	oratory1990
Sony IER-M9	in-ear	ToneDeafMonk
Sony IER-M9 (no filter)	711 in-ear	crinacle
Sony IER-NW510N	in-ear	Super Review
Sony IER-Z1R	711 in-ear	crinacle
Sony IER-Z1R	Bruel & Kjaer 4620 in-ear	crinacle
Sony IER-Z1R	in-ear	freeryder05
Sony IER-Z1R	GRAS RA0045 in-ear	HypetheSonics
Sony IER-Z1R	in-ear	oratory1990
Sony IER-Z1R	in-ear	Super Review
Sony IER-Z1R (AZLA Sedna eartips)	in-ear	Super Review
Sony IER-Z1R (no filter)	711 in-ear	crinacle
Sony IER-Z1R (Symbio eartips)	in-ear	Super Review
Sony INZONE Buds	Bruel & Kjaer 5128 in-ear	Rtings
Sony INZONE H3	HMS II.3 over-ear	Rtings
Sony INZONE H7	HMS II.3 over-ear	Rtings
Sony INZONE H9	HMS II.3 over-ear	Rtings
Sony LinkBuds	HMS II.3 earbud	Rtings
Sony LinkBuds Fit	in-ear	DHRME
Sony LinkBuds S	GRAS RA0045 in-ear	HypetheSonics
Sony LinkBuds S	Bruel & Kjaer 5128 in-ear	Rtings
Sony LinkBuds S (ANC Off)	in-ear	DHRME
Sony LinkBuds S (ANC on)	in-ear	DHRME
Sony MDR-1000X	over-ear	oratory1990
Sony MDR-1000X	HMS II.3 over-ear	Rtings
Sony MDR-1000X (wired, ANC off)	over-ear	Innerfidelity
Sony MDR-1000X (wired, ANC on)	over-ear	Innerfidelity
Sony MDR-1000X (wireless, ANC off)	over-ear	Innerfidelity
Sony MDR-1000X (wireless, ANC on)	over-ear	Innerfidelity
Sony MDR-1A	HMS II.3 over-ear	Rtings
Sony MDR-1AM2	GRAS 43AG-7 over-ear	crinacle
Sony MDR-1R	over-ear	Innerfidelity
Sony MDR-1RBT	over-ear	Innerfidelity
Sony MDR-3	EARS + 711 over-ear	crinacle
Sony MDR-7502	over-ear	Headphone.com Legacy
Sony MDR-7502	over-ear	Innerfidelity
Sony MDR-7505	over-ear	Headphone.com Legacy
Sony MDR-7505	over-ear	Innerfidelity
Sony MDR-7506	over-ear	Headphone.com Legacy
Sony MDR-7506	over-ear	oratory1990
Sony MDR-7506	HMS II.3 over-ear	Rtings
Sony MDR-7506	over-ear	Super Review
Sony MDR-7509HD	over-ear	Headphone.com Legacy
Sony MDR-7509HD	over-ear	Innerfidelity
Sony MDR-7510	GRAS 43AG-7 over-ear	crinacle
Sony MDR-7520	over-ear	Innerfidelity
Sony MDR-7520	HMS II.3 over-ear	Rtings
Sony MDR-7550	711 in-ear	crinacle
Sony MDR-7550	in-ear	Headphone.com Legacy
Sony MDR-7550	in-ear	Innerfidelity
Sony MDR-7550	in-ear	oratory1990
Sony MDR-AS40EX	in-ear	Headphone.com Legacy
Sony MDR-AS50G	in-ear	Headphone.com Legacy
Sony MDR-AS800	711 in-ear	crinacle
Sony MDR-AS800	in-ear	Super Review
Sony MDR-CD2000	EARS + 711 over-ear	crinacle
Sony MDR-CD3000	over-ear	Innerfidelity
Sony MDR-CD380	GRAS 43AG-7 over-ear	crinacle
Sony MDR-CD900ST	EARS + 711 over-ear	crinacle
Sony MDR-CD900ST	GRAS 43AG-7 over-ear	crinacle
Sony MDR-CD900ST	over-ear	oratory1990
Sony MDR-CD900ST	over-ear	Super Review
Sony MDR-CD900ST (Yaxi stPad microfiber earpads)	GRAS 43AG-7 over-ear	crinacle
Sony MDR-CD900ST (Yaxi stPad2 earpads)	GRAS 43AG-7 over-ear	crinacle
Sony MDR-D77 Eggo	over-ear	Innerfidelity
Sony MDR-DS3000	over-ear	Headphone.com Legacy
Sony MDR-DS6000	over-ear	Headphone.com Legacy
Sony MDR-EX10	in-ear	oratory1990
Sony MDR-EX1000	711 in-ear	crinacle
Sony MDR-EX1000	in-ear	Innerfidelity
Sony MDR-EX1000	in-ear	RikudouGoku
Sony MDR-EX1000 (front tube filters removed)	711 in-ear	crinacle
Sony MDR-EX15LP	in-ear	kr0mka
Sony MDR-EX15LP	in-ear	oratory1990
Sony MDR-EX15LP	in-ear	Super Review
Sony MDR-EX15LP (BGVP W01 eartips)	in-ear	kr0mka
Sony MDR-EX15LP (Moondrop KXXS)	in-ear	kr0mka
Sony MDR-EX15LP (SpinFit CP100 eartips)	in-ear	kr0mka
Sony MDR-EX510 (no filter)	711 in-ear	crinacle
Sony MDR-EX56LP	in-ear	Headphone.com Legacy
Sony MDR-EX57LP	in-ear	Headphone.com Legacy
Sony MDR-EX600	in-ear	Innerfidelity
Sony MDR-EX800ST	711 in-ear	crinacle
Sony MDR-EX800ST	in-ear	RikudouGoku
Sony MDR-F1	over-ear	oratory1990
Sony MDR-G75	over-ear	Headphone.com Legacy
Sony MDR-M1	over-ear	Kuulokenurkka
Sony MDR-M1ST	GRAS 43AG-7 over-ear	crinacle
Sony MDR-MA900	GRAS 43AG-7 over-ear	crinacle
Sony MDR-MA900	over-ear	oratory1990
Sony MDR-MV1	over-ear	oratory1990
Sony MDR-MV1	HMS II.3 over-ear	Rtings
Sony MDR-MV1	over-ear	Super Review
Sony MDR-Q68LW	over-ear	Headphone.com Legacy
Sony MDR-R10	over-ear	oratory1990
Sony MDR-SA3000	over-ear	Innerfidelity
Sony MDR-SA5000	over-ear	Headphone.com Legacy
Sony MDR-SA5000	over-ear	Innerfidelity
Sony MDR-V500	over-ear	Headphone.com Legacy
Sony MDR-V6	GRAS 43AG-7 over-ear	crinacle
Sony MDR-V6	over-ear	Headphone.com Legacy
Sony MDR-V6	over-ear	Innerfidelity
Sony MDR-V6	over-ear	Super Review
Sony MDR-V6 (Yaxi earpads)	over-ear	Super Review
Sony MDR-V600	over-ear	Innerfidelity
Sony MDR-V700	over-ear	Headphone.com Legacy
Sony MDR-XB1000	over-ear	Innerfidelity
Sony MDR-XB300	over-ear	Headphone.com Legacy
Sony MDR-XB300	over-ear	Innerfidelity
Sony MDR-XB41EX	in-ear	Harpo
Sony MDR-XB50	in-ear	oratory1990
Sony MDR-XB500	over-ear	Headphone.com Legacy
Sony MDR-XB500	over-ear	Innerfidelity
Sony MDR-XB50AP	HMS II.3 in-ear	Rtings
Sony MDR-XB55AP	in-ear	kr0mka
Sony MDR-XB700	over-ear	Headphone.com Legacy
Sony MDR-XB700	over-ear	Innerfidelity
Sony MDR-XB75AP	in-ear	RikudouGoku
Sony MDR-XB80BS	in-ear	oratory1990
Sony MDR-XB950B1	HMS II.3 over-ear	Rtings
Sony MDR-XB950N1	HMS II.3 over-ear	Rtings
Sony MDR-Z1000	over-ear	Headphone.com Legacy
Sony MDR-Z1R	EARS + 711 over-ear	crinacle
Sony MDR-Z1R	GRAS 43AG-7 over-ear	crinacle
Sony MDR-Z1R	over-ear	HypetheSonics
Sony MDR-Z1R	over-ear	Innerfidelity
Sony MDR-Z1R	over-ear	oratory1990
Sony MDR-Z7	over-ear	Innerfidelity
Sony MDR-Z7	over-ear	oratory1990
Sony MDR-Z7M2	GRAS 43AG-7 over-ear	crinacle
Sony MDR-Z7M2	over-ear	HypetheSonics
Sony MDR-Z7M2	over-ear	oratory1990
Sony MDR-ZX1000	over-ear	Innerfidelity
Sony MDR-ZX110	over-ear	Auriculares Argentina
Sony MDR-ZX110NC	HMS II.3 over-ear	Rtings
Sony MDR-ZX310	over-ear	oratory1990
Sony MDR-ZX700	over-ear	Headphone.com Legacy
Sony MDR-ZX700	over-ear	Innerfidelity
Sony MDR-ZX770BN	HMS II.3 over-ear	Rtings
Sony MH1	in-ear	oratory1990
Sony MH1	in-ear	Super Review
Sony MH1C	in-ear	Innerfidelity
Sony MH750	711 in-ear	crinacle
Sony MH750	in-ear	oratory1990
Sony MH750	in-ear	RikudouGoku
Sony MH755	711 in-ear	crinacle
Sony MH755	Bruel & Kjaer 4620 in-ear	crinacle
Sony MH755	GRAS RA0045 in-ear	HypetheSonics
Sony MH755	in-ear	oratory1990
Sony MH755	in-ear	RikudouGoku
Sony MH755	HMS II.3 in-ear	Rtings
Sony MH755	in-ear	Super Review
Sony PULSE 3D	over-ear	oratory1990
Sony PULSE 3D	HMS II.3 over-ear	Rtings
Sony Pulse Elite	over-ear	oratory1990
Sony Pulse Elite	Bruel & Kjaer 5128 over-ear	Rtings
Sony PULSE Explore	in-ear	oratory1990
Sony PULSE Explore	Bruel & Kjaer 5128 in-ear	Rtings
Sony ULT WEAR	over-ear	Kuulokenurkka
Sony ULT WEAR	Bruel & Kjaer 5128 over-ear	Rtings
Sony ULT WEAR (passive)	over-ear	Kuulokenurkka
Sony WF-1000X	in-ear	oratory1990
Sony WF-1000X	HMS II.3 in-ear	Rtings
Sony WF-1000XM3	711 in-ear	crinacle
Sony WF-1000XM3	GRAS RA0045 in-ear	HypetheSonics
Sony WF-1000XM3	in-ear	oratory1990
Sony WF-1000XM3	in-ear	RikudouGoku
Sony WF-1000XM3	HMS II.3 in-ear	Rtings
Sony WF-1000XM3	in-ear	Super Review
Sony WF-1000XM3 (ANC on)	711 in-ear	crinacle
Sony WF-1000XM4	in-ear	Auriculares Argentina
Sony WF-1000XM4	711 in-ear	crinacle
Sony WF-1000XM4	GRAS RA0045 in-ear	HypetheSonics
Sony WF-1000XM4	in-ear	oratory1990
Sony WF-1000XM4	HMS II.3 in-ear	Rtings
Sony WF-1000XM4 (ANC off)	in-ear	Super Review
Sony WF-1000XM4 (ANC on)	in-ear	Super Review
Sony WF-1000XM4 (AZLA Sedna Light Short eartips)	in-ear	Super Review
Sony WF-1000XM4 (Bass Boost preset)	711 in-ear	crinacle
Sony WF-1000XM4 (Bass Boost preset)	in-ear	Super Review
Sony WF-1000XM4 (Bright preset)	711 in-ear	crinacle
Sony WF-1000XM4 (Bright preset)	in-ear	Super Review
Sony WF-1000XM4 (EQ off)	in-ear	Super Review
Sony WF-1000XM4 (Excited preset)	711 in-ear	crinacle
Sony WF-1000XM4 (Excited preset)	in-ear	Super Review
Sony WF-1000XM4 (Final Audio Type E eartips)	in-ear	Super Review
Sony WF-1000XM4 (Mellow preset)	711 in-ear	crinacle
Sony WF-1000XM4 (Mellow preset)	in-ear	Super Review
Sony WF-1000XM4 (Relaxed preset)	711 in-ear	crinacle
Sony WF-1000XM4 (Relaxed preset)	in-ear	Super Review
Sony WF-1000XM4 (Sony WF-1000XM3 silicone eartips)	in-ear	Super Review
Sony WF-1000XM4 (Speech preset)	711 in-ear	crinacle
Sony WF-1000XM4 (Speech preset)	in-ear	Super Review
Sony WF-1000XM4 (SpinFit eartips)	in-ear	Super Review
Sony WF-1000XM4 (Tanchjim APB eartips)	in-ear	Super Review
Sony WF-1000XM4 (Treble Boost preset)	711 in-ear	crinacle
Sony WF-1000XM4 (Treble Boost preset)	in-ear	Super Review
Sony WF-1000XM4 (Vocal preset)	711 in-ear	crinacle
Sony WF-1000XM4 (Vocal preset)	in-ear	Super Review
Sony WF-1000XM5	in-ear	DHRME
Sony WF-1000XM5	in-ear	Kazi
Sony WF-1000XM5	in-ear	oratory1990
Sony WF-1000XM5	Bruel & Kjaer 5128 in-ear	Rtings
Sony WF-1000XM5	in-ear	Super Review
Sony WF-C500	in-ear	Kazi
Sony WF-C500	in-ear	oratory1990
Sony WF-C500	HMS II.3 in-ear	Rtings
Sony WF-C700N	HMS II.3 in-ear	Rtings
Sony WF-SP700N	HMS II.3 in-ear	Rtings
Sony WF-SP800N	711 in-ear	crinacle
Sony WF-SP800N	HMS II.3 in-ear	Rtings
Sony WF-XB700	711 in-ear	crinacle
Sony WF-XB700	in-ear	oratory1990
Sony WF-XB700	HMS II.3 in-ear	Rtings
Sony WH-1000XM2	over-ear	oratory1990
Sony WH-1000XM2	HMS II.3 over-ear	Rtings
Sony WH-1000XM3	over-ear	oratory1990
Sony WH-1000XM3	HMS II.3 over-ear	Rtings
Sony WH-1000XM3	over-ear	Super Review
Sony WH-1000XM3 (ANC off)	over-ear	Kuulokenurkka
Sony WH-1000XM3 (ANC on)	over-ear	Kuulokenurkka
Sony WH-1000XM4	GRAS 43AG-7 over-ear	crinacle
Sony WH-1000XM4	over-ear	oratory1990
Sony WH-1000XM4	Bruel & Kjaer 5128 over-ear	Rtings
Sony WH-1000XM4 (ANC Off)	over-ear	HypetheSonics
Sony WH-1000XM4 (ANC on)	over-ear	HypetheSonics
Sony WH-1000XM5	over-ear	oratory1990
Sony WH-1000XM5	Bruel & Kjaer 5128 over-ear	Rtings
Sony WH-1000XM5	over-ear	Super Review
Sony WH-1000XM6	over-ear	Kuulokenurkka
Sony WH-1000XM6	over-ear	Super Review
Sony WH-1000XM6 (analog cable)	over-ear	Super Review
Sony WH-CH400	HMS II.3 over-ear	Rtings
Sony WH-CH500	HMS II.3 over-ear	Rtings
Sony WH-CH510	over-ear	oratory1990
Sony WH-CH510	HMS II.3 over-ear	Rtings
Sony WH-CH520	HMS II.3 over-ear	Rtings
Sony WH-CH700N	HMS II.3 over-ear	Rtings
Sony WH-CH710N	HMS II.3 over-ear	Rtings
Sony WH-CH720N	Bruel & Kjaer 5128 over-ear	Rtings
Sony WH-H900N	over-ear	oratory1990
Sony WH-H900N	HMS II.3 over-ear	Rtings
Sony WH-H910N	HMS II.3 over-ear	Rtings
Sony WH-XB700	HMS II.3 over-ear	Rtings
Sony WH-XB900N	HMS II.3 over-ear	Rtings
Sony WH-XB910N	Bruel & Kjaer 5128 over-ear	Rtings
Sony WI-1000X	in-ear	oratory1990
Sony WI-1000X	HMS II.3 in-ear	Rtings
Sony WI-1000XM2	HMS II.3 in-ear	Rtings
Sony WI-C100	in-ear	Kazi
Sony WI-C200	HMS II.3 in-ear	Rtings
Sony WI-C300	HMS II.3 in-ear	Rtings
Sony WI-C310	HMS II.3 in-ear	Rtings
Sony WI-C400	HMS II.3 in-ear	Rtings
Sony WI-C600N	HMS II.3 in-ear	Rtings
Sony WI-SP500	HMS II.3 in-ear	Rtings
Sony WI-SP600N	HMS II.3 in-ear	Rtings
Sony WI-XB400	HMS II.3 in-ear	Rtings
Sony XBA-300	711 in-ear	crinacle
Sony XBA-40	711 in-ear	crinacle
Sony XBA-A2	in-ear	RikudouGoku
Sony XBA-A3	711 in-ear	crinacle
Sony XBA-A3	in-ear	RikudouGoku
Sony XBA-A3	in-ear	Super Review
Sony XBA-A3 (modded)	711 in-ear	crinacle
Sony XBA-H3	711 in-ear	crinacle
Sony XBA-H3	in-ear	oratory1990
Sony XBA-N1	in-ear	oratory1990
Sony XBA-N3	in-ear	Jaytiss
Sony XBA-N3	in-ear	oratory1990
Sony XBA-N3	in-ear	Super Review
Sony XBA-N3AP	711 in-ear	crinacle
Sony XBA-N3AP	in-ear	RikudouGoku
Sony XBA-Z5	711 in-ear	crinacle
Sony XBA-Z5	in-ear	Innerfidelity
Sony XBA-Z5	in-ear	RikudouGoku
Sony XEA20 Xperia Ear Duo	earbud	oratory1990
Soranik Bastille-R	711 in-ear	crinacle
Soranik Bastille-V	711 in-ear	crinacle
Soranik ION-4 (Vietnamese domestic market edition)	711 in-ear	crinacle
Soranik SK3	711 in-ear	crinacle
Soranik SP3	711 in-ear	crinacle
Soranik SP3 SE	711 in-ear	crinacle
Soratune YI01	in-ear	ToneDeafMonk
Soul by Ludacris SL100	over-ear	Innerfidelity
Soul by Ludacris SL150	over-ear	Innerfidelity
Soul by Ludacris SL300	over-ear	Innerfidelity
Soul Combat	over-ear	Innerfidelity
Soul Jet Pro ANC Off	over-ear	Innerfidelity
Soul Jet Pro ANC On	over-ear	Innerfidelity
Sound Intone CX-05	HMS II.3 over-ear	Rtings
Sound Linear Fitz 10 Flat	711 in-ear	crinacle
Sound Rhyme DTE900 (off-off)	in-ear	ToneDeafMonk
Sound Rhyme DTE900 (off-on)	in-ear	ToneDeafMonk
Sound Rhyme DTE900 (on-off)	in-ear	ToneDeafMonk
Sound Rhyme DTE900 (on-on)	in-ear	ToneDeafMonk
Sound Rhyme Prado (off-off)	in-ear	ToneDeafMonk
Sound Rhyme Prado (off-on)	in-ear	ToneDeafMonk
Sound Rhyme Prado (on-off)	in-ear	ToneDeafMonk
Sound Rhyme Prado (on-on)	in-ear	ToneDeafMonk
Sound Rhyme SR5	in-ear	kr0mka
Sound Rhyme SR5	in-ear	ToneDeafMonk
Sound Rhyme SR7 (off-off)	in-ear	ToneDeafMonk
Sound Rhyme SR7 (off-on)	in-ear	ToneDeafMonk
Sound Rhyme SR7 (on-off)	in-ear	ToneDeafMonk
Sound Rhyme SR7 (on-on)	in-ear	ToneDeafMonk
SoundMAGIC E10	in-ear	Innerfidelity
SoundMAGIC E11	711 in-ear	crinacle
SoundMAGIC E11C	Bruel & Kjaer 5128 in-ear	HypetheSonics
SoundMAGIC E50C	in-ear	oratory1990
SoundMAGIC HP100	over-ear	Innerfidelity
SoundMAGIC HP200	over-ear	Innerfidelity
SoundMAGIC T60BT	in-ear	Hi End Portable
SoundPeats Air3	in-ear	Regan Cipher
SoundPeats Air3 Deluxe HS	in-ear	Regan Cipher
SoundPeats Air4 (ANC off)	in-ear	Regan Cipher
SoundPeats Air4 (ANC on)	in-ear	Regan Cipher
SoundPeats Air4 Pro	in-ear	Regan Cipher
SoundPeats Air4 Pro (ANC Off)	in-ear	DHRME
SoundPeats Air4 Pro (ANC on)	in-ear	DHRME
SoundPeats Air4 Pro (ANC on, SoundPEATS Classic)	in-ear	Regan Cipher
SoundPeats Air5 (ANC off, SoundPEATS Classic)	in-ear	Regan Cipher
SoundPeats Air5 (ANC on, SoundPEATS Classic)	in-ear	Regan Cipher
SoundPeats Air5 Pro	in-ear	Kazi
SoundPeats Air5 Pro (ANC off, SoundPEATS Classic)	in-ear	Regan Cipher
SoundPeats Air5 Pro (ANC on, SoundPEATS Classic)	in-ear	Regan Cipher
SoundPeats Breezy (ANC off)	earbud	Regan Cipher
SoundPeats Capsule 3 Pro	in-ear	Fahryst
SoundPeats Capsule 3 Pro	in-ear	Kazi
SoundPeats Capsule 3 Pro	in-ear	Regan Cipher
SoundPeats Capsule3 Pro+	in-ear	Jaytiss
SoundPeats Capsule3 Pro+ (ANC off, SoundPEATS Classic)	in-ear	Regan Cipher
SoundPeats Capsule3 Pro+ (ANC on, SoundPEATS Classic)	in-ear	Regan Cipher
SoundPeats Clear	in-ear	Regan Cipher
SoundPeats Engine	in-ear	DHRME
SoundPeats Engine 4	in-ear	Harpo
SoundPeats Engine 4	in-ear	Kazi
SoundPeats Engine 4	in-ear	Regan Cipher
SoundPeats Free 2 Classic	in-ear	DHRME
SoundPeats GoFree 2	earbud	Regan Cipher
SoundPeats H1	in-ear	Regan Cipher
SoundPeats H2	in-ear	Regan Cipher
SoundPeats Life	in-ear	Regan Cipher
SoundPeats Life Classic	in-ear	Regan Cipher
SoundPeats Mini	in-ear	Regan Cipher
SoundPeats Mini Pro	in-ear	DHRME
SoundPeats Mini Pro HS	in-ear	Regan Cipher
SoundPeats Mini Pro HS (ANC off)	in-ear	kr0mka
SoundPeats Mini Pro HS (ANC on)	in-ear	kr0mka
SoundPeats Opera05	in-ear	Kazi
SoundPeats Opera05	in-ear	Regan Cipher
SoundPeats Q9A	HMS II.3 in-ear	Rtings
SoundPeats RunFree	earbud	Regan Cipher
SoundPeats RunFree Lite	earbud	Regan Cipher
SoundPeats Space (ANC on)	over-ear	Regan Cipher
SoundPeats TrueFree	HMS II.3 in-ear	Rtings
SoundPeats TrueFree 2	HMS II.3 in-ear	Rtings
SoundPeats Wings2	earbud	Regan Cipher
SPC Gear Viro (breathable earpads)	over-ear	Filk
SPC Gear Viro (leather earpads)	over-ear	Filk
SPC Gear Viro (velour earpads)	over-ear	Filk
SPC Gear Viro 101M	in-ear	Filk
Spider Moonlight	over-ear	Headphone.com Legacy
Spider PowerForce	over-ear	Innerfidelity
Spider realvoice	in-ear	Innerfidelity
Spiral Ear SE 5-Way Ultimate	711 in-ear	crinacle
Spiral Ear SE 5-Way Ultimate	in-ear	oratory1990
Spirit Torino Centauri	over-ear	kr0mka
Spirit Torino Pulsar	over-ear	kr0mka
Spirit Torino Radiante	GRAS 43AG-7 over-ear	crinacle
Spirit Torino Superleggera	over-ear	kr0mka
Status Audio Between 3ANC	HMS II.3 in-ear	Rtings
Status Audio Between 3ANC (ANC Off)	in-ear	DHRME
Status Audio Between 3ANC (ANC on)	in-ear	DHRME
Status Audio Between Pro	HMS II.3 in-ear	Rtings
Status Audio BT One	HMS II.3 over-ear	Rtings
Status Audio BT One (wired)	over-ear	oratory1990
Status Audio BT One (wireless)	over-ear	oratory1990
Status Audio IEM-2X	in-ear	Super Review
Status Audio SM-CB1	over-ear	Innerfidelity
Status Audio SM-OB1	over-ear	Innerfidelity
Stax 4070	over-ear	Innerfidelity
Stax Lambda Nova Basic	over-ear	oratory1990
Stax Lambda Nova Signature	over-ear	Innerfidelity
Stax SR Lambda Pro Classic (bad seal)	over-ear	oratory1990
Stax SR-001 Mk1	711 in-ear	crinacle
Stax SR-001 Mk1 CES (CES-A1)	711 in-ear	crinacle
Stax SR-001 Mk2	711 in-ear	crinacle
Stax SR-002	711 in-ear	crinacle
Stax SR-003 SA-1993	in-ear	Innerfidelity
Stax SR-003MK2	in-ear	oratory1990
Stax SR-003MK2 (CES-A1)	in-ear	oratory1990
Stax SR-007	EARS + 711 over-ear	crinacle
Stax SR-007	over-ear	Innerfidelity
Stax SR-007	over-ear	oratory1990
Stax SR-007 Mk2.5	GRAS 43AG-7 over-ear	crinacle
Stax SR-007A v2.9	over-ear	oratory1990
Stax SR-007A v2.9 (blu-tac mod)	over-ear	oratory1990
Stax SR-009	EARS + 711 over-ear	crinacle
Stax SR-009	GRAS 43AG-7 over-ear	crinacle
Stax SR-009	over-ear	Innerfidelity
Stax SR-009	over-ear	oratory1990
Stax SR-009 (sample 1)	over-ear	Innerfidelity
Stax SR-009 (serial number SZ9-1278)	over-ear	Innerfidelity
Stax SR-009S	EARS + 711 over-ear	crinacle
Stax SR-009S	GRAS 43AG-7 over-ear	crinacle
Stax SR-009S	over-ear	oratory1990
Stax SR-1	over-ear	Innerfidelity
Stax SR-207	over-ear	Innerfidelity
Stax SR-207 (EP-507 leather earpads)	over-ear	Innerfidelity
Stax SR-3	GRAS 43AG-7 over-ear	crinacle
Stax SR-3	over-ear	Innerfidelity
Stax SR-40	GRAS 43AG-7 over-ear	crinacle
Stax SR-40 Electret SR4 Adapter	over-ear	Innerfidelity
Stax SR-404	GRAS 43AG-7 over-ear	crinacle
Stax SR-404	over-ear	oratory1990
Stax SR-404 (with perfect seal)	over-ear	oratory1990
Stax SR-404 Limited	GRAS 43AG-7 over-ear	crinacle
Stax SR-404 Ltd SSL-0670	over-ear	Innerfidelity
Stax SR-404 S 2742	over-ear	Innerfidelity
Stax SR-404LE	over-ear	oratory1990
Stax SR-404LE (with perfect seal)	over-ear	oratory1990
Stax SR-4070	GRAS 43AG-7 over-ear	crinacle
Stax SR-5 Gold	over-ear	oratory1990
Stax SR-507	GRAS 43AG-7 over-ear	crinacle
Stax SR-507	over-ear	Innerfidelity
Stax SR-84	GRAS 43AG-7 over-ear	crinacle
Stax SR-Gamma Pro	over-ear	Innerfidelity
Stax SR-L300	EARS + 711 over-ear	crinacle
Stax SR-L300	GRAS 43AG-7 over-ear	crinacle
Stax SR-L300	over-ear	Innerfidelity
Stax SR-L300	HMS II.3 over-ear	Rtings
Stax SR-L300 Limited	GRAS 43AG-7 over-ear	crinacle
Stax SR-L300 LTD	over-ear	oratory1990
Stax SR-L300 LTD (L700 earpads)	over-ear	oratory1990
Stax SR-L500	EARS + 711 over-ear	crinacle
Stax SR-L500	GRAS 43AG-7 over-ear	crinacle
Stax SR-L500	over-ear	oratory1990
Stax SR-L500 (blu-tac mod)	over-ear	oratory1990
Stax SR-L500 (Vesper earpads)	over-ear	oratory1990
Stax SR-L700	EARS + 711 over-ear	crinacle
Stax SR-L700	GRAS 43AG-7 over-ear	crinacle
Stax SR-L700	over-ear	Kuulokenurkka
Stax SR-L700	over-ear	oratory1990
Stax SR-L700 (blu-tac mod)	over-ear	oratory1990
Stax SR-Lambda Pro	GRAS 43AG-7 over-ear	crinacle
Stax SR-Lambda Pro	over-ear	oratory1990
Stax SR-Lambda Pro Classic	over-ear	oratory1990
Stax SR-Lambda Signature	over-ear	Innerfidelity
Stax SR-Lambda Spirit	over-ear	Kuulokenurkka
Stax SR-Sigma 07381	over-ear	Innerfidelity
Stax SR-X Mk2	GRAS 43AG-7 over-ear	crinacle
Stax SR-X Mk3 Pro	over-ear	Innerfidelity
Stax SR-X1	over-ear	Kuulokenurkka
Stax SR-X1	over-ear	oratory1990
Stax SR-X1 (weak seal)	over-ear	Kuulokenurkka
Stax SR-X9000	over-ear	oratory1990
Stealthsonics U2	711 in-ear	crinacle
Stealthsonics U4	711 in-ear	crinacle
Stealthsonics U9	711 in-ear	crinacle
Stealthsonics U9 JDM	711 in-ear	crinacle
SteelSeries Arctis 1	HMS II.3 over-ear	Rtings
SteelSeries Arctis 1 Wireless	HMS II.3 over-ear	Rtings
SteelSeries Arctis 3 2019 Edition	HMS II.3 over-ear	Rtings
SteelSeries Arctis 5 2019 Edition	HMS II.3 over-ear	Rtings
SteelSeries Arctis 7 2019 Edition	HMS II.3 over-ear	Rtings
SteelSeries Arctis 7 Wireless 2017	HMS II.3 over-ear	Rtings
SteelSeries Arctis 7+	HMS II.3 over-ear	Rtings
SteelSeries Arctis 7P	HMS II.3 over-ear	Rtings
SteelSeries Arctis 7P+	HMS II.3 over-ear	Rtings
SteelSeries Arctis 7X	HMS II.3 over-ear	Rtings
SteelSeries Arctis 9	HMS II.3 over-ear	Rtings
SteelSeries Arctis 9X	HMS II.3 over-ear	Rtings
SteelSeries Arctis Nova 1	HMS II.3 over-ear	Rtings
SteelSeries Arctis Nova 3	HMS II.3 over-ear	Rtings
SteelSeries Arctis Nova 5	Bruel & Kjaer 5128 over-ear	Rtings
SteelSeries Arctis Nova 7	Bruel & Kjaer 5128 over-ear	Rtings
SteelSeries Arctis Nova Pro	Bruel & Kjaer 5128 over-ear	Rtings
SteelSeries Arctis Nova Pro Wireless	Bruel & Kjaer 5128 over-ear	Rtings
SteelSeries Arctis Nova Pro Wireless (Bluetooth, ANC off)	over-ear	oratory1990
SteelSeries Arctis Nova Pro Wireless (Bluetooth, ANC on)	over-ear	oratory1990
SteelSeries Arctis Nova Pro Wireless (wired)	over-ear	oratory1990
SteelSeries Arctis Prime	HMS II.3 over-ear	Rtings
SteelSeries Arctis Pro	Bruel & Kjaer 5128 over-ear	Rtings
SteelSeries Arctis Pro GameDAC	HMS II.3 over-ear	Rtings
SteelSeries Flux In-Ear	in-ear	Innerfidelity
SteelSeries Flux InEar Pro	in-ear	Innerfidelity
SteelSeries GameBuds (ANC off)	in-ear	Filk
SteelSeries GameBuds (ANC on)	in-ear	Filk
SteelSeries Siberia 200	HMS II.3 over-ear	Rtings
SteelSeries Tusq	HMS II.3 in-ear	Rtings
StereoPravda SB7	711 in-ear	crinacle
Sterling TE-400	over-ear	Innerfidelity
Steven Slate Audio VSX (passive plugin inactive))	over-ear	oratory1990
Superlux HD 651	over-ear	oratory1990
Superlux HD 660	over-ear	oratory1990
Superlux HD 660 Pro 150 Ohm	over-ear	oratory1990
Superlux HD 662F	over-ear	oratory1990
Superlux HD 662F (Brainwavz round XL pleather earpads)	over-ear	oratory1990
Superlux HD 668B	over-ear	Headphone.com Legacy
Superlux HD 668B	over-ear	Innerfidelity
Superlux HD 668B	over-ear	oratory1990
Superlux HD 668B	HMS II.3 over-ear	Rtings
Superlux HD 668B (velour earpads)	over-ear	oratory1990
Superlux HD 681	over-ear	Headphone.com Legacy
Superlux HD 681	over-ear	Innerfidelity
Superlux HD 681	over-ear	oratory1990
Superlux HD 681	Bruel & Kjaer 5128 over-ear	Rtings
Superlux HD 681 (velour earpads)	over-ear	oratory1990
Superlux HD 681 EVO	HMS II.3 over-ear	Rtings
Superlux Hd 681B (Brainwavz round hybrid earpads)	over-ear	oratory1990
Superlux HD 681B (pleather earpads)	over-ear	oratory1990
Superlux HD 681B (velour earpads)	over-ear	oratory1990
SWEEAR SR11	in-ear	Jaytiss
Swimbuds Waterproof Headphones	HMS II.3 in-ear	Rtings
Symphonium Audio Aurora	711 in-ear	crinacle
Symphonium Audio Crimson	in-ear	Jaytiss
Symphonium Audio Crimson	in-ear	Kazi
Symphonium Audio Giant	in-ear	Jaytiss
Symphonium Audio Helios	711 in-ear	crinacle
Symphonium Audio Helios	in-ear	freeryder05
Symphonium Audio Helios	in-ear	Hi End Portable
Symphonium Audio Helios	GRAS RA0045 in-ear	HypetheSonics
Symphonium Audio Helios	in-ear	Super Review
Symphonium Audio Helios SE	in-ear	freeryder05
Symphonium Audio Helios SE	in-ear	Super Review
Symphonium Audio Meteor	in-ear	Fahryst
Symphonium Audio Meteor	in-ear	freeryder05
Symphonium Audio Meteor	in-ear	Jaytiss
Symphonium Audio Meteor	in-ear	Super Review
Symphonium Audio Meteor	in-ear	Ted's Squig Hoard
Symphonium Audio Meteor (AZLA eartips)	in-ear	freeryder05
Symphonium Audio Meteor (Comply eartips)	in-ear	freeryder05
Symphonium Audio Meteor (JVC Spiral Dot eartips)	in-ear	freeryder05
Symphonium Audio Meteor (SpinFit CP145 eartips)	in-ear	freeryder05
Symphonium Audio Mirage	711 in-ear	crinacle
Symphonium Audio Titan	in-ear	Super Review
Symphonium Audio Titan	in-ear	ToneDeafMonk
Symphonium Audio Triton	711 in-ear	crinacle
Symphonium Audio Triton	in-ear	Super Review
Symphonium Audio X Elise Audio Europa	in-ear	Jaytiss
Symphonized NRG 3.0	HMS II.3 in-ear	Rtings
SymphonyEars Hexad	in-ear	Jaytiss
SymphonyEars Tetrad MK1	in-ear	ToneDeafMonk
Syun ME1 Gold	in-ear	Innerfidelity
Syun Mix1 Gold	in-ear	Innerfidelity
T+A Solitaire P	over-ear	Kuulokenurkka
T+A Solitaire P	over-ear	oratory1990
T+A Solitaire PSE	over-ear	Kuulokenurkka
T+A Solitaire PSE	over-ear	oratory1990
T+A Solitaire T (ANC on)	over-ear	Kuulokenurkka
T+A Solitaire T (passive)	over-ear	Kuulokenurkka
T-Peos Altone 200 2014	in-ear	Innerfidelity
T-Peos H-100	in-ear	Innerfidelity
T-Peos Popular	in-ear	Innerfidelity
T-Peos Rich 200	in-ear	Innerfidelity
T-Peos Spider	in-ear	Innerfidelity
T-Peos Tank	in-ear	Innerfidelity
T-Peos U200R	in-ear	Innerfidelity
TAGO STUDIO T3-02	711 in-ear	crinacle
Takstar Pro 80	over-ear	Innerfidelity
Takstar Pro 82	over-ear	oratory1990
Tanchjim 4U	in-ear	Jaytiss
Tanchjim 4U (atmophere)	in-ear	Jaytiss
Tanchjim 4U (atmophere)	in-ear	Super Review
Tanchjim 4U (monitoring)	in-ear	Jaytiss
Tanchjim 4U (monitoring)	in-ear	Super Review
Tanchjim 4U (natural)	in-ear	Jaytiss
Tanchjim 4U (natural)	in-ear	Super Review
Tanchjim 4U (pop)	in-ear	Jaytiss
Tanchjim 4U (pop)	in-ear	Super Review
Tanchjim Bunny	in-ear	Jaytiss
Tanchjim Bunny (analog)	in-ear	Super Review
Tanchjim Bunny (analog)	in-ear	ToneDeafMonk
Tanchjim Bunny (USB)	in-ear	Super Review
Tanchjim Bunny (USB)	in-ear	ToneDeafMonk
Tanchjim Cora	711 in-ear	crinacle
Tanchjim Cora	in-ear	Hi End Portable
Tanchjim Darling	711 in-ear	crinacle
Tanchjim Darling	Bruel & Kjaer 4620 in-ear	crinacle
Tanchjim Darling	GRAS RA0045 in-ear	HypetheSonics
Tanchjim Darling	in-ear	Super Review
Tanchjim Echo	711 in-ear	crinacle
Tanchjim Echo	in-ear	RikudouGoku
Tanchjim Echo	in-ear	Super Review
Tanchjim Echo (Tanchjim Echo filter)	in-ear	RikudouGoku
Tanchjim Fission (gold nozzle, atmosphere switch)	in-ear	Super Review
Tanchjim Fission (nickel nozzle, atmosphere switch)	in-ear	Super Review
Tanchjim Fission (silver nozzle, atmosphere switch)	in-ear	Super Review
Tanchjim Fission (silver nozzle, monitoring switch)	in-ear	Super Review
Tanchjim Fission (silver nozzle, natural switch)	in-ear	Super Review
Tanchjim Fission (silver nozzle, pop switch)	in-ear	Super Review
Tanchjim Fission (USB cable)	in-ear	ToneDeafMonk
Tanchjim Fission Gold	in-ear	Jaytiss
Tanchjim Hana	711 in-ear	crinacle
Tanchjim Hana	in-ear	RikudouGoku
Tanchjim Hana	in-ear	Super Review
Tanchjim Hana (AZLA Sedna Light eartips)	in-ear	Super Review
Tanchjim Hana (Final Audio Type E eartips)	in-ear	Super Review
Tanchjim HANA 2021	in-ear	Bakkwatan
Tanchjim Hana 2021	711 in-ear	crinacle
Tanchjim HANA 2021	Bruel & Kjaer 4620 in-ear	crinacle
Tanchjim HANA 2021	in-ear	Harpo
Tanchjim HANA 2021	in-ear	Jaytiss
Tanchjim Hana 2021	in-ear	Super Review
Tanchjim Kara	in-ear	Hi End Portable
Tanchjim Kara	in-ear	Jaytiss
Tanchjim Kara	in-ear	Super Review
Tanchjim Mino	in-ear	Jaytiss
Tanchjim Ola	711 in-ear	crinacle
Tanchjim Ola	Bruel & Kjaer 4620 in-ear	crinacle
Tanchjim Ola	in-ear	Filk
Tanchjim Ola	in-ear	freeryder05
Tanchjim Ola	in-ear	Harpo
Tanchjim Ola	in-ear	kr0mka
Tanchjim Ola	in-ear	Super Review
Tanchjim Ola (no filter)	in-ear	Super Review
Tanchjim One	in-ear	Fahryst
Tanchjim One	in-ear	Harpo
Tanchjim One	in-ear	ToneDeafMonk
Tanchjim ONE (3.5 mm cable)	in-ear	Super Review
Tanchjim One (USB)	in-ear	Super Review
Tanchjim One DSP	in-ear	Fahryst
Tanchjim One DSP	in-ear	kr0mka
Tanchjim Origin	in-ear	Jaytiss
Tanchjim Origin (D nozzle)	in-ear	Super Review
Tanchjim Origin (D nozzle)	in-ear	ToneDeafMonk
Tanchjim Origin (L nozzle)	in-ear	Super Review
Tanchjim Origin (L nozzle)	in-ear	ToneDeafMonk
Tanchjim Origin (S nozzle)	in-ear	Super Review
Tanchjim Origin (S nozzle)	in-ear	ToneDeafMonk
Tanchjim Oxygen	711 in-ear	crinacle
Tanchjim Oxygen	Bruel & Kjaer 4620 in-ear	crinacle
Tanchjim Oxygen	in-ear	RikudouGoku
Tanchjim Oxygen	in-ear	Super Review
Tanchjim Prism	711 in-ear	crinacle
Tanchjim Prism	Bruel & Kjaer 4620 in-ear	crinacle
Tanchjim Prism (bass eartips)	in-ear	Super Review
Tanchjim Prism (treble eartips)	in-ear	Super Review
Tanchjim Tanya	711 in-ear	crinacle
Tanchjim Tanya	Bruel & Kjaer 4620 in-ear	crinacle
Tanchjim Tanya	in-ear	Fahryst
Tanchjim Tanya	in-ear	Filk
Tanchjim Tanya	in-ear	freeryder05
Tanchjim Tanya	in-ear	Harpo
Tanchjim Tanya	in-ear	RikudouGoku
Tanchjim Tanya	in-ear	Super Review
Tanchjim Tanya DSP	in-ear	kr0mka
Tanchjim Zero	711 in-ear	crinacle
Tanchjim Zero	Bruel & Kjaer 4620 in-ear	crinacle
Tanchjim Zero	in-ear	Filk
Tanchjim Zero	in-ear	Super Review
TANGZU BaJie	in-ear	Jaytiss
TANGZU Fudu	in-ear	Harpo
TANGZU Fudu	in-ear	RikudouGoku
TANGZU Princess Chang Le	in-ear	Bakkwatan
TANGZU Princess Chang Le	in-ear	Fahryst
TANGZU Shimin Li	in-ear	Fahryst
TANGZU Wan'er 2	in-ear	Jaytiss
TANGZU Wan'er S.G	in-ear	Bakkwatan
TANGZU Wan'er S.G	711 in-ear	crinacle
TANGZU Wan'er S.G	Bruel & Kjaer 4620 in-ear	crinacle
TANGZU Wan'er S.G	in-ear	Fahryst
TANGZU Wan'er S.G	in-ear	Harpo
TANGZU Wan'er S.G	in-ear	Kazi
TANGZU Wan'er S.G	in-ear	Super Review
TANGZU x HBB XuanNv	in-ear	Jaytiss
TANGZU x HBB Zetian Wu Heyday Edition	in-ear	Bakkwatan
TANGZU x HBB Zetian Wu Heyday Edition	in-ear	Fahryst
TANGZU x HBB Zetian Wu Heyday Edition	in-ear	Super Review
TANGZU x SeeAudio Shimin Li Encounter Edition	in-ear	Bakkwatan
TANGZU Yuan Li Dark Force	in-ear	Fahryst
TANGZU YuXuanJi	in-ear	Jaytiss
TANGZU Zetian Wu	in-ear	Bakkwatan
TANGZU Zetian Wu	711 in-ear	crinacle
TANGZU Zetian Wu	in-ear	Fahryst
TANGZU Zetian Wu	in-ear	Harpo
TANGZU Zetian Wu	in-ear	Jaytiss
TANGZU Zetian Wu	in-ear	Super Review
Tansio Mirai (TSMR) X 10th Anniversary (off-off-off)	in-ear	Fahryst
Tansio Mirai (TSMR) X 10th Anniversary (off-off-on)	in-ear	Fahryst
Tansio Mirai (TSMR) X 10th Anniversary (off-on-off)	in-ear	Fahryst
Tansio Mirai (TSMR) X 10th Anniversary (off-on-on)	in-ear	Fahryst
Tansio Mirai (TSMR) X 10th Anniversary (on-off-off)	in-ear	Fahryst
Tansio Mirai (TSMR) X 10th Anniversary (on-off-on)	in-ear	Fahryst
Tansio Mirai (TSMR) X 10th Anniversary (on-on-off)	in-ear	Fahryst
Tansio Mirai (TSMR) X 10th Anniversary (on-on-on)	in-ear	Fahryst
Tansio Mirai HALO	in-ear	ToneDeafMonk
Tansio Mirai Land (off-off-off)	711 in-ear	crinacle
Tansio Mirai Land (off-off-on)	711 in-ear	crinacle
Tansio Mirai Land (off-on-off)	711 in-ear	crinacle
Tansio Mirai Land (on-off-off)	711 in-ear	crinacle
Tansio Mirai Land (on-on-on)	711 in-ear	crinacle
Tansio Mirai RGB	in-ear	ToneDeafMonk
Tansio Mirai Shock (yellow 0, brown 0)	in-ear	Super Review
Tansio Mirai Shock (yellow 0, brown 4)	in-ear	Super Review
Tansio Mirai Shock (yellow 4, brown 0)	in-ear	Super Review
Tansio Mirai Shock (yellow 4, brown 4)	in-ear	Super Review
Tansio Mirai Spark (off-on-off)	in-ear	Super Review
Tansio Mirai Spark (on-on-off)	in-ear	Super Review
Tansio Mirai Spark (on-on-on)	in-ear	Super Review
Tansio Mirai TSMR-12 (off-off-on)	711 in-ear	crinacle
Tansio Mirai TSMR-12 (off-off-on)	Bruel & Kjaer 4620 in-ear	crinacle
Tansio Mirai TSMR-12 (off-on-off)	711 in-ear	crinacle
Tansio Mirai TSMR-12 (off-on-off)	Bruel & Kjaer 4620 in-ear	crinacle
Tansio Mirai TSMR-12 (on-off-off)	711 in-ear	crinacle
Tansio Mirai TSMR-12 (on-off-off)	Bruel & Kjaer 4620 in-ear	crinacle
Tansio Mirai TSMR-12 (on-off-on)	Bruel & Kjaer 4620 in-ear	crinacle
Tansio Mirai TSMR-12 (on-on-off)	Bruel & Kjaer 4620 in-ear	crinacle
Tansio Mirai TSMR-12 (on-on-on)	711 in-ear	crinacle
Tansio Mirai TSMR-12 (on-on-on)	Bruel & Kjaer 4620 in-ear	crinacle
Tansio Mirai TSMR-3 Pro (off-off-off)	711 in-ear	crinacle
Tansio Mirai TSMR-3 Pro (off-off-on)	711 in-ear	crinacle
Tansio Mirai TSMR-3 Pro (off-on-off)	711 in-ear	crinacle
Tansio Mirai TSMR-3 Pro (off-on-on)	711 in-ear	crinacle
Tansio Mirai TSMR-3 Pro (on-off-off)	711 in-ear	crinacle
Tansio Mirai TSMR-3 Pro (on-off-on)	711 in-ear	crinacle
Tansio Mirai TSMR-3 Pro (on-on-off)	711 in-ear	crinacle
Tansio Mirai TSMR-3 Pro (on-on-on)	711 in-ear	crinacle
Tansio Mirai TSMR-4 Pro (on-on-off)	in-ear	RikudouGoku
Tansio Mirai TSMR-5 (off-off-on)	711 in-ear	crinacle
Tansio Mirai TSMR-5 (off-on-off)	711 in-ear	crinacle
Tansio Mirai TSMR-5 (on-off-off)	711 in-ear	crinacle
Tansio Mirai TSMR-5 (on-on-on)	711 in-ear	crinacle
Taobao 3 driver	711 in-ear	crinacle
Taobao 6 driver	711 in-ear	crinacle
TaoTronics SoundLiberty 79	HMS II.3 in-ear	Rtings
TaoTronics SoundLiberty 92	HMS II.3 in-ear	Rtings
TaoTronics SoundLiberty 94	HMS II.3 in-ear	Rtings
TaoTronics SoundLiberty 95	HMS II.3 earbud	Rtings
TaoTronics SoundSurge 60	HMS II.3 over-ear	Rtings
TaoTronics TT-BH041 Bluetooth Headset	HMS II.3 over-ear	Rtings
Tascam TH-02	HMS II.3 over-ear	Rtings
TCL SOCL300	in-ear	kr0mka
TDK BA200	in-ear	Innerfidelity
TDK MT300	in-ear	Innerfidelity
Teac CT-H02	over-ear	Headphone.com Legacy
Teac CT-H02	over-ear	Innerfidelity
Technics EAH-AZ100	in-ear	DHRME
Technics EAH-AZ70W	711 in-ear	crinacle
Technics EAH-AZ80	in-ear	DHRME
Technics EAH-AZ80	in-ear	Regan Cipher
Technics EAH-AZ80	Bruel & Kjaer 5128 in-ear	Rtings
Technics EAH-TZ700	in-ear	Jaytiss
Tekfusion Ecoofers	in-ear	Innerfidelity
Tekfusion Twinwoofers	in-ear	Innerfidelity
tekkusai Lucid	in-ear	Jaytiss
Teknmotion London Underground	over-ear	Innerfidelity
TempoTec IM05	in-ear	Hi End Portable
TENHZ 3BA	in-ear	Super Review
TENHZ P4 Pro	in-ear	Super Review
Teufel CAGE (active)	over-ear	Filk
Teufel CAGE (passive)	over-ear	Filk
Teufel Real Blue NC (ANC on)	over-ear	Filk
Teufel Real Blue NC (ANC on, classic EQ)	over-ear	Filk
Teufel Real Blue NC (passive)	over-ear	Filk
Teufel Real Blue Pro (ANC on)	over-ear	Filk
Teufel Real Blue Pro (passive)	over-ear	Filk
Teufel Real Z	over-ear	oratory1990
Teufel Zola (passive)	over-ear	Filk
Teufel Zola (USB)	over-ear	Filk
TForce Yuan Li	in-ear	Harpo
TForce Yuan Li	in-ear	RikudouGoku
TForce Yuan Li Dark Soul	711 in-ear	crinacle
TFZ 1S	711 in-ear	crinacle
TFZ 2S	711 in-ear	crinacle
TFZ 4S	711 in-ear	crinacle
TFZ 5S	711 in-ear	crinacle
TFZ Athena	in-ear	Hi End Portable
TFZ Balance 2M	711 in-ear	crinacle
TFZ Exclusive 1	711 in-ear	crinacle
TFZ Exclusive 3	711 in-ear	crinacle
TFZ Exclusive 5	711 in-ear	crinacle
TFZ Force King	in-ear	Hi End Portable
TFZ Force1	in-ear	Hi End Portable
TFZ King Pro	711 in-ear	crinacle
TFZ Live 1	in-ear	Hi End Portable
TFZ Live 3	in-ear	Hi End Portable
TFZ Live X	in-ear	Hi End Portable
TFZ MY LOVE 4	in-ear	Hi End Portable
TFZ My Love Edition	in-ear	RikudouGoku
TFZ MY LOVE III	in-ear	Hi End Portable
TFZ Mylove 2	711 in-ear	crinacle
TFZ No.3	711 in-ear	crinacle
TFZ No.3	in-ear	Hi End Portable
TFZ No.3	in-ear	RikudouGoku
TFZ No.3	in-ear	Super Review
TFZ S2 Pro	711 in-ear	crinacle
TFZ Secret Garden	711 in-ear	crinacle
TFZ T2 Galaxy	in-ear	oratory1990
TFZ T2 Galaxy	in-ear	Super Review
TFZ T2 Pro	in-ear	Harpo
TFZ T2 Pro	in-ear	Hi End Portable
TFZ Tequila 1	711 in-ear	crinacle
TFZ Tequila 1	in-ear	Hi End Portable
TFZ Tequila Pro	in-ear	Hi End Portable
TFZ Ti Galaxy	711 in-ear	crinacle
TFZ Warrior	Bruel & Kjaer 4620 in-ear	crinacle
TFZ x Angelears Athena	in-ear	Jaytiss
TGXear Serratus	earbud	Super Review
TGXear Sunniva	earbud	Super Review
TGXear Totem	earbud	Super Review
Thermaltake Isurus	in-ear	Innerfidelity
ThieAudio Clairvoyance	711 in-ear	crinacle
ThieAudio Clairvoyance	in-ear	Super Review
ThieAudio Clairvoyance (100 ohm resistor)	711 in-ear	crinacle
ThieAudio Elixir	711 in-ear	crinacle
ThieAudio Elixir	in-ear	Super Review
ThieAudio Excalibur	711 in-ear	crinacle
ThieAudio ghost	over-ear	Auriculares Argentina
ThieAudio ghost	over-ear	oratory1990
ThieAudio Hype 10	in-ear	Jaytiss
ThieAudio Hype 10	in-ear	ToneDeafMonk
ThieAudio Hype 2	in-ear	Bakkwatan
ThieAudio Hype 2	in-ear	Jaytiss
ThieAudio Hype 2	in-ear	Kazi
ThieAudio Hype 2	in-ear	RikudouGoku
ThieAudio Hype 2	in-ear	Super Review
ThieAudio Hype 4	in-ear	Jaytiss
ThieAudio Hype 4	in-ear	kr0mka
ThieAudio Hype 4	in-ear	Super Review
ThieAudio Legacy 2	711 in-ear	crinacle
ThieAudio Legacy 2	Bruel & Kjaer 4620 in-ear	crinacle
ThieAudio Legacy 2	in-ear	Super Review
ThieAudio Legacy 3 (CIEM, off-off)	711 in-ear	crinacle
ThieAudio Legacy 3 (CIEM, off-on)	711 in-ear	crinacle
ThieAudio Legacy 3 (CIEM, on-off)	711 in-ear	crinacle
ThieAudio Legacy 3 (CIEM, on-on)	711 in-ear	crinacle
ThieAudio Legacy 3 (off-off)	711 in-ear	crinacle
ThieAudio Legacy 3 (off-off)	Bruel & Kjaer 4620 in-ear	crinacle
ThieAudio Legacy 3 (off-on)	711 in-ear	crinacle
ThieAudio Legacy 3 (off-on)	Bruel & Kjaer 4620 in-ear	crinacle
ThieAudio Legacy 3 (on-off)	711 in-ear	crinacle
ThieAudio Legacy 3 (on-off)	Bruel & Kjaer 4620 in-ear	crinacle
ThieAudio Legacy 3 (on-on)	711 in-ear	crinacle
ThieAudio Legacy 3 (on-on)	Bruel & Kjaer 4620 in-ear	crinacle
ThieAudio Legacy 4 (off-off)	711 in-ear	crinacle
ThieAudio Legacy 4 (off-off)	in-ear	Super Review
ThieAudio Legacy 4 (off-on)	711 in-ear	crinacle
ThieAudio Legacy 4 (on-off)	711 in-ear	crinacle
ThieAudio Legacy 4 (on-on)	711 in-ear	crinacle
ThieAudio Legacy 4 (on-on)	in-ear	Super Review
ThieAudio Legacy 5	711 in-ear	crinacle
ThieAudio Legacy 5	Bruel & Kjaer 4620 in-ear	crinacle
ThieAudio Legacy 5	in-ear	Super Review
ThieAudio Legacy 9	711 in-ear	crinacle
ThieAudio Monarch	711 in-ear	crinacle
ThieAudio Monarch	in-ear	oratory1990
ThieAudio Monarch	in-ear	Super Review
ThieAudio Monarch (100 Ohm resistor)	711 in-ear	crinacle
ThieAudio Monarch (20 Ohm resistor)	711 in-ear	crinacle
ThieAudio Monarch MKII	711 in-ear	crinacle
ThieAudio Monarch MKII	Bruel & Kjaer 4620 in-ear	crinacle
ThieAudio Monarch MKII	in-ear	Harpo
ThieAudio Monarch MKII	in-ear	Jaytiss
ThieAudio Monarch MKII	in-ear	Super Review
ThieAudio Monarch MKII	in-ear	ToneDeafMonk
ThieAudio Monarch MKII (JVC Spring eartips)	in-ear	Super Review
ThieAudio Monarch MKIII	in-ear	Bakkwatan
ThieAudio Monarch MKIII	GRAS RA0045 in-ear	HypetheSonics
ThieAudio Monarch MKIII	in-ear	Jaytiss
ThieAudio Monarch MKIII	Bruel & Kjaer 5128 in-ear	Rtings
ThieAudio Monarch MKIII	in-ear	Super Review
ThieAudio Monarch MKIII	in-ear	ToneDeafMonk
ThieAudio Oracle	711 in-ear	crinacle
ThieAudio Oracle	in-ear	Jaytiss
ThieAudio Oracle	in-ear	Super Review
ThieAudio Oracle	in-ear	ToneDeafMonk
ThieAudio Oracle MKII	in-ear	Bakkwatan
ThieAudio Oracle MKII	in-ear	Harpo
ThieAudio Oracle MKII	in-ear	Jaytiss
ThieAudio Oracle MKII	in-ear	Super Review
ThieAudio Oracle MKIII	in-ear	Super Review
ThieAudio Origin	in-ear	Jaytiss
ThieAudio Origin	in-ear	Super Review
ThieAudio Prestige	Bruel & Kjaer 4620 in-ear	crinacle
ThieAudio Prestige LTD	in-ear	Bakkwatan
ThieAudio Prestige LTD	in-ear	Jaytiss
ThieAudio V16 Divinity	711 in-ear	crinacle
ThieAudio V16 Divinity	Bruel & Kjaer 4620 in-ear	crinacle
ThieAudio Valhalla	in-ear	Jaytiss
ThieAudio Voyager 14 (off-off)	711 in-ear	crinacle
ThieAudio Voyager 14 (off-on)	711 in-ear	crinacle
ThieAudio Voyager 14 (on-off)	711 in-ear	crinacle
ThieAudio Voyager 14 (on-on)	711 in-ear	crinacle
ThieAudio Voyager 3 (on-off)	in-ear	RikudouGoku
ThieAudio Wraith	GRAS 43AG-7 over-ear	crinacle
Thinksoud RAIN	in-ear	Headphone.com Legacy
Thinksound On1	over-ear	Innerfidelity
Thinksound ov21	over-ear	oratory1990
Thinksound Rain2	in-ear	Innerfidelity
Thinksound Rain3	in-ear	Super Review
Thinksound ts01	in-ear	Headphone.com Legacy
Thinksound ts01	in-ear	Innerfidelity
Thinksound ts02	in-ear	Headphone.com Legacy
Tiandirenhe TD1	711 in-ear	crinacle
Tiandirenhe TD15	in-ear	Harpo
Tiandirenhe TD19	in-ear	Harpo
Timsok TS-1024	GRAS 43AG-7 over-ear	crinacle
Timsok TS-316	in-ear	ToneDeafMonk
Tin HiFi C0	in-ear	Harpo
Tin HiFi C0	in-ear	Hi End Portable
Tin HiFi C0	in-ear	Super Review
Tin HiFi C0	in-ear	ToneDeafMonk
Tin HiFi C1	in-ear	Super Review
Tin HiFi C1	in-ear	ToneDeafMonk
Tin HiFi C2	in-ear	Hi End Portable
Tin HiFi C2	in-ear	Super Review
Tin HiFi C2 2025	in-ear	Super Review
Tin HiFi C3	in-ear	Hi End Portable
Tin HiFi C3	in-ear	Super Review
Tin HiFi C3	in-ear	ToneDeafMonk
Tin HiFi C3 MKII	in-ear	ToneDeafMonk
Tin HiFi C5	in-ear	Super Review
Tin HiFi DUDU	in-ear	Jaytiss
Tin HiFi DUDU	in-ear	ToneDeafMonk
Tin HiFi Dudu (analog)	in-ear	Super Review
Tin HiFi Dudu (USB)	in-ear	Super Review
Tin HiFi P1	711 in-ear	crinacle
Tin HiFi P1	in-ear	oratory1990
Tin HiFi P1	in-ear	RikudouGoku
Tin HiFi P1	in-ear	Super Review
Tin HiFi P1 (front vent sealed)	711 in-ear	crinacle
Tin HiFi P1 Max	711 in-ear	crinacle
Tin HiFi P1 Max	in-ear	Hi End Portable
Tin HiFi P1 Max	in-ear	Super Review
Tin HiFi P1 Max II	in-ear	Jaytiss
Tin HiFi P1 Plus	711 in-ear	crinacle
Tin HiFi P1 Plus	in-ear	RikudouGoku
Tin HiFi P1 Plus	in-ear	Super Review
Tin HiFi P2	711 in-ear	crinacle
Tin HiFi P2	Bruel & Kjaer 4620 in-ear	crinacle
Tin HiFi P2	in-ear	Hi End Portable
Tin HiFi P2 Plus Commemorative Edition	711 in-ear	crinacle
Tin HiFi T1	711 in-ear	crinacle
Tin HiFi T1	Bruel & Kjaer 4620 in-ear	crinacle
Tin HiFi T1 Plus	in-ear	Hi End Portable
Tin HiFi T2	in-ear	Auriculares Argentina
Tin HiFi T2	711 in-ear	crinacle
Tin HiFi T2	Bruel & Kjaer 4620 in-ear	crinacle
Tin HiFi T2	in-ear	oratory1990
Tin HiFi T2	HMS II.3 in-ear	Rtings
Tin HiFi T2	in-ear	Super Review
Tin HiFi T2 (foam eartips)	in-ear	oratory1990
Tin HiFi T2 (front vent mod)	in-ear	oratory1990
Tin HiFi T2 (galaxy mod)	711 in-ear	crinacle
Tin HiFi T2 DLC	Bruel & Kjaer 4620 in-ear	crinacle
Tin HiFi T2 DLC	in-ear	Fahryst
Tin HiFi T2 DLC	in-ear	Super Review
Tin HiFi T2 DLC 2022	in-ear	Hi End Portable
Tin HiFi T2 Evo	711 in-ear	crinacle
Tin HiFi T2 Evo	in-ear	Fahryst
Tin HiFi T2 Evo	in-ear	Super Review
Tin HiFi T2 MKII	in-ear	Hi End Portable
Tin HiFi T2 MKII	in-ear	Jaytiss
Tin HiFi T2 Plus	711 in-ear	crinacle
Tin HiFi T2 Plus	Bruel & Kjaer 4620 in-ear	crinacle
Tin HiFi T2 Plus	in-ear	Harpo
Tin HiFi T2 Plus	in-ear	Hi End Portable
Tin HiFi T2 Plus	in-ear	oratory1990
Tin HiFi T2 Plus	in-ear	Super Review
Tin HiFi T2 Plus (AZLA Sedna Light Short eartips)	in-ear	Super Review
Tin HiFi T2 Pro	711 in-ear	crinacle
Tin HiFi T2 Pro	in-ear	Super Review
Tin HiFi T2 Pro (Comply eartips with Waxguard)	in-ear	Super Review
Tin HiFi T2 Pro (white grill, Comply eartips with Waxguard)	in-ear	Super Review
Tin HiFi T3	711 in-ear	crinacle
Tin HiFi T3	Bruel & Kjaer 4620 in-ear	crinacle
Tin HiFi T3	in-ear	oratory1990
Tin HiFi T3	in-ear	RikudouGoku
Tin HiFi T3	HMS II.3 in-ear	Rtings
Tin HiFi T3	in-ear	Super Review
Tin HiFi T3 Plus	711 in-ear	crinacle
Tin HiFi T3 Plus	in-ear	RikudouGoku
Tin HiFi T3 Plus	in-ear	Super Review
Tin HiFi T4	711 in-ear	crinacle
Tin HiFi T4	in-ear	Hi End Portable
Tin HiFi T4	in-ear	Super Review
Tin HiFi T4 Plus	in-ear	Hi End Portable
Tin HiFi T4 Plus	in-ear	Jaytiss
Tin HiFi T4 Plus	in-ear	Kazi
Tin HiFi T4 Plus	in-ear	Super Review
Tin HiFi T5	711 in-ear	crinacle
Tin HiFi T5	in-ear	Super Review
Tin HiFi T5 (Comply eartips with Waxguard)	in-ear	Super Review
Tin HiFi T5S	in-ear	Hi End Portable
Tin HiFi T5S	in-ear	Jaytiss
Tin HiFi T5S	in-ear	Super Review
Tin HiFi T7	in-ear	Super Review
Tin HiFi Tin Buds 3	in-ear	DHRME
Tin HiFi Tin Buds 3	in-ear	Super Review
Tin HiFi TWS2000	711 in-ear	crinacle
Tingker H6	in-ear	ToneDeafMonk
Tingker TK200	in-ear	RikudouGoku
Tipsy Dunmer Pro	711 in-ear	crinacle
Tipsy Dunmer Pro 4	in-ear	Jaytiss
Tipsy Spica 260	in-ear	Jaytiss
Tipsy TTROMSO	711 in-ear	crinacle
Tipsy TTROMSO	Bruel & Kjaer 4620 in-ear	crinacle
Tipsy TTROMSO	in-ear	Harpo
TKZK Ouranos	in-ear	Fahryst
TKZK Ouranos	in-ear	Hi End Portable
Toneking TK12s	in-ear	Hi End Portable
Toneking TO200	earbud	HypetheSonics
Torque t096z (bass boost filter)	in-ear	Innerfidelity
Torque t096z (mid centric filter)	in-ear	Innerfidelity
Torque t096z (neutral filter)	in-ear	Innerfidelity
Torque t096z (treble boost filter)	in-ear	Innerfidelity
Torque t096z (U-shaped filter)	in-ear	Innerfidelity
Torque t096z (warm tilt filter)	in-ear	Innerfidelity
Torque t103z (black filter)	in-ear	Innerfidelity
Torque t103z (red filter)	in-ear	Innerfidelity
Torque t103z (yellow filter)	in-ear	Innerfidelity
Torque t402v (around-ear earpads, black vent)	over-ear	Innerfidelity
Torque t402v (around-ear earpads, blue vent)	over-ear	Innerfidelity
Torque t402v (around-ear earpads, red vent)	over-ear	Innerfidelity
Torque t402v (around-ear earpads, yellow vent)	over-ear	Innerfidelity
Torque t402v (on-ear earpads, black vent)	over-ear	Innerfidelity
Torque t402v (on-ear earpads, blue vent)	over-ear	Innerfidelity
Torque t402v (on-ear earpads, red vent)	over-ear	Innerfidelity
Torque t402v (on-ear earpads, yellow vent)	over-ear	Innerfidelity
Toshiba HR-810 Low Gain	over-ear	Innerfidelity
TOZO A1	in-ear	Super Review
TOZO NC2	HMS II.3 in-ear	Rtings
TOZO NC7	HMS II.3 in-ear	Rtings
TOZO NC9	HMS II.3 in-ear	Rtings
TOZO T10	HMS II.3 in-ear	Rtings
TOZO T12	HMS II.3 in-ear	Rtings
TOZO T6	HMS II.3 in-ear	Rtings
Tralucent Audio 1+X plus	711 in-ear	crinacle
Tralucent Audio 1Plus1.2	711 in-ear	crinacle
Tralucent Audio 1Plus2.3	711 in-ear	crinacle
Tralucent Audio 1Plus5.2	711 in-ear	crinacle
Tralucent Audio Audio 1Plus 2.2	711 in-ear	crinacle
Tranya T10	HMS II.3 in-ear	Rtings
TREBLAB X5	HMS II.3 in-ear	Rtings
TREBLAB Z2	HMS II.3 over-ear	Rtings
TREBLAB Z7 Pro	HMS II.3 over-ear	Rtings
TRI Draco	in-ear	ToneDeafMonk
TRI i ONE	in-ear	Fahryst
TRI i ONE	in-ear	Hi End Portable
TRI i3	711 in-ear	crinacle
TRI i3 MK3	in-ear	Jaytiss
TRI i3 MK3	in-ear	ToneDeafMonk
TRI i3 Pro	in-ear	Fahryst
TRI i3 Pro	in-ear	Harpo
TRI i3 Pro	in-ear	RikudouGoku
TRI i4	Bruel & Kjaer 4620 in-ear	crinacle
TRI Kai	711 in-ear	crinacle
TRI Kai	in-ear	Harpo
TRI Kai	in-ear	Hi End Portable
TRI Meteor	in-ear	Harpo
TRI Meteor	in-ear	Hi End Portable
TRI Starlight	711 in-ear	crinacle
TRI Starlight	Bruel & Kjaer 4620 in-ear	crinacle
TRI Starsea (off-off)	711 in-ear	crinacle
TRI Starsea (off-on)	711 in-ear	crinacle
TRI Starsea (on-off)	711 in-ear	crinacle
TRI Starsea (on-on)	711 in-ear	crinacle
TRI Starshine	711 in-ear	crinacle
TRI Starshine	Bruel & Kjaer 4620 in-ear	crinacle
Tripowin Cencibel	Bruel & Kjaer 4620 in-ear	crinacle
Tripowin Cencibel	in-ear	Harpo
Tripowin Cencibel	in-ear	Super Review
Tripowin H1	GRAS 43AG-7 over-ear	crinacle
Tripowin Kailua	in-ear	Harpo
Tripowin Kailua	in-ear	Hi End Portable
Tripowin Kailua	in-ear	Jaytiss
Tripowin Kailua	in-ear	Super Review
Tripowin Leá	711 in-ear	crinacle
Tripowin Leá	in-ear	Harpo
Tripowin Leá	in-ear	Super Review
Tripowin Olina	711 in-ear	crinacle
Tripowin Olina	in-ear	oratory1990
Tripowin Olina	in-ear	Super Review
Tripowin Olina (Tanchjim Tanya filter)	in-ear	Fahryst
Tripowin Olina SE	in-ear	Bakkwatan
Tripowin Olina SE	711 in-ear	crinacle
Tripowin Olina SE	in-ear	Jaytiss
Tripowin Olina SE	in-ear	Super Review
Tripowin Piccolo	in-ear	Bakkwatan
Tripowin Piccolo	in-ear	Harpo
Tripowin Piccolo	in-ear	Hi End Portable
Tripowin Piccolo	in-ear	Kazi
Tripowin Rhombus	Bruel & Kjaer 4620 in-ear	crinacle
Tripowin Rhombus	in-ear	Super Review
Tripowin TC-01	711 in-ear	crinacle
Tripowin TP10	711 in-ear	crinacle
Tripowin x 0diBi Vivace	in-ear	Filk
Tripowin x 0diBi Vivace	in-ear	Hi End Portable
Tripowin x 0diBi Vivace	in-ear	Super Review
Tripowin x HBB Mele	711 in-ear	crinacle
Tripowin x HBB Mele	in-ear	Harpo
Tripowin x HBB Mele	in-ear	Super Review
TRN Azure Dragon (Atmospheric Immersion)	in-ear	ToneDeafMonk
TRN Azure Dragon (Reference nozzle)	in-ear	ToneDeafMonk
TRN Azure Dragon (Transparency nozzle)	in-ear	ToneDeafMonk
TRN BA5	711 in-ear	crinacle
TRN BAX	711 in-ear	crinacle
TRN BAX	Bruel & Kjaer 4620 in-ear	crinacle
TRN BAX Pro (off-off-off)	in-ear	ToneDeafMonk
TRN BAX Pro (off-off-on)	in-ear	ToneDeafMonk
TRN BAX Pro (off-on-on)	in-ear	ToneDeafMonk
TRN BAX Pro (on-off-off)	in-ear	ToneDeafMonk
TRN BAX Pro (on-on-off)	in-ear	ToneDeafMonk
TRN BAX Pro (on-on-on)	in-ear	ToneDeafMonk
TRN Conch (black nozzle)	in-ear	Fahryst
TRN Conch (black nozzle)	in-ear	ToneDeafMonk
TRN Conch (blue nozzle)	in-ear	Fahryst
TRN Conch (blue nozzle)	in-ear	ToneDeafMonk
TRN Conch (red nozzle)	in-ear	Fahryst
TRN Conch (red nozzle)	in-ear	ToneDeafMonk
TRN CS4	in-ear	Fahryst
TRN IM1	in-ear	Super Review
TRN Jaws	in-ear	ToneDeafMonk
TRN Kirin (Atmospheric Immersion nozzle)	in-ear	Hi End Portable
TRN Kirin (reference nozzle)	in-ear	Hi End Portable
TRN Kirin (transparency nozzle)	in-ear	Hi End Portable
TRN Medusa	in-ear	Jaytiss
TRN Medusa	in-ear	ToneDeafMonk
TRN MT1	711 in-ear	crinacle
TRN MT3	in-ear	Harpo
TRN MT4	in-ear	ToneDeafMonk
TRN MT4 Pro	in-ear	ToneDeafMonk
TRN ORCA (off-off-off)	in-ear	ToneDeafMonk
TRN ORCA (off-off-on)	in-ear	ToneDeafMonk
TRN ORCA (off-on-on)	in-ear	ToneDeafMonk
TRN ORCA (on-off-off)	in-ear	ToneDeafMonk
TRN ORCA (on-off-on)	in-ear	ToneDeafMonk
TRN ORCA (on-on-off)	in-ear	ToneDeafMonk
TRN ORCA (on-on-on)	in-ear	ToneDeafMonk
TRN SHELL (black nozzle)	in-ear	ToneDeafMonk
TRN SHELL (green nozzle)	in-ear	ToneDeafMonk
TRN SHELL (red nozzle)	in-ear	ToneDeafMonk
TRN ST5	in-ear	Harpo
TRN TA2	711 in-ear	crinacle
TRN TA2	Bruel & Kjaer 4620 in-ear	crinacle
TRN TA3	in-ear	ToneDeafMonk
TRN TA4	in-ear	ToneDeafMonk
TRN V10 PRO	in-ear	ToneDeafMonk
TRN V20	in-ear	kr0mka
TRN V30	in-ear	Super Review
TRN V80	in-ear	Harpo
TRN V90	in-ear	Super Review
TRN V90 PRO	in-ear	ToneDeafMonk
TRN VX PRO+	in-ear	ToneDeafMonk
TRN White Tiger (black nozzle)	in-ear	ToneDeafMonk
TRN White Tiger (green nozzle)	in-ear	ToneDeafMonk
TRN White Tiger (red nozzle)	in-ear	ToneDeafMonk
TRN X7	711 in-ear	crinacle
TRN X7	Bruel & Kjaer 4620 in-ear	crinacle
Tronsmart Apollo Air	in-ear	Regan Cipher
Tronsmart Apollo Bold (ANC off)	in-ear	kr0mka
Tronsmart Apollo Bold (ANC off, classic)	in-ear	kr0mka
Tronsmart Apollo Bold (ANC off, jazz)	in-ear	kr0mka
Tronsmart Apollo Bold (ANC off, pop)	in-ear	kr0mka
Tronsmart Apollo Bold (ANC off, rock)	in-ear	kr0mka
Tronsmart Apollo Bold (ANC on)	in-ear	kr0mka
Tronsmart Apollo Bold (ANC on, classic)	in-ear	kr0mka
Tronsmart Apollo Bold (ANC on, jazz)	in-ear	kr0mka
Tronsmart Apollo Bold (ANC on, pop)	in-ear	kr0mka
Tronsmart Apollo Bold (ANC on, rock)	in-ear	kr0mka
Tronsmart Apollo Bold (classic)	in-ear	Hi End Portable
Tronsmart Apollo Bold (jazz)	in-ear	Hi End Portable
Tronsmart Apollo Bold (normal)	in-ear	Hi End Portable
Tronsmart Apollo Bold (pop)	in-ear	Hi End Portable
Tronsmart Apollo Bold (rock)	in-ear	Hi End Portable
Tronsmart Onyx Free	in-ear	kr0mka
Tronsmart Onyx Neo	in-ear	kr0mka
Tronsmart Onyx Prime	in-ear	Hi End Portable
Tronsmart Onyx Pure	in-ear	Regan Cipher
TrueFree 01	earbud	Regan Cipher
TrueFree T3	earbud	Regan Cipher
Truthear Gate	in-ear	Fahryst
Truthear Gate	in-ear	Filk
Truthear Gate	in-ear	Jaytiss
Truthear Gate	in-ear	oratory1990
Truthear Gate	in-ear	Super Review
Truthear Hexa	in-ear	Bakkwatan
Truthear Hexa	711 in-ear	crinacle
Truthear Hexa	Bruel & Kjaer 4620 in-ear	crinacle
Truthear Hexa	in-ear	Fahryst
Truthear Hexa	in-ear	Filk
Truthear Hexa	in-ear	Harpo
Truthear Hexa	GRAS RA0045 in-ear	HypetheSonics
Truthear Hexa	in-ear	Jaytiss
Truthear Hexa	in-ear	kr0mka
Truthear Hexa	in-ear	oratory1990
Truthear Hexa	Bruel & Kjaer 5128 in-ear	Rtings
Truthear Hexa	in-ear	Super Review
Truthear Hola	711 in-ear	crinacle
Truthear Hola	Bruel & Kjaer 4620 in-ear	crinacle
Truthear Hola	in-ear	Filk
Truthear Hola	in-ear	freeryder05
Truthear Hola	in-ear	Harpo
Truthear Hola	in-ear	Jaytiss
Truthear Hola	in-ear	kr0mka
Truthear Hola	in-ear	Super Review
Truthear Hola	in-ear	ToneDeafMonk
Truthear Nova	Bruel & Kjaer 4620 in-ear	crinacle
Truthear Nova	in-ear	Jaytiss
Truthear Nova	in-ear	Kazi
Truthear Nova	in-ear	oratory1990
Truthear Nova	in-ear	Regan Cipher
Truthear Nova (black double flange eartips)	in-ear	Super Review
Truthear Nova (foam eartips)	in-ear	Super Review
Truthear Nova (silicone eartips)	in-ear	Super Review
Truthear Nova (white double flange eartips)	in-ear	Super Review
Truthear Pure	in-ear	Super Review
Truthear x Crinacle Zero	711 in-ear	crinacle
Truthear x Crinacle Zero	Bruel & Kjaer 4620 in-ear	crinacle
Truthear x Crinacle Zero	in-ear	Fahryst
Truthear x Crinacle Zero	in-ear	Filk
Truthear x Crinacle Zero	in-ear	Harpo
Truthear x Crinacle Zero	in-ear	kr0mka
Truthear x Crinacle Zero	in-ear	oratory1990
Truthear x Crinacle Zero	Bruel & Kjaer 5128 in-ear	Rtings
Truthear x Crinacle Zero	in-ear	Super Review
Truthear x Crinacle Zero Blue 2	in-ear	Jaytiss
Truthear x Crinacle Zero Blue 2	in-ear	Kazi
Truthear x Crinacle Zero Blue 2 (foam eartips)	in-ear	Super Review
Truthear x Crinacle Zero Blue 2 (ohm adapter)	in-ear	Jaytiss
Truthear x Crinacle Zero Blue 2 (silicone eartips)	in-ear	Super Review
Truthear x Crinacle Zero RED	in-ear	Auriculares Argentina
Truthear x Crinacle Zero RED	in-ear	Bakkwatan
Truthear x Crinacle Zero RED	711 in-ear	crinacle
Truthear x Crinacle Zero RED	Bruel & Kjaer 4620 in-ear	crinacle
Truthear x Crinacle Zero RED	in-ear	DHRME
Truthear x Crinacle Zero RED	in-ear	Fahryst
Truthear x Crinacle Zero RED	in-ear	Filk
Truthear x Crinacle Zero RED	in-ear	freeryder05
Truthear x Crinacle Zero RED	in-ear	Harpo
Truthear x Crinacle Zero RED	in-ear	Jaytiss
Truthear x Crinacle Zero RED	in-ear	Kazi
Truthear x Crinacle Zero RED	in-ear	oratory1990
Truthear x Crinacle Zero RED	Bruel & Kjaer 5128 in-ear	Rtings
Truthear x Crinacle Zero RED	in-ear	Super Review
Truthear x Crinacle Zero RED	in-ear	ToneDeafMonk
Truthear x Crinacle Zero RED (Bass+)	in-ear	Bakkwatan
Truthear x Crinacle Zero RED (Bass+)	711 in-ear	crinacle
Truthear x Crinacle Zero RED (Bass+)	Bruel & Kjaer 4620 in-ear	crinacle
Truthear x Crinacle Zero RED (Bass+)	in-ear	Fahryst
Truthear x Crinacle Zero RED (Bass+)	in-ear	Filk
Truthear x Crinacle Zero RED (Bass+)	in-ear	Harpo
Truthear x Crinacle Zero RED (Bass+)	in-ear	Jaytiss
Truthear x Crinacle Zero RED (Bass+)	in-ear	Super Review
Truthear x Crinacle Zero RED (Bass+)	in-ear	ToneDeafMonk
Turtle Beach Atlas Air	Bruel & Kjaer 5128 over-ear	Rtings
Turtle Beach Battle Buds	HMS II.3 in-ear	Rtings
Turtle Beach Elite 800	HMS II.3 over-ear	Rtings
Turtle Beach Elite Atlas	HMS II.3 over-ear	Rtings
Turtle Beach Elite Atlas Aero	HMS II.3 over-ear	Rtings
Turtle Beach Elite Pro 2 SuperAmp	HMS II.3 over-ear	Rtings
Turtle Beach Recon 200	HMS II.3 over-ear	Rtings
Turtle Beach Recon 200 Gen 2	HMS II.3 over-ear	Rtings
Turtle Beach Recon 500	HMS II.3 over-ear	Rtings
Turtle Beach Recon 50X	HMS II.3 over-ear	Rtings
Turtle Beach Recon 70	HMS II.3 over-ear	Rtings
Turtle Beach Stealth 300	HMS II.3 over-ear	Rtings
Turtle Beach Stealth 500	Bruel & Kjaer 5128 over-ear	Rtings
Turtle Beach Stealth 600	HMS II.3 over-ear	Rtings
Turtle Beach Stealth 600 Gen 2	HMS II.3 over-ear	Rtings
Turtle Beach Stealth 600 Gen 3	Bruel & Kjaer 5128 over-ear	Rtings
Turtle Beach Stealth 700	HMS II.3 over-ear	Rtings
Turtle Beach Stealth 700 Gen 2	HMS II.3 over-ear	Rtings
Turtle Beach Stealth Pro	HMS II.3 over-ear	Rtings
TWISTURA Woodnote (gold nozzle)	in-ear	Super Review
TWISTURA Woodnote (instrumental nozzle)	in-ear	Jaytiss
TWISTURA Woodnote (silver nozzle)	in-ear	Super Review
TWISTURA Woodnote (standard nozzle)	in-ear	Jaytiss
TWISTURA Woodnote (steel nozzle)	in-ear	Super Review
TWISTURA Woodnote (vocal nozzle)	in-ear	Jaytiss
TXN Audio Dest Ti	in-ear	Kazi
TY Hi-Z HM150	earbud	HypetheSonics
TY Hi-Z HP32	earbud	HypetheSonics
UBSound Fighter	in-ear	Innerfidelity
Ucotech RE-2	in-ear	Super Review
UFOEar UFO-111	Bruel & Kjaer 4620 in-ear	crinacle
UiiSii BA-T6	in-ear	Harpo
Ultimate Ears FITS	HMS II.3 in-ear	Rtings
Ultimate Ears Live	711 in-ear	crinacle
Ultimate Ears Reference Monitor	in-ear	oratory1990
Ultimate Ears Reference Monitors	711 in-ear	crinacle
Ultimate Ears Reference Remastered	711 in-ear	crinacle
Ultimate Ears Reference Remastered	GRAS RA0045 in-ear	HypetheSonics
Ultimate Ears Reference Remastered (CIEM)	in-ear	freeryder05
Ultimate Ears Super.fi 5 Extra Bass	711 in-ear	crinacle
Ultimate Ears TF10	in-ear	Innerfidelity
Ultimate Ears TripleFi 10	711 in-ear	crinacle
Ultimate Ears UE11	711 in-ear	crinacle
Ultimate Ears UE18+ (2nd Gen)	711 in-ear	crinacle
Ultimate Ears UE18+ (3rd Gen)	711 in-ear	crinacle
Ultimate Ears UE18+ (CIEM)	711 in-ear	crinacle
Ultimate Ears UE18+ Pro	GRAS RA0045 in-ear	HypetheSonics
Ultimate Ears UE350	in-ear	Headphone.com Legacy
Ultimate Ears UE350	in-ear	Innerfidelity
Ultimate Ears UE4 Pro	711 in-ear	crinacle
Ultimate Ears UE5	711 in-ear	crinacle
Ultimate Ears UE500	in-ear	Headphone.com Legacy
Ultimate Ears UE500	in-ear	Innerfidelity
Ultimate Ears UE6	711 in-ear	crinacle
Ultimate Ears UE600	in-ear	Headphone.com Legacy
Ultimate Ears UE600	in-ear	Innerfidelity
Ultimate Ears UE7	711 in-ear	crinacle
Ultimate Ears UE700	in-ear	Headphone.com Legacy
Ultimate Ears UE700	in-ear	Innerfidelity
Ultimate Ears UE900S	711 in-ear	crinacle
Ultrasone Edition 10	over-ear	Innerfidelity
Ultrasone Edition 8	over-ear	Headphone.com Legacy
Ultrasone Edition 8	over-ear	Innerfidelity
Ultrasone Edition 8 Palladium	over-ear	Headphone.com Legacy
Ultrasone HFI-2400	over-ear	Headphone.com Legacy
Ultrasone HFI-2400	over-ear	Innerfidelity
Ultrasone HFI-450	over-ear	Headphone.com Legacy
Ultrasone HFI-450	over-ear	Innerfidelity
Ultrasone HFI-580	over-ear	Headphone.com Legacy
Ultrasone HFI-780	over-ear	Headphone.com Legacy
Ultrasone HFI-780	over-ear	Innerfidelity
Ultrasone PRO 2900	over-ear	Innerfidelity
Ultrasone PRO 550	over-ear	Innerfidelity
Ultrasone PRO 650	over-ear	Innerfidelity
Ultrasone PRO 900	over-ear	Headphone.com Legacy
Ultrasone PRO 900	over-ear	Innerfidelity
Ultrasone PROline 550	over-ear	Headphone.com Legacy
Ultrasone PROline 650	over-ear	Headphone.com Legacy
Ultrasone Signature Pro	over-ear	Headphone.com Legacy
Ultrasone Signature Pro	over-ear	Innerfidelity
Ultrasone Signature Pure	over-ear	kr0mka
Ultrasone Tribute 7	over-ear	kr0mka
Ultrasone Tribute 7	over-ear	oratory1990
Ultrasone Zino	over-ear	Headphone.com Legacy
Ultrasone Zino	over-ear	Innerfidelity
Umi Voix	in-ear	Innerfidelity
Under Armour True Wireless Flash	HMS II.3 in-ear	Rtings
Unique Melody 2HT Terminator	711 in-ear	crinacle
Unique Melody 3D Terminator	711 in-ear	crinacle
Unique Melody 3DD-Ti	711 in-ear	crinacle
Unique Melody 3DD-Ti Open	711 in-ear	crinacle
Unique Melody 3X	711 in-ear	crinacle
Unique Melody 3X	in-ear	Innerfidelity
Unique Melody Jet Black	in-ear	Jaytiss
Unique Melody Legacy	711 in-ear	crinacle
Unique Melody Macbeth Ti	711 in-ear	crinacle
Unique Melody Maestro V2	711 in-ear	crinacle
Unique Melody Martian	711 in-ear	crinacle
Unique Melody Mason V3	711 in-ear	crinacle
Unique Melody Mason V3 Ported	711 in-ear	crinacle
Unique Melody Mason V3+	711 in-ear	crinacle
Unique Melody Maven	711 in-ear	crinacle
Unique Melody Maverick II	711 in-ear	crinacle
Unique Melody Mavis 2	711 in-ear	crinacle
Unique Melody ME1	711 in-ear	crinacle
Unique Melody Merlin V2	711 in-ear	crinacle
Unique Melody MEST	711 in-ear	crinacle
Unique Melody MEST	in-ear	Super Review
Unique Melody MEST (CIEM)	711 in-ear	crinacle
Unique Melody MEST Mk2	711 in-ear	crinacle
Unique Melody MEST Mk2	in-ear	freeryder05
Unique Melody MEST Mk2	in-ear	Kazi
Unique Melody MEST Mk2	in-ear	Super Review
Unique Melody MEST Mk2	in-ear	ToneDeafMonk
Unique Melody MEST Mk2 (AZLA eartips)	in-ear	freeryder05
Unique Melody MEST Mk2 (AZLA SoundFit Xelastec eartips)	in-ear	freeryder05
Unique Melody MEST Mk2 (Moondrop Spring eartips)	in-ear	freeryder05
Unique Melody MEST Mk2 (SpinFit CP100 eartips)	in-ear	freeryder05
Unique Melody MEST mk3	in-ear	Kazi
Unique Melody MEXT	711 in-ear	crinacle
Unique Melody Mini MEST	711 in-ear	crinacle
Unique Melody Miracle V2	711 in-ear	crinacle
Unique Melody Mirage	711 in-ear	crinacle
Unique Melody Stardust	in-ear	Jaytiss
Unique Melody Stardust	in-ear	ToneDeafMonk
Unknown Custom Juno	711 in-ear	crinacle
Unknown Custom Juno (min bass)	711 in-ear	crinacle
Unknown Custom Quad 2.0	711 in-ear	crinacle
Unknown Custom UCD-2	711 in-ear	crinacle
Unknown Custom UCD-3	711 in-ear	crinacle
Urbanears Plattan	over-ear	Headphone.com Legacy
Urbanfun YBF-ISS014	Bruel & Kjaer 4620 in-ear	crinacle
Urbanfun YBF-ISS014	in-ear	RikudouGoku
V-MODA BassFit Wireless	HMS II.3 in-ear	Rtings
V-MODA Crossfade 2 Wireless	GRAS 43AG-7 over-ear	crinacle
V-MODA Crossfade 2 Wireless	HMS II.3 over-ear	Rtings
V-MODA Crossfade 3 Wireless	Bruel & Kjaer 5128 over-ear	Rtings
V-MODA Crossfade LP	over-ear	Innerfidelity
V-MODA Crossfade LP2	GRAS 43AG-7 over-ear	crinacle
V-MODA Crossfade LP2	over-ear	Innerfidelity
V-MODA Crossfade LP2	over-ear	oratory1990
V-MODA Crossfade M-100	over-ear	Headphone.com Legacy
V-MODA Crossfade M-100	over-ear	Innerfidelity
V-MODA Crossfade M-100	HMS II.3 over-ear	Rtings
V-MODA Crossfade M-80	over-ear	Headphone.com Legacy
V-MODA Crossfade M-80	over-ear	Innerfidelity
V-MODA Crossfade Wireless (wired)	over-ear	Innerfidelity
V-MODA Crossfade Wireless (wireless)	over-ear	Innerfidelity
V-MODA LP2	over-ear	Headphone.com Legacy
V-MODA M-200	over-ear	oratory1990
V-MODA V-80 True Blood	over-ear	Innerfidelity
V-MODA XS	over-ear	Headphone.com Legacy
V-MODA XS	over-ear	Innerfidelity
V-MODA Zn	in-ear	oratory1990
Valco VMK20	over-ear	oratory1990
Valco VMK20 (ANC off)	over-ear	Kuulokenurkka
Valco VMK20 (ANC on)	over-ear	Kuulokenurkka
Valco VMK20 (passive)	over-ear	Kuulokenurkka
Valco VMK20 (wired, ANC on)	over-ear	Kuulokenurkka
Valco VMK20 (wireled, power off)	over-ear	Kuulokenurkka
Valco VMK20 (wireless, ANC off)	over-ear	Kuulokenurkka
Valco VMK20 (wireless, ANC on)	over-ear	Kuulokenurkka
Valco VMK25 (ANC off)	over-ear	Kuulokenurkka
Valco VMK25 (ANC on)	over-ear	Kuulokenurkka
Valco VMK25 (passive)	over-ear	Kuulokenurkka
Valco VMK25 (wired, ANC off)	over-ear	Kuulokenurkka
Valco VMK25 (wired, ANC on)	over-ear	Kuulokenurkka
Valco VMK25 (wired, power off)	over-ear	Kuulokenurkka
Valco VMK25 (wireless, ANC off)	over-ear	Kuulokenurkka
Valco VMK25 (wireless, ANC on)	over-ear	Kuulokenurkka
Veedix Diamond String	711 in-ear	crinacle
Veedix Diamond String	Bruel & Kjaer 4620 in-ear	crinacle
Velodyne vPulse	in-ear	Innerfidelity
Vento Conductor T-500 Pro	in-ear	RikudouGoku
Venture Electronics Asura 2.0	earbud	HypetheSonics
Venture Electronics Bonus In-Ears (BIE)	711 in-ear	crinacle
Venture Electronics Bonus In-Ears (BIE)	in-ear	RikudouGoku
Venture Electronics Duke	in-ear	Innerfidelity
Venture Electronics Duke (CIEM)	711 in-ear	crinacle
Venture Electronics Grand Duke	in-ear	Kazi
Venture Electronics Monk Blood Orange	earbud	HypetheSonics
Venture Electronics Monk IE Biggie	711 in-ear	crinacle
Venture Electronics Monk IE Smalls	711 in-ear	crinacle
Venture Electronics Monk Plus	earbud	HypetheSonics
Venture Electronics Monk Plus	earbud	Innerfidelity
Venture Electronics Monk Plus	earbud	Super Review
Venture Electronics Zen	earbud	HypetheSonics
Verum One	EARS + 711 over-ear	crinacle
Verum One	over-ear	oratory1990
Verum One (leather earpads)	over-ear	oratory1990
Verum One (ZMF Ori earpads)	over-ear	oratory1990
violator73 DIY 16 BA	711 in-ear	crinacle
ViSang VS-K1	in-ear	Innerfidelity
Vision Ears Elysium	711 in-ear	crinacle
Vision Ears Elysium	GRAS RA0045 in-ear	HypetheSonics
Vision Ears Elysium	in-ear	oratory1990
Vision Ears Erlkönig	in-ear	oratory1990
Vision Ears Erlkönig 1	711 in-ear	crinacle
Vision Ears Erlkönig 2	711 in-ear	crinacle
Vision Ears Erlkönig 3	711 in-ear	crinacle
Vision Ears Erlkönig 4	711 in-ear	crinacle
Vision Ears EVE 20	711 in-ear	crinacle
Vision Ears EVE 20	GRAS RA0045 in-ear	HypetheSonics
Vision Ears EXT	711 in-ear	crinacle
Vision Ears EXT MK II	in-ear	Kazi
Vision Ears EXT MK II	in-ear	ToneDeafMonk
Vision Ears PHöNIX	GRAS RA0045 in-ear	HypetheSonics
Vision Ears VE10	in-ear	Jaytiss
Vision Ears VE2	711 in-ear	crinacle
Vision Ears VE3.2	711 in-ear	crinacle
Vision Ears VE4.2	711 in-ear	crinacle
Vision Ears VE5	711 in-ear	crinacle
Vision Ears VE6X1	711 in-ear	crinacle
Vision Ears VE6X2	711 in-ear	crinacle
Vision Ears VE7	711 in-ear	crinacle
Vision Ears VE7	in-ear	Super Review
Vision Ears VE8	711 in-ear	crinacle
Vision Ears VE8	GRAS RA0045 in-ear	HypetheSonics
Vision Ears VE8	in-ear	Super Review
Vision Ears VE8 (CIEM)	711 in-ear	crinacle
Vivo TWS 4 (ANC on, Default)	in-ear	Regan Cipher
Vivo XE800	in-ear	oratory1990
VJJB N1	in-ear	RikudouGoku
VSonic Ares	711 in-ear	crinacle
VSonic GR01	711 in-ear	crinacle
VSonic GR02 Bass Edition	in-ear	Innerfidelity
VSonic GR07	in-ear	Innerfidelity
VSonic GR07	in-ear	Super Review
VSonic GR07 Bass Edition	711 in-ear	crinacle
VSonic GR07 Bass Edition	in-ear	Innerfidelity
VSonic GR07 Bass Edition	in-ear	Super Review
VSonic GR07 Classic	711 in-ear	crinacle
VSonic GR07 Classic	in-ear	Innerfidelity
VSonic GR07 Mk2	711 in-ear	crinacle
VSonic VC1000	in-ear	Innerfidelity
VSonic VCO2	711 in-ear	crinacle
VSonic VCO2	in-ear	Innerfidelity
VSonic VS05	in-ear	Innerfidelity
VSonic VS7	711 in-ear	crinacle
VSonic VS7	Bruel & Kjaer 4620 in-ear	crinacle
VSonic VS7	in-ear	oratory1990
VSonic VS7	in-ear	Super Review
VSonic VSD1	in-ear	Innerfidelity
VSonic VSD1S	711 in-ear	crinacle
VSonic VSD1S	in-ear	Innerfidelity
VSonic VSD2S	711 in-ear	crinacle
VSonic VSD3	in-ear	Innerfidelity
VSonic VSD3S	711 in-ear	crinacle
VSonic VSD3S	in-ear	Innerfidelity
W+G T2	711 in-ear	crinacle
W+G T2	Bruel & Kjaer 4620 in-ear	crinacle
Walmart Three DOllar Buds	earbud	Innerfidelity
Warbler Prelude	711 in-ear	crinacle
Warbler Prelude (CIEM)	711 in-ear	crinacle
Warwick Acoustics Aperio	over-ear	oratory1990
Warwick Acoustics Bravura	over-ear	oratory1990
Warwick Acoustics Sonoma Model One	GRAS 43AG-7 over-ear	crinacle
Warwick Acoustics Sonoma Model One	over-ear	Innerfidelity
Warwick Acoustics Sonoma Model One	over-ear	oratory1990
Westone 4R	711 in-ear	crinacle
Westone 4R	in-ear	Headphone.com Legacy
Westone 4R	in-ear	Innerfidelity
Westone ADV Alpha	in-ear	Innerfidelity
Westone ES60 (CIEM)	711 in-ear	crinacle
Westone MACH 80	711 in-ear	crinacle
Westone Pro X50	711 in-ear	crinacle
Westone UM Pro 10	711 in-ear	crinacle
Westone UM Pro 20	711 in-ear	crinacle
Westone UM Pro 30	711 in-ear	crinacle
Westone UM Pro 50	711 in-ear	crinacle
Westone UM1	in-ear	Headphone.com Legacy
Westone UM1	in-ear	Innerfidelity
Westone UM3X	in-ear	oratory1990
Westone UM3X RC	in-ear	Headphone.com Legacy
Westone UM3X RC	in-ear	Innerfidelity
Westone W10	711 in-ear	crinacle
Westone W10	in-ear	Innerfidelity
Westone W10	in-ear	oratory1990
Westone W2	in-ear	Headphone.com Legacy
Westone W2	in-ear	Innerfidelity
Westone W20	711 in-ear	crinacle
Westone W20	in-ear	Innerfidelity
Westone W30	711 in-ear	crinacle
Westone W40	711 in-ear	crinacle
Westone W40	in-ear	Innerfidelity
Westone W40	HMS II.3 in-ear	Rtings
Westone W50	711 in-ear	crinacle
Westone W60	711 in-ear	crinacle
Westone W60	Bruel & Kjaer 5128 in-ear	HypetheSonics
Westone W60	in-ear	Innerfidelity
Westone W80	711 in-ear	crinacle
Whizzer A-HE03 Kylin	711 in-ear	crinacle
Whizzer A-HE03 Kylin	Bruel & Kjaer 4620 in-ear	crinacle
Whizzer A15	711 in-ear	crinacle
Whizzer A15 Pro	711 in-ear	crinacle
Whizzer BS1	in-ear	Harpo
Whizzer HE01	711 in-ear	crinacle
Whizzer HE01	Bruel & Kjaer 4620 in-ear	crinacle
Whizzer Kylin HE01B	in-ear	Fahryst
Whizzer Kylin HE10	in-ear	Fahryst
Wicked Audio Deuce	in-ear	Innerfidelity
Willsound MK2	earbud	Super Review
Wiss Audio On Ear Force 1 HP P244	over-ear	Innerfidelity
Woodees iESW100B	in-ear	Headphone.com Legacy
Woodees iESW100L 24K Blues	in-ear	Headphone.com Legacy
Woodees iESW101B	in-ear	Headphone.com Legacy
Woodees iESW101V Vintage	in-ear	Headphone.com Legacy
Wyze Buds	HMS II.3 in-ear	Rtings
Wyze Buds Pro	HMS II.3 in-ear	Rtings
Wyze Noise-Cancelling Headphones	HMS II.3 over-ear	Rtings
Wyze Wireless Gaming Headset	HMS II.3 over-ear	Rtings
Xbox Stereo Headset	HMS II.3 over-ear	Rtings
Xbox Wireless Headset	HMS II.3 over-ear	Rtings
Xenns Mangird Tea	in-ear	Super Review
Xenns Mangird Tea Pro 2024	in-ear	Jaytiss
Xenns Mangird Tea2	711 in-ear	crinacle
Xenns Mangird Tea2	Bruel & Kjaer 4620 in-ear	crinacle
Xenns Mangird Tea2	in-ear	Jaytiss
Xenns Mangird Tea2	in-ear	Super Review
Xenns Mangird Top	in-ear	Bakkwatan
Xenns Mangird Top	in-ear	Super Review
Xenns Mangird Top	in-ear	ToneDeafMonk
Xenns Mangird Top Pro	in-ear	Jaytiss
Xenns Mangird Top Pro	in-ear	Super Review
Xenns Mangrid Tea PRO	in-ear	ToneDeafMonk
Xenns UP	711 in-ear	crinacle
Xenns UP	Bruel & Kjaer 4620 in-ear	crinacle
Xenns UP	in-ear	Jaytiss
Xenns UP	in-ear	ToneDeafMonk
XFYRO xS2	HMS II.3 in-ear	Rtings
Xiaomi Crystal	in-ear	Innerfidelity
Xiaomi Hybrid	in-ear	Innerfidelity
Xiaomi Mi ANC	in-ear	oratory1990
Xiaomi Mi True Wireless Earbuds Basic 2	in-ear	Super Review
Xiaomi Piston 2	in-ear	Innerfidelity
Xiaomi Piston 3	in-ear	Innerfidelity
Xiaomi Piston 3 Youth Edition	in-ear	Innerfidelity
XINHS HS3 (off-off)	in-ear	Fahryst
XINHS HS3 (on-on)	in-ear	Fahryst
XINHS x Akros Erasmus (off-off)	in-ear	Fahryst
XINHS x Akros Erasmus (off-off)	in-ear	Harpo
XINHS x Akros Erasmus (off-on)	in-ear	Harpo
XINHS x Akros Erasmus (on-off)	in-ear	Harpo
XINHS x Akros Erasmus (on-on)	in-ear	Fahryst
XINHS x Akros Erasmus (on-on)	in-ear	Harpo
XK-Audio Avalon mk2	over-ear	Kuulokenurkka
XK-Audio Avalon mk2 (alternative earpads)	over-ear	Kuulokenurkka
XPG PRECOG S	over-ear	Filk
XSL X8	in-ear	ToneDeafMonk
XTZ EarPhone-12	in-ear	Innerfidelity
Yamaha EPH-100	711 in-ear	crinacle
Yamaha HP-300	GRAS 43AG-7 over-ear	crinacle
Yamaha HP-50S	GRAS 43AG-7 over-ear	crinacle
Yamaha HP1	over-ear	Innerfidelity
Yamaha HP1 (sample 1)	over-ear	Innerfidelity
Yamaha HP1 (serial number 051712)	over-ear	Innerfidelity
Yamaha HP3	over-ear	Innerfidelity
Yamaha HPH-200	over-ear	oratory1990
Yamaha HPH-MT220	over-ear	Innerfidelity
Yamaha PRO 300	over-ear	Innerfidelity
Yamaha PRO 400	over-ear	Innerfidelity
Yamaha PRO 500	over-ear	Innerfidelity
Yamaha RH5Ma	over-ear	oratory1990
Yamaha YH-100	over-ear	Innerfidelity
Yamaha YH-3	over-ear	Innerfidelity
Yamaha YH-5000SE	over-ear	oratory1990
Yamaha YH-5000SE (leather earpads)	over-ear	Kuulokenurkka
Yamaha YH-5000SE (suede earpads)	over-ear	Kuulokenurkka
Yamaha YH-5M	in-ear	Innerfidelity
Yamaha YH-E700A (ANC on)	over-ear	oratory1990
Yanyin Aladdin	711 in-ear	crinacle
Yanyin Aladdin	Bruel & Kjaer 4620 in-ear	crinacle
Yanyin Aladdin	in-ear	Hi End Portable
Yanyin Cannon II	in-ear	Jaytiss
Yanyin Canon	Bruel & Kjaer 4620 in-ear	crinacle
Yanyin Canon (off-off-off)	711 in-ear	crinacle
Yanyin Canon (off-off-off)	in-ear	ToneDeafMonk
Yanyin Canon (off-off-on)	711 in-ear	crinacle
Yanyin Canon (off-off-on)	in-ear	ToneDeafMonk
Yanyin Canon (off-on-off)	711 in-ear	crinacle
Yanyin Canon (off-on-off)	in-ear	ToneDeafMonk
Yanyin Canon (off-on-on)	in-ear	ToneDeafMonk
Yanyin Canon (on-off-off)	711 in-ear	crinacle
Yanyin Canon (on-off-off)	in-ear	ToneDeafMonk
Yanyin Canon (on-on-on)	711 in-ear	crinacle
Yanyin Canon 2 (off-off)	in-ear	ToneDeafMonk
Yanyin Canon 2 (off-on)	in-ear	ToneDeafMonk
Yanyin Canon 2 (on-off)	in-ear	ToneDeafMonk
Yanyin Canon 2 (on-on)	in-ear	ToneDeafMonk
Yanyin Canon II (off-off)	in-ear	Super Review
Yanyin Canon II (off-on)	in-ear	Super Review
Yanyin Canon II (on-off)	in-ear	Super Review
Yanyin Canon II (on-on)	in-ear	Super Review
Yanyin Canon Pro (off-off)	in-ear	Hi End Portable
Yanyin Canon Pro (off-off)	in-ear	Super Review
Yanyin Canon Pro (off-on)	in-ear	Hi End Portable
Yanyin Canon Pro (off-on)	in-ear	Super Review
Yanyin Canon Pro (on-off)	in-ear	Hi End Portable
Yanyin Canon Pro (on-off)	in-ear	Super Review
Yanyin Canon Pro (on-on)	in-ear	Hi End Portable
Yanyin Canon Pro (on-on)	in-ear	Super Review
Yanyin Carmen	in-ear	Jaytiss
Yanyin Mahina	711 in-ear	crinacle
Yanyin Mahina	in-ear	Super Review
Yanyin Moonlight	711 in-ear	crinacle
Yanyin Moonlight (2023 version)	in-ear	Bakkwatan
Yincrow RW-9	earbud	Super Review
Yincrow X6	earbud	HypetheSonics
Yincrow X6	earbud	kr0mka
Yincrow X6	earbud	Super Review
Yinfu MD51	in-ear	Super Review
Yinyoo Ash	711 in-ear	crinacle
Yinyoo ST7	in-ear	kr0mka
Yinyoo Topaz (no filter)	711 in-ear	crinacle
Yinyoo V2	in-ear	Super Review
Ylife True Wireless Earbuds	HMS II.3 in-ear	Rtings
YU9 Audio U-556	in-ear	kr0mka
Yuin G1A	over-ear	Headphone.com Legacy
Yuin G2A	over-ear	Headphone.com Legacy
Yuin PK1	earbud	Headphone.com Legacy
Yuin PK1	earbud	Innerfidelity
Yuin PK2	earbud	Headphone.com Legacy
Yuin PK2	earbud	Innerfidelity
Yutai BAS02	in-ear	Innerfidelity
ZEMPIREAUDIO ZE51B	in-ear	Jaytiss
Zero Audio Carbo Basso ZH-DX210-CB	711 in-ear	crinacle
Zero Audio Carbo Doppio ZH-BX700	711 in-ear	crinacle
Zero Audio Carbo Singolo ZH-BS150-CS	711 in-ear	crinacle
Zero Audio Carbo Tenore	711 in-ear	crinacle
Zero Audio Carbo Tenore	Bruel & Kjaer 5128 in-ear	HypetheSonics
Zero Audio Duoza ZH-DWX10	711 in-ear	crinacle
ZiiGaat Arcanis	in-ear	Jaytiss
ZiiGaat Arcanis	in-ear	Super Review
ZiiGaat Cincotres	in-ear	Harpo
ZiiGaat Cincotres	in-ear	Jaytiss
ZiiGaat Cinno	in-ear	Hi End Portable
ZiiGaat Cinno	in-ear	Jaytiss
ZiiGaat Cinno	in-ear	ToneDeafMonk
ZiiGaat Doscinco	in-ear	Harpo
ZiiGaat Doscinco	in-ear	Jaytiss
ZiiGaat Estrella	in-ear	Super Review
ZiiGaat Estrella	in-ear	ToneDeafMonk
ZiiGaat Luna	in-ear	Jaytiss
ZiiGaat Lush	in-ear	Jaytiss
ZiiGaat Lush	in-ear	Super Review
ZiiGaat Nuo	in-ear	Fahryst
ZiiGaat Nuo	in-ear	Jaytiss
ZiiGaat Nuo	in-ear	ToneDeafMonk
ZiiGaat Odyssey	in-ear	Jaytiss
ZiiGaat Odyssey	in-ear	ToneDeafMonk
ZiiGaat x Fresh Reviews Arete	in-ear	Jaytiss
ZiiGaat x Fresh Reviews Arete	in-ear	ToneDeafMonk
ZiiGaat x HBB Arcadia	in-ear	Jaytiss
ZiiGaat x HBB Jupiter	in-ear	Jaytiss
ZiiGaat x Jays Audio Estrella	in-ear	Jaytiss
Zipbuds Pro Mic	in-ear	Innerfidelity
ZMF Aeolus	EARS + 711 over-ear	crinacle
ZMF Aeolus (universal perforated earpads)	EARS + 711 over-ear	crinacle
ZMF Aeolus (universal perforated suede earpads)	GRAS 43AG-7 over-ear	crinacle
ZMF Aeolus (ZMF BE2 perforated suede earpads)	over-ear	Kuulokenurkka
ZMF Aeolus (ZMF Universe perforated leather earpads)	over-ear	Kuulokenurkka
ZMF Aeolus (ZMF Universe perforated suede earpads)	over-ear	Kuulokenurkka
ZMF Atrium (perforated lambskin BE2 earpads)	GRAS 43AG-7 over-ear	crinacle
ZMF Atrium (solid mesh, perforated lambskin earpads)	over-ear	Super Review
ZMF Atrium (solid mesh, perforated suede earpads)	over-ear	Super Review
ZMF Atrium (ZMF Auteur perforated leather earpads)	over-ear	Kuulokenurkka
ZMF Atrium (ZMF BE2 perforated suede earpads)	over-ear	Kuulokenurkka
ZMF Atrium (ZMF Universe perforated leather earpads)	over-ear	Kuulokenurkka
ZMF Atrium (ZMF Universe perforated suede earpads)	over-ear	Kuulokenurkka
ZMF Atrium Closed (ZMF Caldera thin lambskin earpads)	over-ear	kr0mka
ZMF Atticus	EARS + 711 over-ear	crinacle
ZMF Atticus	over-ear	Innerfidelity
ZMF Atticus	over-ear	oratory1990
ZMF Atticus (Eikon suede earpads)	GRAS 43AG-7 over-ear	crinacle
ZMF Atticus (ZMF Eikon suede earpads)	over-ear	Kuulokenurkka
ZMF Atticus (ZMF Ori leather earpads)	over-ear	Kuulokenurkka
ZMF Auteur (perforated lambskin Auteur earpads)	GRAS 43AG-7 over-ear	crinacle
ZMF Auteur (ZMF Auteur perforated hybrid earpads)	over-ear	Kuulokenurkka
ZMF Auteur (ZMF Auteur perforated leather earpads)	over-ear	Kuulokenurkka
ZMF Auteur (ZMF Auteur perforated suede earpads)	over-ear	Kuulokenurkka
ZMF Auteur (ZMF Eikon perforated leather earpads)	over-ear	Kuulokenurkka
ZMF Auteur (ZMF Eikon perforated suede earpads)	over-ear	Kuulokenurkka
ZMF Auteur (ZMF Universe perforated leather earpads)	over-ear	Kuulokenurkka
ZMF Auteur (ZMF Universe perforated suede earpads)	over-ear	Kuulokenurkka
ZMF Auteur Blackwood	EARS + 711 over-ear	crinacle
ZMF Auteur Blackwood (universal perforated earpads)	EARS + 711 over-ear	crinacle
ZMF Auteur Classic	over-ear	Super Review
ZMF Auteur Classic (ZMF Auteur perforated hybrid earpads)	over-ear	Kuulokenurkka
ZMF Auteur Classic (ZMF Auteur perforated lambskin earpads)	over-ear	kr0mka
ZMF Auteur Classic (ZMF Auteur perforated leather earpads)	over-ear	Kuulokenurkka
ZMF Auteur Classic (ZMF Auteur perforated suede earpads)	over-ear	Kuulokenurkka
ZMF Auteur Classic (ZMF BE2 perforated suede earpads)	over-ear	Kuulokenurkka
ZMF Auteur Classic (ZMF Caldera hybrid earpads)	over-ear	Super Review
ZMF Auteur Classic (ZMF Caldera lambskin earpads)	over-ear	Super Review
ZMF Auteur Classic (ZMF Caldera suede earpads)	over-ear	Super Review
ZMF Auteur Classic (ZMF Eikon perforated leather earpads)	over-ear	Kuulokenurkka
ZMF Auteur Classic (ZMF Eikon perforated suede earpads)	over-ear	kr0mka
ZMF Auteur Classic (ZMF Eikon perforated suede earpads)	over-ear	Kuulokenurkka
ZMF Auteur Classic (ZMF Universe perforated lambskin earpads)	over-ear	kr0mka
ZMF Auteur Classic (ZMF Universe perforated leather earpads)	over-ear	Kuulokenurkka
ZMF Auteur Classic (ZMF Universe perforated suede earpads)	over-ear	kr0mka
ZMF Auteur Classic (ZMF Universe perforated suede earpads)	over-ear	Kuulokenurkka
ZMF Auteur Cocobolo	EARS + 711 over-ear	crinacle
ZMF Auteur Teak	EARS + 711 over-ear	crinacle
ZMF Bokeh	over-ear	kr0mka
ZMF Bokeh (hybrid earpads, burst mesh)	over-ear	Kuulokenurkka
ZMF Bokeh (hybrid earpads, no mesh)	over-ear	Kuulokenurkka
ZMF Bokeh (hybrid earpads, solid mesh)	over-ear	Kuulokenurkka
ZMF Bokeh (protein earpads, burst mesh)	over-ear	Kuulokenurkka
ZMF Bokeh (protein earpads, no mesh)	over-ear	Kuulokenurkka
ZMF Bokeh (suede earpads, no mesh)	over-ear	Kuulokenurkka
ZMF Bokeh Closed (hybrid earpads, black mesh)	over-ear	Super Review
ZMF Bokeh Closed (hybrid earpads, burst mesh)	over-ear	Super Review
ZMF Bokeh Closed (hybrid earpads, green mesh)	over-ear	Super Review
ZMF Bokeh Closed (hybrid earpads, no mesh)	over-ear	Super Review
ZMF Bokeh Closed (hybrid earpads, red mesh)	over-ear	Super Review
ZMF Bokeh Closed (hybrid earpads, solid mesh)	over-ear	Super Review
ZMF Bokeh Closed (lambskin earpads, red mesh)	over-ear	Super Review
ZMF Bokeh Closed (protein earpads, burst mesh)	over-ear	Super Review
ZMF Bokeh Closed (protein earpads, red mesh)	over-ear	Super Review
ZMF Bokeh Closed (suede earpads, burst mesh)	over-ear	Super Review
ZMF Bokeh Closed (suede earpads, red mesh)	over-ear	Super Review
ZMF Bokeh S2 (suede earpads)	over-ear	kr0mka
ZMF Bokeh S2 (thin hybrid earpads)	over-ear	kr0mka
ZMF Bokeh S2 (thin protein earpads)	over-ear	kr0mka
ZMF Caldera (cowhide earpads)	over-ear	Kuulokenurkka
ZMF Caldera (lambskin earpads)	over-ear	Kuulokenurkka
ZMF Caldera (suede earpads)	over-ear	Kuulokenurkka
ZMF Caldera (thick earpads)	over-ear	Kuulokenurkka
ZMF Caldera (thin lambskin earpads)	over-ear	kr0mka
ZMF Eikon	EARS + 711 over-ear	crinacle
ZMF Eikon	over-ear	Innerfidelity
ZMF Eikon (Eikon lambskin earpads)	GRAS 43AG-7 over-ear	crinacle
ZMF Eikon (Protein earpads)	over-ear	oratory1990
ZMF Eikon (ZMF Auteur leather earpads)	over-ear	Kuulokenurkka
ZMF Eikon (ZMF Eikon leather earpads)	over-ear	Kuulokenurkka
ZMF Eikon (ZMF Eikon suede earpads)	over-ear	Kuulokenurkka
ZMF Eikon (ZMF Universe leather earpads)	over-ear	Kuulokenurkka
ZMF Verite	EARS + 711 over-ear	crinacle
ZMF Verite	over-ear	oratory1990
ZMF Verite (perforated hybid BE2 earpads)	GRAS 43AG-7 over-ear	crinacle
ZMF Verite (perforated Verite lambskin earpads)	GRAS 43AG-7 over-ear	crinacle
ZMF Verite (ZMF Auteur perforated hybrid earpads)	over-ear	Kuulokenurkka
ZMF Verite (ZMF BE2 perforated hybrid earpads)	over-ear	Kuulokenurkka
ZMF Verite (ZMF BE2 perforated leather earpads)	over-ear	Kuulokenurkka
ZMF Verite (ZMF Universe perforated leather earpads)	over-ear	Kuulokenurkka
ZMF Verite (ZMF Universe perforated suede earpads)	over-ear	Kuulokenurkka
ZMF Verite Closed	EARS + 711 over-ear	crinacle
ZMF Verite Closed (Auteur lambskin earpads)	GRAS 43AG-7 over-ear	crinacle
ZMF Verite Closed (hybrid Universe earpads)	GRAS 43AG-7 over-ear	crinacle
ZMF Verite Closed (ZMF Auteur hybrid earpads)	over-ear	Kuulokenurkka
ZMF Verite Closed (ZMF Auteur leather earpads)	over-ear	Kuulokenurkka
ZMF Verite Closed (ZMF Eikon leather earpads)	over-ear	Kuulokenurkka
ZMF Verite Closed (ZMF Eikon suede earpads)	over-ear	Kuulokenurkka
ZMF Verite Closed (ZMF Universe hybrid earpads)	over-ear	Kuulokenurkka
ZMF Verite Closed (ZMF Universe leather earpads)	over-ear	Kuulokenurkka
Zoukbox ZDY10 Bass	in-ear	Innerfidelity
Zoukbox ZLX30	in-ear	Innerfidelity
écoute Audio TH1 (ANC off, Harman curve)	over-ear	Kuulokenurkka
écoute Audio TH1 (ANC on, Harman curve)	over-ear	Kuulokenurkka
écoute Audio TH1 (passive)	over-ear	Kuulokenurkka
